mapa,indice_caso,bucket,inicio_fila,inicio_columna,destino_fila,destino_columna,costo_referencia,costo_obtenido,pasos_ruta,error_absoluto,estado,nodos_expandidos,nodos_descubiertos,max_frontera,tiempo_ms
brc100d.map,0,0,154,317,153,316,1.41421356,1.4142135623730951,1,2.3730950537981244e-09,ok,2,9,8,0.075994
brc100d.map,1,0,289,312,290,313,1.41421356,1.4142135623730951,1,2.3730950537981244e-09,ok,2,9,8,0.050101
brc100d.map,2,0,244,139,247,139,3.0,3.0,3,0.0,ok,4,15,12,0.052594
brc100d.map,3,0,210,64,207,63,3.41421356,3.414213562373095,3,2.3730950537981244e-09,ok,4,17,14,0.049425
brc100d.map,4,0,227,291,228,294,3.41421356,3.414213562373095,3,2.3730950537981244e-09,ok,4,17,14,0.049484
brc100d.map,5,0,254,240,255,242,2.41421356,2.414213562373095,2,2.3730950537981244e-09,ok,3,11,9,0.035742
brc100d.map,6,0,153,322,153,325,3.0,3.0,3,0.0,ok,4,15,12,0.046092
brc100d.map,7,0,303,163,302,161,2.41421356,2.414213562373095,2,2.3730950537981244e-09,ok,3,11,9,0.035718
brc100d.map,8,0,378,159,376,157,2.82842712,2.8284271247461903,2,4.746190107596249e-09,ok,3,9,7,0.056788
brc100d.map,9,0,275,429,274,429,1.0,1.0,1,0.0,ok,2,9,8,0.022462
brc100d.map,10,1,254,304,251,301,4.24264069,4.242640687119286,3,2.8807143337417074e-09,ok,4,18,15,0.049213
brc100d.map,11,1,182,290,188,293,7.24264069,7.242640687119285,6,2.880715221920127e-09,ok,7,30,24,0.090398
brc100d.map,12,1,184,271,182,266,5.82842712,5.82842712474619,5,4.746190107596249e-09,ok,6,23,18,0.091874
brc100d.map,13,1,214,60,215,67,7.41421356,7.414213562373095,7,2.3730946097089145e-09,ok,8,29,22,0.096551
brc100d.map,14,1,228,274,224,277,5.24264069,5.242640687119286,4,2.8807143337417074e-09,ok,5,24,20,0.065674
brc100d.map,15,1,254,220,258,219,4.41421356,4.414213562373095,4,2.3730946097089145e-09,ok,5,20,16,0.059634
brc100d.map,16,1,289,276,287,283,7.82842712,7.82842712474619,7,4.746190107596249e-09,ok,8,31,24,0.127271
brc100d.map,17,1,188,311,192,310,4.41421356,4.414213562373095,4,2.3730946097089145e-09,ok,5,20,16,0.060321
brc100d.map,18,1,219,289,212,291,7.82842712,7.82842712474619,7,4.746190107596249e-09,ok,8,31,24,0.093204
brc100d.map,19,1,286,281,280,281,6.0,6.0,6,0.0,ok,7,24,18,0.081895
brc100d.map,20,2,187,329,179,331,8.82842712,8.82842712474619,8,4.746189219417829e-09,ok,9,33,25,0.148507
brc100d.map,21,2,269,226,266,216,11.24264069,11.242640687119284,10,2.8807161100985468e-09,ok,11,42,32,0.133681
brc100d.map,22,2,343,135,351,130,10.07106781,10.071067811865476,8,1.8654748856761216e-09,ok,9,35,27,0.110664
brc100d.map,23,2,324,235,315,242,11.89949493,11.899494936611667,9,6.6116676578076294e-09,ok,10,45,36,0.127155
brc100d.map,24,2,196,362,193,354,9.24264069,9.242640687119284,8,2.8807161100985468e-09,ok,9,32,24,0.103311
brc100d.map,25,2,282,128,288,122,8.48528137,8.485281374238571,6,4.238572159920295e-09,ok,7,34,28,0.098124
brc100d.map,26,2,245,145,235,149,11.65685425,11.65685424949238,10,5.076206122112126e-10,ok,11,44,34,0.132303
brc100d.map,27,2,286,187,292,192,8.07106781,8.071067811865476,6,1.8654748856761216e-09,ok,7,34,28,0.130232
brc100d.map,28,2,178,277,171,272,9.07106781,9.071067811865476,7,1.8654748856761216e-09,ok,8,37,30,0.104704
brc100d.map,29,2,282,284,280,294,10.82842712,10.82842712474619,10,4.746189219417829e-09,ok,11,40,30,0.133648
brc100d.map,30,3,323,221,323,208,13.0,13.0,13,0.0,ok,14,45,32,0.166474
brc100d.map,31,3,268,392,261,380,14.89949493,14.899494936611667,12,6.6116676578076294e-09,ok,22,63,42,0.292113
brc100d.map,32,3,282,319,291,311,12.3137085,12.313708498984763,9,1.0152376717087463e-09,ok,10,47,38,0.131207
brc100d.map,33,3,291,228,302,234,13.48528137,13.485281374238571,11,4.238572159920295e-09,ok,12,49,38,0.156966
brc100d.map,34,3,162,339,171,331,12.3137085,12.313708498984763,9,1.0152376717087463e-09,ok,10,47,38,0.130435
brc100d.map,35,3,301,162,315,161,14.41421356,14.414213562373096,14,2.373095497887334e-09,ok,15,47,33,0.181724
brc100d.map,36,3,223,337,225,324,13.82842712,13.82842712474619,13,4.746189219417829e-09,ok,14,49,36,0.163078
brc100d.map,37,3,329,235,316,234,13.41421356,13.414213562373096,13,2.373095497887334e-09,ok,14,41,28,0.162933
brc100d.map,38,3,217,288,228,285,12.24264069,12.242640687119284,11,2.8807161100985468e-09,ok,12,40,29,0.168153
brc100d.map,39,3,273,116,277,105,12.65685425,12.65685424949238,11,5.076206122112126e-10,ok,12,40,29,0.165926
brc100d.map,40,4,198,332,197,316,17.24264069,17.242640687119284,16,2.880717886455386e-09,ok,19,52,34,0.197238
brc100d.map,41,4,316,107,321,122,19.65685425,19.656854249492383,18,5.076152831406944e-10,ok,70,111,42,0.836521
brc100d.map,42,4,320,244,311,231,16.72792206,16.72792206135786,13,1.3578578261785879e-09,ok,18,65,48,0.244008
brc100d.map,43,4,191,340,174,338,17.82842712,17.82842712474619,17,4.746190995774668e-09,ok,18,61,44,0.216182
brc100d.map,44,4,202,346,217,354,18.3137085,18.313708498984763,15,1.0152376717087463e-09,ok,21,72,52,0.271174
brc100d.map,45,4,287,227,276,214,17.55634918,17.55634918610405,13,6.104048821953256e-09,ok,28,79,52,0.332481
brc100d.map,46,4,226,101,237,114,19.3137085,19.313708498984763,16,1.0152376717087463e-09,ok,51,93,45,0.607083
brc100d.map,47,4,266,114,256,101,17.14213562,17.142135623730955,13,3.730953324065922e-09,ok,37,85,49,0.419147
brc100d.map,48,4,304,204,300,188,17.65685425,17.65685424949238,16,5.076188358543732e-10,ok,20,61,42,0.218778
brc100d.map,49,4,286,223,271,235,19.97056274,19.970562748477146,15,8.47714787255427e-09,ok,45,99,55,0.691658
brc100d.map,50,5,237,377,221,360,23.62741699,23.62741699796953,17,7.969529036699896e-09,ok,31,98,68,0.431824
brc100d.map,51,5,277,63,257,54,23.72792206,23.72792206135786,20,1.3578578261785879e-09,ok,25,80,56,0.291733
brc100d.map,52,5,236,298,241,280,20.07106781,20.071067811865476,18,1.865476662032961e-09,ok,19,66,48,0.235677
brc100d.map,53,5,236,286,215,290,22.65685425,22.65685424949238,21,5.076188358543732e-10,ok,22,77,56,0.306896
brc100d.map,54,5,288,284,306,281,20.89949493,20.899494936611667,18,6.6116676578076294e-09,ok,66,110,45,0.7566
brc100d.map,55,5,175,321,157,329,21.3137085,21.313708498984763,18,1.0152376717087463e-09,ok,39,101,63,0.54357
brc100d.map,56,5,251,276,237,292,22.97056274,22.970562748477146,18,8.47714787255427e-09,ok,53,111,59,0.651742
brc100d.map,57,5,286,204,301,193,21.3137085,21.313708498984763,18,1.0152376717087463e-09,ok,102,160,59,1.145127
brc100d.map,58,5,237,284,221,269,22.21320343,22.213203435596434,16,5.596433538812562e-09,ok,28,90,63,0.400251
brc100d.map,59,5,201,323,220,330,21.89949493,21.899494936611667,19,6.6116676578076294e-09,ok,20,77,58,0.251533
brc100d.map,60,6,308,192,330,206,27.79898987,27.798989873223338,22,3.2233380409252277e-09,ok,118,194,77,1.495121
brc100d.map,61,6,166,322,181,303,25.21320343,25.213203435596434,19,5.596433538812562e-09,ok,64,135,72,0.798722
brc100d.map,62,6,195,311,182,331,25.38477631,25.384776310850242,20,8.502425430378935e-10,ok,84,153,70,1.002133
brc100d.map,63,6,200,276,218,292,24.62741699,24.62741699796953,18,7.969529036699896e-09,ok,46,118,73,0.59069
brc100d.map,64,6,279,416,261,399,25.62741699,25.62741699796953,19,7.969529036699896e-09,ok,33,102,70,0.417578
brc100d.map,65,6,250,102,262,124,26.97056274,26.970562748477146,22,8.47714787255427e-09,ok,122,181,63,1.385313
brc100d.map,66,6,293,192,295,218,26.82842712,26.82842712474619,26,4.746190995774668e-09,ok,27,84,58,0.357034
brc100d.map,67,6,176,336,174,313,24.65685425,24.656854249492383,23,5.076152831406944e-10,ok,36,89,54,0.3927
brc100d.map,68,6,254,236,280,239,27.24264069,27.242640687119287,26,2.8807143337417074e-09,ok,39,101,63,0.526584
brc100d.map,69,6,267,156,271,130,27.65685425,27.656854249492383,26,5.076152831406944e-10,ok,39,103,65,0.458341
brc100d.map,70,7,272,128,299,138,31.14213562,31.142135623730955,27,3.730953324065922e-09,ok,152,220,69,1.706487
brc100d.map,71,7,263,263,285,280,29.04163055,29.041630560342625,22,1.034262453458723e-08,ok,72,148,77,0.843796
brc100d.map,72,7,149,268,167,271,30.07106781,30.07106781186548,28,1.86548021474664e-09,ok,212,277,66,2.288004
brc100d.map,73,7,258,349,245,375,31.38477631,31.384776310850242,26,8.502425430378935e-10,ok,143,225,83,1.791756
brc100d.map,74,7,295,218,267,226,31.3137085,31.313708498984766,28,1.0152341189950675e-09,ok,150,232,83,2.631087
brc100d.map,75,7,158,323,154,293,31.65685425,31.656854249492383,30,5.076152831406944e-10,ok,46,119,74,0.954277
brc100d.map,76,7,158,301,188,304,31.24264069,31.242640687119287,30,2.8807143337417074e-09,ok,43,113,71,0.822248
brc100d.map,77,7,217,300,239,284,28.62741699,28.62741699796953,22,7.969529036699896e-09,ok,106,184,79,2.180073
brc100d.map,78,7,166,287,181,310,29.21320343,29.213203435596434,23,5.596433538812562e-09,ok,110,187,78,2.247159
brc100d.map,79,7,168,272,158,295,31.24264069,31.242640687119287,30,2.8807143337417074e-09,ok,241,301,61,4.633132
brc100d.map,80,8,242,150,236,117,35.48528137,35.48528137423857,33,4.238565054492938e-09,ok,120,202,83,2.362984
brc100d.map,81,8,148,316,150,285,35.14213562,35.14213562373095,31,3.730953324065922e-09,ok,194,278,85,3.914822
brc100d.map,82,8,180,331,205,353,34.11269836,34.1126983722081,25,1.2208097643906513e-08,ok,47,144,98,1.288295
brc100d.map,83,8,221,346,231,377,35.14213562,35.14213562373095,31,3.730953324065922e-09,ok,48,131,84,1.044437
brc100d.map,84,8,153,323,154,289,34.41421356,34.41421356237309,34,2.3730919451736554e-09,ok,35,107,73,0.732011
brc100d.map,85,8,297,293,330,295,33.82842712,33.82842712474619,33,4.746190995774668e-09,ok,34,109,76,0.785775
brc100d.map,86,8,241,366,212,375,33.55634918,33.55634918610404,29,6.1040452692395775e-09,ok,135,207,73,2.775584
brc100d.map,87,8,205,269,216,297,32.55634918,32.55634918610405,28,6.104052374666935e-09,ok,102,185,84,2.150483
brc100d.map,88,8,262,144,231,147,32.24264069,32.242640687119284,31,2.880717886455386e-09,ok,45,116,72,0.942835
brc100d.map,89,8,292,224,318,242,33.45584412,33.45584412271572,26,2.7157156523571757e-09,ok,49,141,93,1.109309
brc100d.map,90,9,186,307,199,338,38.72792206,38.72792206135785,35,1.357854273464909e-09,ok,349,463,115,7.633135
brc100d.map,91,9,280,62,250,72,39.3137085,39.31370849898477,36,1.0152305662813887e-09,ok,163,240,78,3.469962
brc100d.map,92,9,147,311,173,337,36.76955261,36.76955262170048,26,1.170047880805214e-08,ok,27,134,108,0.713535
brc100d.map,93,9,295,243,266,224,36.87005768,36.8700576850888,29,5.0888004921034735e-09,ok,173,269,97,3.726826
brc100d.map,94,9,252,278,215,277,37.41421356,37.41421356237309,37,2.3730919451736554e-09,ok,38,116,79,0.875789
brc100d.map,95,9,236,299,212,271,37.94112549,37.94112549695428,28,6.954280706850113e-09,ok,89,194,106,1.98018
brc100d.map,96,9,156,306,146,274,36.14213562,36.14213562373095,32,3.730953324065922e-09,ok,62,149,88,1.284127
brc100d.map,97,9,210,309,174,305,37.65685425,37.65685424949238,36,5.076188358543732e-10,ok,37,122,86,0.835781
brc100d.map,98,9,259,401,252,364,39.89949493,39.89949493661167,37,6.611664105093951e-09,ok,47,137,91,1.011095
brc100d.map,99,9,155,294,187,310,38.62741699,38.627416997969526,32,7.969525483986217e-09,ok,125,238,114,2.738604
brc100d.map,100,10,294,300,288,275,40.79898987,40.798989873223334,35,3.223334488211549e-09,ok,271,367,97,4.812073
brc100d.map,101,10,263,230,299,214,42.62741699,42.627416997969505,36,7.969504167704144e-09,ok,57,160,104,0.710932
brc100d.map,102,10,263,147,295,129,40.62741699,40.627416997969526,34,7.969525483986217e-09,ok,155,256,102,1.935235
brc100d.map,103,10,175,289,195,321,40.28427124,40.284271247461895,32,7.461892437277129e-09,ok,173,282,110,2.044671
brc100d.map,104,10,330,91,311,119,42.3137085,42.31370849898477,39,1.0152305662813887e-09,ok,160,249,90,1.891284
brc100d.map,105,10,226,287,253,318,42.18376617,42.183766184073555,31,1.407355654237108e-08,ok,60,179,120,0.775767
brc100d.map,106,10,293,234,300,196,40.89949493,40.89949493661166,38,6.611656999666593e-09,ok,39,133,95,0.524833
brc100d.map,107,10,254,285,266,311,41.79898987,41.79898987322333,36,3.2233273827841913e-09,ok,155,225,71,1.768992
brc100d.map,108,10,322,86,307,119,40.97056274,40.970562748477136,36,8.477137214413233e-09,ok,99,192,94,1.133142
brc100d.map,109,10,173,297,187,333,41.79898987,41.798989873223334,36,3.223334488211549e-09,ok,37,141,105,0.47948
brc100d.map,110,11,266,126,304,148,47.11269836,47.112698372208065,38,1.2208062116769725e-08,ok,151,271,121,1.911432
brc100d.map,111,11,275,267,235,279,44.97056274,44.970562748477136,40,8.477137214413233e-09,ok,95,222,128,1.186104
brc100d.map,112,11,324,213,286,230,45.04163055,45.0416305603426,38,1.03425961128778e-08,ok,69,211,143,0.872234
brc100d.map,113,11,297,65,257,53,44.97056274,44.97056274847712,40,8.477123003558518e-09,ok,41,146,106,0.527967
brc100d.map,114,11,165,290,161,334,47.07106781,47.071067811865476,45,1.8654731093192822e-09,ok,47,147,101,0.5744
brc100d.map,115,11,314,236,272,227,46.3137085,46.31370849898476,43,1.0152376717087463e-09,ok,332,436,105,4.009676
brc100d.map,116,11,206,359,242,379,44.28427124,44.28427124746188,36,7.461878226422414e-09,ok,49,166,118,0.652434
brc100d.map,117,11,207,362,216,340,45.04163055,45.041630560342625,38,1.034262453458723e-08,ok,931,1034,104,12.472107
brc100d.map,118,11,219,281,258,263,46.45584412,46.4558441227157,39,2.7157014415024605e-09,ok,135,251,117,1.721242
brc100d.map,119,11,248,391,232,351,46.62741699,46.627416997969505,40,7.969504167704144e-09,ok,84,187,104,1.077033
brc100d.map,120,12,229,304,191,278,48.76955261,48.76955262170047,38,1.1700471702624782e-08,ok,252,364,113,3.185092
brc100d.map,121,12,256,242,298,223,49.87005768,49.870057685088796,42,5.088793386676116e-09,ok,44,162,119,0.583693
brc100d.map,122,12,243,121,211,148,49.62741699,49.62741699796951,43,7.969511273131502e-09,ok,241,354,114,2.859055
brc100d.map,123,12,142,274,165,232,51.52691193,51.52691193458117,42,4.581174550821743e-09,ok,69,176,108,1.087424
brc100d.map,124,12,205,325,162,309,49.62741699,49.6274169979695,43,7.969497062276787e-09,ok,117,236,120,2.526863
brc100d.map,125,12,332,84,374,105,50.6984848,50.698484809834966,42,9.834963066168712e-09,ok,153,272,120,3.240008
brc100d.map,126,12,194,341,208,302,48.94112549,48.941125496954264,39,6.954266495995398e-09,ok,129,254,126,2.679245
brc100d.map,127,12,253,276,214,298,48.11269836,48.11269837220808,39,1.220807632762444e-08,ok,135,252,118,2.87618
brc100d.map,128,12,228,368,220,321,50.3137085,50.31370849898474,47,1.0152589879908192e-09,ok,102,238,137,2.199481
brc100d.map,129,12,314,291,305,247,49.48528137,49.485281374238554,47,4.2385508436382224e-09,ok,341,439,99,7.337859
brc100d.map,130,13,207,55,241,80,55.28427124,55.284271247461874,47,7.461871120995056e-09,ok,705,779,92,13.732487
brc100d.map,131,13,282,113,238,134,52.6984848,52.698484809834966,44,9.834963066168712e-09,ok,154,275,122,2.412533
brc100d.map,132,13,273,283,238,300,53.89949493,53.899494936611674,51,6.611671210521308e-09,ok,484,614,131,5.765607
brc100d.map,133,13,217,151,271,154,55.24264069,55.24264068711928,54,2.8807249918827438e-09,ok,104,242,139,1.370122
brc100d.map,134,13,185,309,136,298,53.55634918,53.55634918610402,49,6.104023952957505e-09,ok,59,184,126,0.834481
brc100d.map,135,13,196,351,226,327,53.3137085,53.31370849898475,50,1.015244777136104e-09,ok,621,743,123,7.607463
brc100d.map,136,13,156,285,197,314,53.0121933,53.012193308819725,41,8.819725394459965e-09,ok,151,276,126,2.488976
brc100d.map,137,13,272,301,299,290,52.18376617,52.183766184073555,41,1.407355654237108e-08,ok,625,725,101,7.503239
brc100d.map,138,13,180,235,145,273,54.84062042,54.840620433565924,42,1.3565923495661991e-08,ok,199,346,148,2.441947
brc100d.map,139,13,314,168,281,129,52.66904755,52.66904755831211,39,8.312106558605592e-09,ok,123,257,135,1.544364
brc100d.map,140,14,211,376,260,385,59.35533905,59.355339059327335,49,9.32733712488698e-09,ok,181,310,130,2.057852
brc100d.map,141,14,274,298,228,272,58.52691193,58.52691193458118,49,4.5811816562491e-09,ok,105,210,106,1.252983
brc100d.map,142,14,154,323,155,269,59.72792206,59.72792206135783,56,1.3578329571828363e-09,ok,482,595,114,5.981667
brc100d.map,143,14,313,198,322,251,56.72792206,56.72792206135786,53,1.3578613788922667e-09,ok,57,181,125,0.967545
brc100d.map,144,14,230,335,179,320,57.21320343,57.21320343559642,51,5.596419327957847e-09,ok,58,195,138,0.787003
brc100d.map,145,14,269,105,317,105,59.35533905,59.35533905932735,49,9.327351335741696e-09,ok,286,432,147,3.623845
brc100d.map,146,14,275,404,252,355,58.52691193,58.52691193458115,49,4.58115323453967e-09,ok,68,193,126,0.824433
brc100d.map,147,14,261,401,259,343,58.82842712,58.82842712474619,58,4.746190995774668e-09,ok,60,184,125,0.734762
brc100d.map,148,14,215,367,260,344,57.11269836,57.1126983722081,48,1.2208097643906513e-08,ok,545,686,142,7.199003
brc100d.map,149,14,236,287,285,288,57.6984848,57.69848480983498,49,9.834977277023427e-09,ok,298,446,149,3.764325
brc100d.map,150,15,249,236,304,217,62.87005768,62.87005768508877,55,5.0887649649666855e-09,ok,56,204,149,0.749894
brc100d.map,151,15,259,228,302,191,60.66904755,60.66904755831211,47,8.312106558605592e-09,ok,357,497,141,4.674365
brc100d.map,152,15,265,122,232,84,62.21320343,62.21320343559641,56,5.596412222530489e-09,ok,640,806,167,7.679223
brc100d.map,153,15,251,102,220,145,61.6984848,61.698484809834966,53,9.834963066168712e-09,ok,267,399,133,3.062596
brc100d.map,154,15,281,57,219,53,63.65685425,63.656854249492376,62,5.076259412817308e-10,ok,63,188,126,0.771551
brc100d.map,155,15,187,300,158,251,61.0121933,61.01219330881972,49,8.819718289032608e-09,ok,127,273,147,1.636577
brc100d.map,156,15,213,315,241,364,60.59797974,60.59797974644663,49,6.44663344928631e-09,ok,158,294,137,2.147157
brc100d.map,157,15,313,253,280,299,62.84062042,62.8406204335659,50,1.3565902179379918e-08,ok,173,299,127,2.028437
brc100d.map,158,15,253,135,312,132,60.24264069,60.242640687119284,59,2.880717886455386e-09,ok,60,189,130,0.776196
brc100d.map,159,15,265,102,232,151,62.66904755,62.66904755831208,49,8.312078136896162e-09,ok,72,239,168,0.945807
brc100d.map,160,16,209,322,264,347,65.35533905,65.35533905932735,55,9.327351335741696e-09,ok,59,217,159,0.954691
brc100d.map,161,16,263,233,320,208,67.35533905,67.35533905932736,57,9.327365546596411e-09,ok,89,256,168,1.186815
brc100d.map,162,16,338,84,379,124,64.59797974,64.59797974644664,53,6.446640554713667e-09,ok,303,426,124,3.554029
brc100d.map,163,16,266,240,308,193,64.98275604,64.98275605729685,48,1.729685550344584e-08,ok,108,284,177,1.522513
brc100d.map,164,16,342,308,286,306,65.6984848,65.69848480983498,57,9.834977277023427e-09,ok,130,240,111,1.544152
brc100d.map,165,16,266,428,252,369,64.79898987,64.79898987322329,59,3.2232918556474033e-09,ok,66,210,145,0.884658
brc100d.map,166,16,297,223,235,213,66.14213562,66.14213562373094,62,3.730932007783849e-09,ok,286,406,121,3.209951
brc100d.map,167,16,317,289,262,263,65.76955261,65.76955262170043,55,1.1700421964633279e-08,ok,147,307,161,1.72194
brc100d.map,168,16,167,331,169,267,64.82842712,64.82842712474618,64,4.746183890347311e-09,ok,65,199,135,0.852926
brc100d.map,169,16,309,123,293,64,65.62741699,65.62741699796948,59,7.969475745994714e-09,ok,140,278,139,1.587932
brc100d.map,170,17,251,57,242,122,70.38477631,70.38477631085023,65,8.502212267558207e-10,ok,343,442,100,4.300676
brc100d.map,171,17,264,129,243,78,68.04163055,68.04163056034261,61,1.0342617429159873e-08,ok,973,1137,165,11.587942
brc100d.map,172,17,299,219,299,269,69.45584412,69.45584412271569,62,2.715694336075103e-09,ok,1395,1574,180,17.636863
brc100d.map,173,17,180,231,174,287,69.25483398,69.25483399593901,56,1.593900833540829e-08,ok,628,780,153,7.224167
brc100d.map,174,17,234,157,267,102,68.66904755,68.66904755831209,55,8.31208524232352e-09,ok,59,237,179,0.778239
brc100d.map,175,17,176,291,231,325,69.08326111,69.08326112068518,55,1.0685184292924532e-08,ok,56,239,184,0.79514
brc100d.map,176,17,285,308,346,307,70.52691193,70.52691193458116,61,4.581167445394385e-09,ok,313,409,97,3.667766
brc100d.map,177,17,211,307,253,356,69.32590179,69.32590180780448,54,1.780448144472757e-08,ok,482,644,163,6.481299
brc100d.map,178,17,298,280,269,326,68.25483398,68.254833995939,55,1.5938994124553574e-08,ok,863,1051,189,10.638596
brc100d.map,179,17,181,292,180,244,71.76955261,71.76955262170044,61,1.1700436175487994e-08,ok,911,1043,133,10.234481
brc100d.map,180,18,260,272,288,300,74.28427124,74.28427124746185,66,7.461849804712983e-09,ok,1783,1949,167,21.219292
brc100d.map,181,18,262,304,324,286,75.25483398,75.25483399593901,62,1.593900833540829e-08,ok,452,577,126,6.050833
brc100d.map,182,18,184,330,164,264,74.28427124,74.28427124746189,66,7.461892437277129e-09,ok,153,322,170,1.894365
brc100d.map,183,18,278,292,338,300,74.08326111,74.08326112068518,60,1.0685184292924532e-08,ok,338,493,156,4.012762
brc100d.map,184,18,312,296,379,311,73.21320343,73.21320343559643,67,5.596433538812562e-09,ok,69,200,132,0.798121
brc100d.map,185,18,304,93,260,114,73.62741699,73.62741699796952,67,7.96951837855886e-09,ok,347,483,137,3.61648
brc100d.map,186,18,316,229,282,269,72.72792206,72.72792206135783,69,1.3578329571828363e-09,ok,1358,1512,155,16.161451
brc100d.map,187,18,196,360,146,308,72.7106781,72.71067811865468,52,1.8654688460628677e-08,ok,75,280,206,1.056772
brc100d.map,188,18,251,112,251,64,74.04163055,74.04163056034258,67,1.0342589007450442e-08,ok,764,922,159,9.520646
brc100d.map,189,18,351,313,288,308,75.59797974,75.59797974644664,64,6.446640554713667e-09,ok,253,379,127,3.155239
brc100d.map,190,19,302,127,334,192,78.25483398,78.25483399593898,65,1.593897991369886e-08,ok,285,456,172,4.074343
brc100d.map,191,19,280,161,302,162,77.76955261,77.76955262170043,67,1.1700421964633279e-08,ok,642,765,124,6.766932
brc100d.map,192,19,309,208,237,220,76.97056274,76.97056274847714,72,8.477130108985875e-09,ok,87,258,172,1.093221
brc100d.map,193,19,296,136,351,176,77.56854248,77.56854249492375,61,1.4923742241990112e-08,ok,519,651,138,5.991736
brc100d.map,194,19,203,349,185,280,76.45584412,76.45584412271572,69,2.7157227577845333e-09,ok,125,273,149,1.468082
brc100d.map,195,19,215,334,262,390,79.56854248,79.56854249492373,63,1.4923728031135397e-08,ok,149,339,191,1.748974
brc100d.map,196,19,174,230,162,295,77.52691193,77.52691193458116,68,4.581167445394385e-09,ok,926,1051,126,10.961311
brc100d.map,197,19,287,232,328,288,77.66904755,77.6690475583121,64,8.312099453178234e-09,ok,484,627,144,5.722466
brc100d.map,198,19,295,300,327,237,76.25483398,76.254833995939,63,1.5938994124553574e-08,ok,118,269,152,1.346055
brc100d.map,199,19,283,291,307,232,78.25483398,78.25483399593902,65,1.5939022546263004e-08,ok,830,975,146,10.455784
brc100d.map,200,20,329,198,315,276,83.79898987,83.79898987322333,78,3.223334488211549e-09,ok,80,261,182,1.054093
brc100d.map,201,20,185,320,243,369,82.98275604,82.98275605729683,66,1.729682708173641e-08,ok,499,756,258,5.981196
brc100d.map,202,20,351,180,289,224,80.81118317,80.81118318204304,63,1.2043031460962084e-08,ok,255,441,187,3.245356
brc100d.map,203,20,284,321,217,319,81.08326111,81.08326112068518,67,1.0685184292924532e-08,ok,333,452,120,3.746488
brc100d.map,204,20,269,114,316,80,80.11269836,80.11269837220804,71,1.220804790591501e-08,ok,1080,1255,181,11.702894
brc100d.map,205,20,217,356,157,307,80.88225098,80.8822509939085,61,1.3908504570281366e-08,ok,428,636,209,5.524061
brc100d.map,206,20,303,125,238,101,81.97056274,81.97056274847711,77,8.477101687276445e-09,ok,1445,1610,166,18.018253
brc100d.map,207,20,182,291,216,359,82.08326111,82.08326112068515,68,1.0685155871215102e-08,ok,77,285,209,1.024148
brc100d.map,208,20,357,167,319,232,80.74011536,80.74011537017758,65,1.0177572562497517e-08,ok,205,360,156,2.248779
brc100d.map,209,20,301,234,277,286,82.66904755,82.66904755831209,69,8.31208524232352e-09,ok,1073,1296,224,12.373738
brc100d.map,210,21,319,129,361,89,85.79898987,85.7989898732233,80,3.2233060665021185e-09,ok,487,655,169,5.428349
brc100d.map,211,21,165,343,240,332,84.52691193,84.52691193458116,75,4.581167445394385e-09,ok,753,949,197,9.597702
brc100d.map,212,21,227,131,249,67,87.21320343,87.2132034355964,81,5.5964051171031315e-09,ok,424,576,153,5.487359
brc100d.map,213,21,172,298,235,349,86.46803741,86.4680374315354,67,2.1535399241656705e-08,ok,857,1056,204,11.898615
brc100d.map,214,21,302,123,237,94,87.55634918,87.55634918610401,83,6.104016847530147e-09,ok,1567,1747,181,23.932268
brc100d.map,215,21,295,142,227,104,86.32590179,86.32590180780448,71,1.780448144472757e-08,ok,1112,1296,197,15.356636
brc100d.map,216,21,281,233,330,178,85.98275604,85.98275605729685,69,1.729685550344584e-08,ok,1649,1831,183,20.900749
brc100d.map,217,21,148,308,208,370,86.85281372,86.8528137423856,62,2.238560625755781e-08,ok,69,314,246,1.024107
brc100d.map,218,21,303,191,305,156,87.56854248,87.56854249492373,71,1.4923728031135397e-08,ok,1238,1423,186,13.697589
brc100d.map,219,21,151,290,213,341,85.46803741,85.46803743153542,66,2.1535427663366136e-08,ok,784,1035,252,10.392036
brc100d.map,220,22,274,117,291,69,90.11269836,90.11269837220803,81,1.2208033695060294e-08,ok,1734,1913,180,20.654373
brc100d.map,221,22,286,195,317,163,89.76955261,89.76955262170041,79,1.1700407753778563e-08,ok,1314,1475,162,14.811557
brc100d.map,222,22,283,320,208,341,89.25483398,89.25483399593902,76,1.5939022546263004e-08,ok,908,1028,147,11.418556
brc100d.map,223,22,307,241,233,209,88.42640686,88.42640687119277,76,1.1192767601642117e-08,ok,1217,1392,196,16.37876
brc100d.map,224,22,246,72,219,144,91.87005768,91.87005768508877,84,5.0887649649666855e-09,ok,807,908,112,9.882111
brc100d.map,225,22,288,220,316,166,91.98275604,91.98275605729681,75,1.7296812870881695e-08,ok,2148,2328,181,26.73909
brc100d.map,226,22,335,297,252,279,90.45584412,90.4558441227157,83,2.715708546929818e-09,ok,305,490,186,3.850883
brc100d.map,227,22,244,379,284,306,89.56854248,89.56854249492373,73,1.4923728031135397e-08,ok,74,300,227,1.006492
brc100d.map,228,22,316,129,240,105,91.79898987,91.79898987322329,86,3.2232918556474033e-09,ok,1784,1949,195,22.796587
brc100d.map,229,22,274,145,324,85,90.32590179,90.32590180780446,75,1.780445302301814e-08,ok,830,1016,189,9.87256
brc100d.map,230,23,216,353,270,423,92.95331879,92.95331880577396,71,1.5773963468745933e-08,ok,429,654,226,5.254217
brc100d.map,231,23,188,348,276,332,95.21320343,95.21320343559638,89,5.596390906248416e-09,ok,341,518,178,4.323786
brc100d.map,232,23,236,54,304,92,94.42640686,94.42640687119278,82,1.1192781812496833e-08,ok,1045,1144,100,12.832453
brc100d.map,233,23,196,325,241,390,93.53910522,93.53910524340085,72,2.3400858140121272e-08,ok,941,1214,274,11.295984
brc100d.map,234,23,316,160,243,116,92.3969696,92.39696961966993,75,1.9669926132337423e-08,ok,881,1050,202,11.802241
brc100d.map,235,23,201,340,269,406,95.92388153,95.92388155425107,69,2.4251065156022378e-08,ok,177,437,261,2.769493
brc100d.map,236,23,293,139,315,194,95.12489166,95.12489168102778,74,2.1027773300374974e-08,ok,1260,1377,118,14.673714
brc100d.map,237,23,183,299,261,336,94.15432892,94.15432893255064,78,1.25506431913891e-08,ok,981,1121,167,12.705249
brc100d.map,238,23,372,146,325,87,95.45584412,95.45584412271566,88,2.7156659143656725e-09,ok,838,1048,211,9.722444
brc100d.map,239,23,238,333,151,317,93.62741699,93.62741699796948,87,7.969475745994714e-09,ok,102,315,214,1.332504
brc100d.map,240,24,307,98,235,62,98.52691193,98.52691193458115,89,4.58115323453967e-09,ok,421,569,149,4.748501
brc100d.map,241,24,184,278,213,363,97.0121933,97.01219330881968,85,8.819668551041104e-09,ok,348,603,256,4.489065
brc100d.map,242,24,372,93,296,129,99.6984848,99.69848480983494,91,9.834934644459281e-09,ok,657,798,142,8.093381
brc100d.map,243,24,322,286,296,200,96.76955261,96.76955262170043,86,1.1700421964633279e-08,ok,118,314,197,1.438713
brc100d.map,244,24,306,152,236,101,96.98275604,96.98275605729684,80,1.7296841292591125e-08,ok,1340,1535,196,17.055236
brc100d.map,245,24,152,254,220,320,99.43860016,99.4386001800125,75,2.0012507206956798e-08,ok,380,599,220,4.583044
brc100d.map,246,24,274,155,202,178,99.04163055,99.04163056034258,92,1.0342589007450442e-08,ok,1298,1454,157,15.848812
brc100d.map,247,24,312,293,386,337,96.32590179,96.32590180780441,81,1.7804410390453995e-08,ok,675,784,154,8.37592
brc100d.map,248,24,145,319,167,236,96.25483398,96.25483399593898,83,1.593897991369886e-08,ok,954,1210,257,11.915412
brc100d.map,249,24,166,326,258,340,97.79898987,97.79898987322329,92,3.2232918556474033e-09,ok,312,569,258,3.676013
brc100d.map,250,25,301,298,225,266,102.62741699,102.62741699796949,96,7.96948995684943e-09,ok,463,681,219,5.46902
brc100d.map,251,25,314,97,235,53,102.49747467,102.49747468305829,88,1.3058283343525545e-08,ok,277,479,203,3.278607
brc100d.map,252,25,336,87,258,128,100.84062042,100.8406204335659,88,1.3565909284807276e-08,ok,663,835,173,7.981509
brc100d.map,253,25,361,306,314,233,102.42640686,102.42640687119281,90,1.1192810234206263e-08,ok,372,557,186,4.294175
brc100d.map,254,25,319,206,278,274,101.38477631,101.3847763108502,96,8.501928050463903e-10,ok,2423,2633,211,30.951688
brc100d.map,255,25,312,266,326,176,102.18376617,102.18376618407349,91,1.4073492593524861e-08,ok,1473,1593,153,18.478881
brc100d.map,256,25,314,211,270,265,103.55634918,103.55634918610401,99,6.104016847530147e-09,ok,3158,3349,192,38.346201
brc100d.map,257,25,284,198,315,286,101.42640686,101.4264068711928,89,1.1192796023351548e-08,ok,90,327,238,1.182781
brc100d.map,258,25,342,188,255,226,103.32590179,103.32590180780446,88,1.780445302301814e-08,ok,176,408,233,2.077592
brc100d.map,259,25,267,220,323,291,102.3969696,102.39696961966993,85,1.9669926132337423e-08,ok,938,1143,206,11.51444
brc100d.map,260,26,264,233,350,186,106.05382385,106.05382386916226,87,1.9162257558491547e-08,ok,1194,1452,259,15.595085
brc100d.map,261,26,313,88,237,134,106.18376617,106.18376618407352,95,1.4073521015234292e-08,ok,394,597,204,4.700505
brc100d.map,262,26,336,93,255,95,106.74011536,106.74011537017752,91,1.0177515719078656e-08,ok,1112,1310,199,13.50615
brc100d.map,263,26,183,233,184,316,104.56854248,104.56854249492375,88,1.4923742241990112e-08,ok,711,921,211,8.554471
brc100d.map,264,26,308,187,303,136,104.7106781,104.71067811865467,84,1.865467424977396e-08,ok,1314,1464,220,15.175487
brc100d.map,265,26,253,132,276,62,104.84062042,104.8406204335659,92,1.3565909284807276e-08,ok,2457,2627,171,31.944847
brc100d.map,266,26,265,427,206,352,104.12489166,104.12489168102773,83,2.102773066781083e-08,ok,435,668,234,5.867444
brc100d.map,267,26,253,383,185,314,104.78174591,104.78174593052013,82,2.052013314823853e-08,ok,1079,1303,243,14.650958
brc100d.map,268,26,317,107,340,191,105.95331879,105.95331880577393,84,1.5773935047036503e-08,ok,572,764,193,7.268285
brc100d.map,269,26,280,94,208,158,104.95331879,104.95331880577396,83,1.5773963468745933e-08,ok,1220,1413,225,14.80628
brc100d.map,270,27,152,304,239,363,111.43860016,111.4386001800125,87,2.0012507206956798e-08,ok,724,1093,370,9.794484
brc100d.map,271,27,219,158,237,68,108.66904755,108.66904755831212,95,8.31211366403295e-09,ok,1547,1663,168,19.149334
brc100d.map,272,27,269,332,271,303,108.43860016,108.4386001800125,84,2.0012507206956798e-08,ok,1815,2036,222,20.120803
brc100d.map,273,27,323,292,229,296,108.08326111,108.08326112068518,94,1.0685184292924532e-08,ok,1387,1597,211,17.882294
brc100d.map,274,27,213,347,149,270,108.78174591,108.78174593052013,86,2.052013314823853e-08,ok,241,489,249,2.941488
brc100d.map,275,27,308,124,254,52,109.25483398,109.25483399593895,96,1.5938951491989428e-08,ok,1282,1572,291,15.371538
brc100d.map,276,27,239,85,208,170,109.11269836,109.11269837220803,100,1.2208033695060294e-08,ok,1391,1540,164,17.060348
brc100d.map,277,27,242,81,205,167,111.76955261,111.7695526217004,101,1.1700393542923848e-08,ok,1338,1479,160,23.49387
brc100d.map,278,27,284,280,264,223,111.22539673,111.22539674441609,93,1.4416087878998951e-08,ok,2060,2306,247,25.723835
brc100d.map,279,27,231,328,273,422,111.3969696,111.39696961966989,94,1.9669883499773277e-08,ok,105,378,274,2.035095
brc100d.map,280,28,257,153,226,59,115.91168823,115.91168824543136,101,1.5431368183271843e-08,ok,2318,2540,223,30.400218
brc100d.map,281,28,315,168,267,225,115.22539673,115.2253967444161,97,1.4416102089853666e-08,ok,687,899,213,8.142173
brc100d.map,282,28,269,268,260,337,114.95331879,114.95331880577392,93,1.5773920836181787e-08,ok,3407,3637,231,43.971726
brc100d.map,283,28,330,179,255,237,112.63961029,112.6396103067892,94,1.678920114045468e-08,ok,334,610,277,4.002338
brc100d.map,284,28,348,305,246,280,115.42640686,115.4264068711928,103,1.1192796023351548e-08,ok,1114,1287,182,14.188748
brc100d.map,285,28,298,305,297,205,113.66904755,113.66904755831207,100,8.312071031468804e-09,ok,785,1006,222,9.972096
brc100d.map,286,28,265,349,349,299,113.63961029,113.63961030678921,95,1.6789215351309394e-08,ok,487,664,178,6.323297
brc100d.map,287,28,317,199,278,292,115.0121933,115.01219330881968,103,8.819668551041104e-09,ok,2055,2328,274,27.483932
brc100d.map,288,28,273,57,263,102,113.32590179,113.32590180780444,98,1.7804438812163426e-08,ok,2102,2253,152,27.090562
brc100d.map,289,28,337,191,307,96,113.22539673,113.2253967444161,95,1.4416102089853666e-08,ok,821,969,149,10.832792
brc100d.map,290,29,250,345,155,292,117.53910522,117.53910524340083,96,2.3400829718411842e-08,ok,169,454,286,2.163728
brc100d.map,291,29,300,303,331,197,118.84062042,118.84062043356587,106,1.3565880863097846e-08,ok,286,507,222,3.747657
brc100d.map,292,29,292,296,261,224,118.88225098,118.88225099390847,99,1.3908476148571935e-08,ok,1894,2165,272,23.152076
brc100d.map,293,29,152,249,224,336,116.82337646,116.8233764908627,87,3.086269373397954e-08,ok,191,489,299,2.46001
brc100d.map,294,29,210,164,302,127,117.18376617,117.1837661840735,106,1.4073506804379576e-08,ok,268,539,272,3.242369
brc100d.map,295,29,287,230,301,150,118.75230865,118.75230867899722,91,2.8997220624660258e-08,ok,2874,3152,279,37.827434
brc100d.map,296,29,302,76,234,116,117.45584412,117.45584412271569,110,2.715694336075103e-09,ok,1115,1324,210,12.926409
brc100d.map,297,29,304,217,256,283,118.18376617,118.1837661840735,107,1.4073506804379576e-08,ok,2904,3182,279,38.163039
brc100d.map,298,29,320,165,352,95,119.84062042,119.84062043356592,107,1.3565923495661991e-08,ok,1456,1599,144,17.261129
brc100d.map,299,29,305,291,199,279,117.89949493,117.89949493661166,115,6.611656999666593e-09,ok,384,636,253,5.304856
brc100d.map,300,30,385,329,286,287,123.0243866,123.02438661763941,99,1.7639408156355785e-08,ok,1373,1484,224,17.857606
brc100d.map,301,30,288,207,375,140,122.36753235,122.36753236814698,100,1.8146977254218655e-08,ok,965,1262,298,12.339934
brc100d.map,302,30,325,168,318,278,122.0121933,122.0121933088197,110,8.819696972750535e-09,ok,882,1042,191,10.899495
brc100d.map,303,30,346,307,247,306,121.78174591,121.78174593052012,99,2.0520118937383813e-08,ok,1304,1518,215,16.907944
brc100d.map,304,30,287,121,366,157,121.50966797,121.50966799187796,95,2.1877966105421365e-08,ok,1870,2028,159,25.360264
brc100d.map,305,30,311,97,216,53,120.25483398,120.254833995939,107,1.5938994124553574e-08,ok,273,505,233,3.317605
brc100d.map,306,30,281,268,252,353,121.09545441,121.09545442950485,95,1.9504852843965637e-08,ok,2394,2715,322,46.280113
brc100d.map,307,30,300,304,199,351,121.05382385,121.05382386916231,102,1.9162314401910407e-08,ok,723,952,230,14.585178
brc100d.map,308,30,308,276,223,329,122.36753235,122.36753236814704,100,1.8147034097637516e-08,ok,3158,3378,240,69.966514
brc100d.map,309,30,285,198,297,302,123.05382385,123.05382386916226,104,1.9162257558491547e-08,ok,1941,2174,234,40.107822
brc100d.map,310,31,331,95,218,59,127.91168823,127.91168824543138,113,1.5431382394126558e-08,ok,308,614,307,5.66269
brc100d.map,311,31,267,216,286,307,127.92388153,127.92388155425104,101,2.4251036734312947e-08,ok,1918,2151,234,35.56867
brc100d.map,312,31,344,91,232,66,127.32590179,127.32590180780446,112,1.780445302301814e-08,ok,946,1084,154,15.415052
brc100d.map,313,31,250,135,354,92,127.66904755,127.66904755831206,114,8.312056820614089e-09,ok,1966,2185,220,30.327954
brc100d.map,314,31,370,143,305,118,127.11269836,127.11269837220803,118,1.2208033695060294e-08,ok,2005,2153,149,22.969004
brc100d.map,315,31,373,308,313,221,127.66904755,127.66904755831207,114,8.312071031468804e-09,ok,552,773,222,6.283772
brc100d.map,316,31,282,66,376,123,125.81118317,125.81118318204301,108,1.2043003039252653e-08,ok,1048,1191,153,12.45499
brc100d.map,317,31,320,217,353,133,127.61017303,127.61017305526632,104,2.526631703858584e-08,ok,2508,2675,168,29.870803
brc100d.map,318,31,261,128,201,51,124.74011536,124.74011537017755,109,1.0177544140788086e-08,ok,2008,2224,217,23.206867
brc100d.map,319,31,316,206,264,302,125.74011536,125.7401153701775,110,1.017750150822394e-08,ok,1960,2272,313,25.511674
brc100d.map,320,32,305,99,362,173,131.7106781,131.71067811865464,111,1.865464582806453e-08,ok,2009,2170,196,22.295114
brc100d.map,321,32,166,333,269,398,129.92388153,129.92388155425107,103,2.4251079366877093e-08,ok,205,536,332,2.642507
brc100d.map,322,32,297,144,311,250,130.0243866,130.02438661763944,106,1.76394223672105e-08,ok,712,902,191,8.655841
brc100d.map,323,32,286,219,377,139,131.16652222,131.16652224137033,103,2.1370340164139634e-08,ok,1044,1372,329,12.85948
brc100d.map,324,32,314,170,256,236,130.95331879,130.95331880577393,109,1.5773935047036503e-08,ok,636,894,259,7.065388
brc100d.map,325,32,332,194,354,89,130.78174591,130.78174593052015,108,2.052013314823853e-08,ok,1036,1221,186,12.203231
brc100d.map,326,32,307,229,240,300,129.63961029,129.63961030678917,111,1.6789158507890534e-08,ok,3039,3341,311,36.410867
brc100d.map,327,32,209,52,258,147,129.3969696,129.3969696196699,112,1.9669897710627993e-08,ok,1018,1210,193,11.942477
brc100d.map,328,32,323,290,220,355,130.50966797,130.50966799187796,104,2.187795189456665e-08,ok,910,1132,271,10.57455
brc100d.map,329,32,267,234,362,160,129.16652222,129.1665222413703,101,2.1370311742430204e-08,ok,1281,1617,337,16.990419
brc100d.map,330,33,309,185,265,267,135.79898987,135.7989898732233,130,3.223277644792688e-09,ok,3991,4127,253,48.624525
brc100d.map,331,33,178,327,272,417,135.37972565,135.37972567696676,101,2.6966745281242765e-08,ok,1027,1340,314,12.648687
brc100d.map,332,33,259,349,147,296,134.53910522,134.53910524340088,113,2.3400872350975988e-08,ok,2274,2503,297,27.032006
brc100d.map,333,33,356,301,240,303,135.05382385,135.05382386916227,116,1.9162285980200977e-08,ok,1316,1528,213,15.916392
brc100d.map,334,33,244,60,363,97,134.32590179,134.32590180780446,119,1.7804467233872856e-08,ok,255,483,229,2.855314
brc100d.map,335,33,259,380,148,326,133.36753235,133.367532368147,111,1.8147005675928085e-08,ok,119,450,332,1.575227
brc100d.map,336,33,168,241,209,352,133.78174591,133.7817459305202,111,2.052018999165739e-08,ok,932,1289,358,10.752623
brc100d.map,337,33,195,357,173,244,135.56854248,135.56854249492375,119,1.4923756452844827e-08,ok,3234,3439,233,41.207044
brc100d.map,338,33,320,167,279,61,133.46803741,133.46803743153538,114,2.153538503080199e-08,ok,1968,2211,244,25.240153
brc100d.map,339,33,270,301,259,239,132.29646454,132.2964645562816,112,1.628160362088238e-08,ok,4182,4440,259,51.826959
brc100d.map,340,34,228,370,311,272,138.82337646,138.8233764908627,109,3.0862707944834256e-08,ok,892,1254,363,10.719137
brc100d.map,341,34,308,229,375,120,136.75230865,136.75230867899722,109,2.8997220624660258e-08,ok,508,851,344,6.643419
brc100d.map,342,34,263,262,379,316,138.36753235,138.367532368147,116,1.8147005675928085e-08,ok,142,415,274,1.78404
brc100d.map,343,34,224,57,296,136,137.56854248,137.56854249492375,121,1.4923756452844827e-08,ok,1625,1858,234,18.478268
brc100d.map,344,34,268,287,238,338,137.12489166,137.12489168102772,116,2.1027716456956114e-08,ok,4202,4452,251,49.986733
brc100d.map,345,34,385,137,291,230,137.20815277,137.20815280171294,102,3.171294338244479e-08,ok,487,790,304,5.703674
brc100d.map,346,34,216,308,303,280,136.09545441,136.09545442950485,110,1.9504852843965637e-08,ok,1114,1379,266,13.3696
brc100d.map,347,34,259,345,368,312,136.50966797,136.509667991878,110,2.187798031627608e-08,ok,808,986,179,9.557918
brc100d.map,348,34,289,220,287,131,137.4091629,137.40916292848962,108,2.8489608894233243e-08,ok,2733,3074,342,33.417103
brc100d.map,349,34,275,403,305,287,138.36753235,138.367532368147,116,1.8147005675928085e-08,ok,357,611,255,4.357401
brc100d.map,350,35,189,320,296,291,140.12489166,140.12489168102772,119,2.1027716456956114e-08,ok,2056,2276,221,26.266571
brc100d.map,351,35,263,158,208,52,143.46803741,143.4680374315354,124,2.153541345251142e-08,ok,3153,3372,271,37.57626
brc100d.map,352,35,153,273,234,374,142.79393921,142.79393923933992,108,2.933992959697207e-08,ok,599,947,349,7.484541
brc100d.map,353,35,250,379,169,269,143.55129852,143.55129855222063,110,3.22206403780001e-08,ok,436,787,353,5.496723
brc100d.map,354,35,239,289,319,214,140.35533905,140.35533905932732,130,9.327322914032266e-09,ok,2283,2544,262,26.80789
brc100d.map,355,35,260,350,259,258,141.50966797,141.509667991878,115,2.187798031627608e-08,ok,2726,2952,234,34.284266
brc100d.map,356,35,358,309,330,198,141.46803741,141.46803743153544,122,2.153544187422085e-08,ok,958,1146,189,10.84276
brc100d.map,357,35,227,325,317,259,140.75230865,140.75230867899725,113,2.899724904636969e-08,ok,791,1099,309,8.827745
brc100d.map,358,35,339,127,301,118,140.0121933,140.01219330881975,128,8.81973960531468e-09,ok,1513,1694,184,17.268588
brc100d.map,359,35,362,89,233,61,141.42640686,141.4264068711928,129,1.1192810234206263e-08,ok,637,801,208,8.880122
brc100d.map,360,36,331,180,266,270,145.18376617,145.18376618407353,134,1.4073521015234292e-08,ok,3835,4029,205,48.393719
brc100d.map,361,36,374,155,265,146,145.13708496,145.13708498984758,112,2.9847569749108516e-08,ok,2021,2150,183,28.219576
brc100d.map,362,36,307,77,365,170,144.49747467,144.49747468305827,130,1.305826913267083e-08,ok,1936,2121,186,23.591123
brc100d.map,363,36,374,100,311,218,144.09545441,144.09545442950497,118,1.9504966530803358e-08,ok,318,630,313,3.941124
brc100d.map,364,36,316,83,329,206,144.95331879,144.95331880577396,123,1.5773963468745933e-08,ok,1831,1938,178,27.360954
brc100d.map,365,36,323,196,239,139,145.26702728,145.26702730475864,120,2.4758634253885248e-08,ok,2425,2638,214,34.793087
brc100d.map,366,36,253,119,325,220,147.99494934,147.99494936611654,119,2.611653826534166e-08,ok,2670,2859,250,46.7407
brc100d.map,367,36,388,323,265,268,145.78174591,145.78174593052012,123,2.0520104726529098e-08,ok,160,460,301,3.345169
brc100d.map,368,36,238,156,353,177,144.99494934,144.99494936611654,116,2.611653826534166e-08,ok,1695,1904,253,33.826766
brc100d.map,369,36,370,121,314,241,144.85281372,144.85281374238556,120,2.2385563624993665e-08,ok,207,515,309,2.552736
brc100d.map,370,37,240,363,356,303,150.16652222,150.16652224137036,122,2.1370368585849064e-08,ok,1390,1606,217,24.257476
brc100d.map,371,37,270,275,394,336,149.85281372,149.85281374238573,125,2.2385734155250248e-08,ok,1192,1415,272,18.540686
brc100d.map,372,37,210,54,309,121,149.0121933,149.0121933088197,137,8.81968276189582e-09,ok,1745,1914,174,22.363872
brc100d.map,373,37,209,165,270,61,150.15432892,150.1543289325507,134,1.2550685823953245e-08,ok,2892,3105,220,36.679847
brc100d.map,374,37,301,286,186,319,150.61017303,150.61017305526633,127,2.5266331249440555e-08,ok,4071,4418,348,57.744604
brc100d.map,375,37,248,309,324,202,151.95331879,151.95331880577396,130,1.5773963468745933e-08,ok,2411,2744,334,42.198442
brc100d.map,376,37,382,115,323,242,151.43860016,151.43860018001246,127,2.0012464574392652e-08,ok,513,787,275,6.099626
brc100d.map,377,37,246,353,319,247,149.4091629,149.40916292848965,120,2.8489637315942673e-08,ok,411,750,354,4.772538
brc100d.map,378,37,299,238,206,287,150.91168823,150.91168824543146,136,1.5431453448400134e-08,ok,3673,4025,377,45.6091
brc100d.map,379,37,326,207,237,150,151.82337646,151.82337649086276,122,3.0862764788253116e-08,ok,3582,3845,265,44.278934
brc100d.map,380,38,376,124,261,52,153.61017303,153.61017305526636,130,2.5266359671149985e-08,ok,966,1246,340,17.976191
brc100d.map,381,38,168,277,259,395,155.69343414,155.69343417595164,118,3.5951643440057524e-08,ok,1562,1933,373,22.04838
brc100d.map,382,38,308,215,221,288,155.59797974,155.5979797464467,144,6.446697398132528e-09,ok,4669,4980,313,62.389959
brc100d.map,383,38,162,313,288,305,153.29646454,153.2964645562817,133,1.62817173077201e-08,ok,3351,3612,262,55.57944
brc100d.map,384,38,226,350,309,250,153.75230865,153.75230867899725,126,2.899724904636969e-08,ok,2233,2442,302,32.939432
brc100d.map,385,38,340,305,248,389,154.16652222,154.16652224137033,126,2.1370340164139634e-08,ok,557,886,330,9.940751
brc100d.map,386,38,371,312,288,206,152.68124084,152.6812408671318,127,2.7131818569614552e-08,ok,765,1073,309,11.697265
brc100d.map,387,38,274,402,153,324,153.30865784,153.30865786510125,121,2.5101257961068768e-08,ok,161,547,387,2.439623
brc100d.map,388,38,257,279,230,336,152.81118317,152.81118318204298,135,1.2042988828397938e-08,ok,4821,5010,196,84.689013
brc100d.map,389,38,357,173,235,108,155.06601715,155.06601717798208,124,2.7982082428934518e-08,ok,1399,1651,275,28.757486
brc100d.map,390,39,283,187,273,119,158.30865784,158.30865786510148,126,2.510148533474421e-08,ok,2037,2394,358,36.147826
brc100d.map,391,39,373,310,264,228,156.43860016,156.4386001800125,132,2.0012492996102083e-08,ok,1608,1845,238,22.501937
brc100d.map,392,39,310,189,244,146,157.89444427,157.8944443027283,126,3.2728280530136544e-08,ok,3619,3882,274,64.98196
brc100d.map,393,39,265,89,317,191,156.55129852,156.55129855222066,123,3.222066879970953e-08,ok,4092,4210,292,55.634157
brc100d.map,394,39,238,383,347,298,156.4091629,156.40916292848965,127,2.8489637315942673e-08,ok,1625,1885,261,23.439574
brc100d.map,395,39,257,404,141,317,157.30865784,157.30865786510125,125,2.5101257961068768e-08,ok,301,723,423,4.230336
brc100d.map,396,39,244,363,254,279,158.0243866,158.0243866176394,134,1.763939394550107e-08,ok,5375,5617,243,68.608184
brc100d.map,397,39,221,282,286,218,159.22539673,159.22539674441632,141,1.4416315252674394e-08,ok,4449,4657,209,54.105139
brc100d.map,398,39,311,228,263,109,157.1076477,157.10764773832483,119,3.832482775578683e-08,ok,2570,2942,373,33.246489
brc100d.map,399,39,275,220,314,123,158.16652222,158.16652224137044,130,2.1370453850977356e-08,ok,3715,3949,238,44.78716
brc100d.map,400,40,147,268,255,372,163.96551208,163.9655121145937,130,3.459371100689168e-08,ok,2348,2802,475,30.308221
brc100d.map,401,40,257,408,288,282,163.7106781,163.7106781186547,143,1.8654702671483392e-08,ok,3415,3574,235,43.359978
brc100d.map,402,40,261,258,230,327,162.99494934,162.9949493661166,134,2.611659510876052e-08,ok,5263,5382,186,67.456753
brc100d.map,403,40,308,240,238,360,160.4091629,160.4091629284897,131,2.8489694159361534e-08,ok,2472,2744,411,32.058137
brc100d.map,404,40,330,238,256,369,161.65180359,161.651803615609,131,2.5609011800042936e-08,ok,505,781,333,6.201685
brc100d.map,405,40,263,316,233,337,160.48023071,160.48023074035513,129,3.035512463611667e-08,ok,4543,4781,239,52.090046
brc100d.map,406,40,288,286,305,164,161.61017303,161.61017305526653,138,2.5266530201406567e-08,ok,4610,4841,232,60.489109
brc100d.map,407,40,315,289,269,427,162.61017303,162.61017305526633,139,2.5266331249440555e-08,ok,766,1004,239,9.329812
brc100d.map,408,40,254,234,250,309,163.26702728,163.26702730475878,138,2.47587763624324e-08,ok,3212,3458,261,37.200402
brc100d.map,409,40,308,269,298,134,161.61017303,161.61017305526647,138,2.5266473357987707e-08,ok,3508,3712,221,44.738759
brc100d.map,410,41,305,240,314,105,164.4091629,164.40916292848976,135,2.8489751002780395e-08,ok,3617,3851,235,47.195768
brc100d.map,411,41,285,306,154,297,165.09545441,165.09545442950485,139,1.9504852843965637e-08,ok,610,900,291,7.098303
brc100d.map,412,41,245,343,179,224,165.93607483,165.936074863071,127,3.3071017924157786e-08,ok,2679,2928,250,33.532567
brc100d.map,413,41,316,238,253,124,167.65180359,167.651803615609,137,2.5609011800042936e-08,ok,4082,4355,274,50.28781
brc100d.map,414,41,357,131,263,108,165.81118317,165.81118318204312,148,1.204313093694509e-08,ok,2317,2500,184,28.186264
brc100d.map,415,41,322,251,271,391,167.75230865,167.75230867899734,140,2.899733431149798e-08,ok,1885,2086,264,23.539342
brc100d.map,416,41,255,136,317,241,165.75230865,165.75230867899728,138,2.899727746807912e-08,ok,3030,3282,269,37.441727
brc100d.map,417,41,378,141,262,109,165.4213562,165.42135623730965,124,3.730966113835166e-08,ok,2414,2820,407,29.989923
brc100d.map,418,41,260,110,291,187,165.86500702,165.86500705120545,129,3.12054453388555e-08,ok,5605,5766,190,67.770381
brc100d.map,419,41,288,201,255,145,164.33809509,164.33809511662426,137,2.6624263682606397e-08,ok,4640,4809,235,53.376144
brc100d.map,420,42,318,166,270,294,169.68124084,169.68124086713203,144,2.7132045943289995e-08,ok,3037,3284,248,41.583858
brc100d.map,421,42,228,352,312,230,170.16652222,170.16652224137036,142,2.1370368585849064e-08,ok,1792,2109,318,22.363825
brc100d.map,422,42,283,267,306,150,169.78174591,169.78174593052043,147,2.0520417365332833e-08,ok,4016,4289,274,50.853972
brc100d.map,423,42,293,118,268,221,169.33809509,169.33809511662412,142,2.6624121574059245e-08,ok,4306,4601,296,53.905041
brc100d.map,424,42,394,337,264,313,168.69343414,168.69343417595184,131,3.5951842392023536e-08,ok,1961,2115,155,25.490288
brc100d.map,425,42,284,294,364,159,170.48023071,170.48023074035547,139,3.0355465696629835e-08,ok,1384,1655,272,17.409003
brc100d.map,426,42,269,272,231,201,169.7106781,169.71067811865476,149,1.8654759514902253e-08,ok,5600,5896,347,70.629245
brc100d.map,427,42,302,295,166,302,169.06601715,169.06601717798202,138,2.7982025585515657e-08,ok,3941,4414,474,52.701501
brc100d.map,428,42,135,305,268,398,171.52186127,171.52186130069794,133,3.0697947295266204e-08,ok,2725,3171,564,36.413959
brc100d.map,429,42,335,177,208,168,170.50966797,170.50966799187802,144,2.187800873798551e-08,ok,4122,4369,292,52.352598
brc100d.map,430,43,196,326,314,254,175.09545441,175.09545442950497,149,1.9504966530803358e-08,ok,2450,2715,295,31.846271
brc100d.map,431,43,184,300,323,293,172.55129852,172.55129855222077,139,3.222078248654725e-08,ok,2356,2630,278,32.432791
brc100d.map,432,43,380,143,253,156,173.4213562,173.42135623730962,132,3.730963271664223e-08,ok,2939,3169,231,36.983984
brc100d.map,433,43,323,216,228,122,172.33809509,172.33809511662423,145,2.6624235260896967e-08,ok,3892,4158,361,46.861963
brc100d.map,434,43,320,226,235,150,175.30865784,175.30865786510145,143,2.510145691303478e-08,ok,5413,5600,244,66.403344
brc100d.map,435,43,242,378,255,282,172.92388153,172.92388155425107,146,2.4251079366877093e-08,ok,6213,6446,234,77.642758
brc100d.map,436,43,280,222,242,336,172.79393921,172.7939392393401,138,2.9340100127228652e-08,ok,4338,4678,341,55.235483
brc100d.map,437,43,166,239,242,378,174.62236633,174.6223663640862,139,3.4086184541592957e-08,ok,1600,2010,411,21.217075
brc100d.map,438,43,278,281,201,307,173.65180359,173.65180361560917,143,2.5609182330299518e-08,ok,5813,6004,267,72.735846
brc100d.map,439,43,262,379,163,250,174.00714264,174.0071426749365,133,3.493647682262235e-08,ok,2614,2890,324,34.683246
brc100d.map,440,44,256,108,387,136,176.88225098,176.88225099390877,157,1.390876036566624e-08,ok,4277,4554,278,53.745619
brc100d.map,441,44,203,321,321,248,179.06601715,179.06601717798216,148,2.798216769406281e-08,ok,2380,2608,287,30.042902
brc100d.map,442,44,377,318,237,359,179.55129852,179.55129855222086,146,3.222086775167554e-08,ok,1855,1990,224,23.496178
brc100d.map,443,44,247,302,247,217,176.82337646,176.82337649086284,147,3.086285005338141e-08,ok,5640,5853,241,70.225115
brc100d.map,444,44,211,368,316,245,178.79393921,178.79393923933995,144,2.93399580186815e-08,ok,2168,2474,332,26.128969
brc100d.map,445,44,228,278,337,187,179.49747467,179.49747468305844,165,1.3058439662927412e-08,ok,3168,3440,310,38.190169
brc100d.map,446,44,234,153,313,225,179.45079346,179.45079348883243,143,2.8832431553382776e-08,ok,3946,4161,216,46.009505
brc100d.map,447,44,275,92,352,128,178.63961029,178.6396103067894,160,1.6789385881565977e-08,ok,5171,5349,179,59.717064
brc100d.map,448,44,257,417,185,270,176.82337646,176.82337649086287,147,3.086287847509084e-08,ok,1541,1930,468,18.970178
brc100d.map,449,44,368,121,262,234,178.96551208,178.9655121145938,145,3.459379627201997e-08,ok,2080,2457,378,24.882247
brc100d.map,450,45,257,228,261,346,182.30865784,182.3086578651016,150,2.5101599021581933e-08,ok,2874,3160,287,35.161965
brc100d.map,451,45,237,319,237,340,183.20815277,183.2081528017132,148,3.1713199177829665e-08,ok,4792,4962,171,53.473627
brc100d.map,452,45,260,220,372,114,180.50966797,180.50966799187805,154,2.187803715969494e-08,ok,2395,2695,301,28.562084
brc100d.map,453,45,351,301,368,169,181.75230865,181.75230867899762,154,2.8997618528592284e-08,ok,2050,2255,206,27.087655
brc100d.map,454,45,253,359,276,221,182.52186127,182.52186130069808,144,3.0698089403813356e-08,ok,3440,3761,322,51.301279
brc100d.map,455,45,212,361,301,246,181.96551208,181.9655121145938,148,3.459379627201997e-08,ok,4257,4483,292,76.38085
brc100d.map,456,45,285,220,313,89,181.75230865,181.75230867899737,154,2.899736273320741e-08,ok,3546,3815,270,73.042302
brc100d.map,457,45,259,235,257,349,182.06601715,182.0660171779823,151,2.798230980260996e-08,ok,2760,3066,307,39.21679
brc100d.map,458,45,283,161,293,232,180.17871551,180.17871555019047,140,4.019048560621741e-08,ok,3386,3687,302,39.481815
brc100d.map,459,45,210,269,259,236,182.76955261,182.76955262170057,172,1.170056407318043e-08,ok,5050,5181,141,56.280658
brc100d.map,460,46,389,336,239,294,187.92388153,187.92388155425118,161,2.4251193053714815e-08,ok,2864,3013,246,38.240155
brc100d.map,461,46,193,318,270,277,185.09545441,185.0954544295049,159,1.9504909687384497e-08,ok,7195,7408,247,84.831715
brc100d.map,462,46,202,356,259,280,187.26702728,187.2670273047587,162,2.475869109730411e-08,ok,7736,7955,253,92.595925
brc100d.map,463,46,276,155,352,123,184.7106781,184.71067811865487,164,1.8654873201739974e-08,ok,6067,6236,181,72.196227
brc100d.map,464,46,267,389,251,265,185.43860016,185.43860018001266,161,2.0012663526358665e-08,ok,5578,5861,284,88.611023
brc100d.map,465,46,268,97,344,135,184.12489166,184.12489168102803,163,2.1028029095759848e-08,ok,6230,6457,232,78.321799
brc100d.map,466,46,219,325,304,223,187.65180359,187.65180361560903,157,2.5609040221752366e-08,ok,3056,3294,252,38.695622
brc100d.map,467,46,186,360,344,302,187.58073578,187.58073580374364,159,2.374363816670666e-08,ok,2686,2896,356,36.037353
brc100d.map,468,46,206,329,311,232,187.09545441,187.0954544295049,161,1.9504909687384497e-08,ok,2662,2943,292,32.406986
brc100d.map,469,46,260,270,232,390,186.55129852,186.55129855222089,153,3.222089617338497e-08,ok,5096,5380,292,66.907938
brc100d.map,470,47,243,227,367,127,189.48023071,189.4802307403554,158,3.0355408853210974e-08,ok,3538,3750,221,44.760656
brc100d.map,471,47,322,231,257,396,191.92388153,191.92388155425112,165,2.4251136210295954e-08,ok,690,1067,423,8.744955
brc100d.map,472,47,271,236,194,264,189.42640686,189.42640687119288,177,1.1192895499334554e-08,ok,4198,4477,348,60.099287
brc100d.map,473,47,239,226,308,128,189.16652222,189.16652224137073,161,2.137073806807166e-08,ok,4281,4434,157,49.850902
brc100d.map,474,47,338,303,267,434,191.78174591,191.78174593052012,169,2.0520104726529098e-08,ok,1163,1452,290,13.516527
brc100d.map,475,47,364,129,237,83,191.99494934,191.99494936611677,163,2.6116765639017103e-08,ok,2522,2703,188,31.807332
brc100d.map,476,47,226,354,247,317,189.76450195,189.76450198781737,150,3.7817358133906964e-08,ok,8730,9030,301,109.944873
brc100d.map,477,47,265,405,266,302,189.33809509,189.33809511662446,162,2.662446263457241e-08,ok,6065,6263,199,77.475868
brc100d.map,478,47,316,290,298,121,191.36753235,191.36753236814735,169,1.814734673644125e-08,ok,4026,4279,254,50.623885
brc100d.map,479,47,349,94,284,209,188.50966797,188.5096679918782,162,2.1878179268242093e-08,ok,4883,5200,318,59.386077
brc100d.map,480,48,345,307,185,304,195.20815277,195.20815280171328,160,3.1713284442957956e-08,ok,6337,6661,393,93.325108
brc100d.map,481,48,294,137,279,281,194.23759003,194.237590053236,164,2.3235998014570214e-08,ok,4882,5190,316,63.968232
brc100d.map,482,48,193,329,261,278,192.19595947,192.19595949289325,169,2.2893260620548972e-08,ok,7981,8203,237,115.101567
brc100d.map,483,48,260,227,239,334,194.55129852,194.55129855222089,161,3.222089617338497e-08,ok,5102,5437,336,62.239103
brc100d.map,484,48,234,315,344,187,194.06601715,194.0660171779822,163,2.798219611577224e-08,ok,4151,4368,321,52.80951
brc100d.map,485,48,251,342,334,184,195.89444427,195.89444430272835,164,3.2728337373555405e-08,ok,1564,1855,383,20.150065
brc100d.map,486,48,240,286,225,363,195.58073578,195.58073580374378,167,2.3743780275253812e-08,ok,5526,5698,173,81.681348
brc100d.map,487,48,265,413,322,243,195.26702728,195.26702730475893,170,2.4758918470979552e-08,ok,1566,1819,307,33.284647
brc100d.map,488,48,339,189,250,341,194.13708496,194.13708498984795,161,2.984793923133111e-08,ok,2909,3280,372,64.657416
brc100d.map,489,48,315,232,200,322,195.16652222,195.1665222413705,167,2.1370510694396216e-08,ok,8654,8948,504,135.513162
brc100d.map,490,49,233,150,303,239,197.35028839,197.3502884254442,158,3.544420223988709e-08,ok,4565,4809,245,54.698407
brc100d.map,491,49,236,93,302,184,199.45079346,199.45079348883257,163,2.8832573661929928e-08,ok,6834,7072,254,96.755973
brc100d.map,492,49,238,380,250,319,196.90663757,196.9066376115484,153,4.154841803938325e-08,ok,8193,8475,283,127.758711
brc100d.map,493,49,268,94,279,235,198.49242401,198.49242404917527,155,3.9175262145363376e-08,ok,5244,5511,268,75.035288
brc100d.map,494,49,229,358,241,312,196.45079346,196.45079348883257,160,2.8832573661929928e-08,ok,9217,9526,310,111.457957
brc100d.map,495,49,242,316,238,374,197.66399689,197.6639969244291,155,3.442912088758021e-08,ok,4968,5222,255,56.909416
brc100d.map,496,49,226,154,319,238,198.37972565,198.37972567696693,164,2.6966915811499348e-08,ok,3784,3974,213,44.302401
brc100d.map,497,49,308,223,240,88,199.69343414,199.69343417595164,162,3.5951643440057524e-08,ok,5478,5761,414,74.239898
brc100d.map,498,49,151,328,314,277,197.92388153,197.9238815542516,171,2.425161937935627e-08,ok,4220,4563,344,69.893414
brc100d.map,499,49,257,384,184,248,197.59292908,197.59292911256338,157,3.256337777202134e-08,ok,6967,7149,455,93.352407
brc100d.map,500,50,208,345,234,277,203.78174591,203.78174593052012,181,2.0520104726529098e-08,ok,8948,9197,250,118.300155
brc100d.map,501,50,269,219,263,376,203.20815277,203.2081528017132,168,3.1713199177829665e-08,ok,2925,3219,295,41.412771
brc100d.map,502,50,252,281,191,351,203.61017303,203.61017305526642,180,2.5266416514568846e-08,ok,5287,5563,302,62.091406
brc100d.map,503,50,310,116,304,288,200.16652222,200.16652224137044,172,2.1370453850977356e-08,ok,2666,2900,286,32.775302
brc100d.map,504,50,190,280,276,211,200.53910522,200.53910524340137,179,2.3401355520036304e-08,ok,4588,4809,222,57.44959
brc100d.map,505,50,155,260,301,295,201.14927826,201.14927829866767,156,3.866767883664579e-08,ok,4140,4412,273,52.493519
brc100d.map,506,50,307,233,239,95,203.52186127,203.5218613006979,165,3.069791887355677e-08,ok,6123,6378,388,77.132937
brc100d.map,507,50,230,156,287,186,200.27922058,200.27922061357864,163,3.357865807629423e-08,ok,6100,6264,165,69.844194
brc100d.map,508,50,230,275,212,326,203.61017303,203.6101730552666,180,2.526661546653486e-08,ok,5453,5611,159,64.855433
brc100d.map,509,50,292,238,198,347,202.48023071,202.48023074035527,171,3.035526674466382e-08,ok,6045,6514,470,71.911581
brc100d.map,510,51,289,274,312,112,207.16652222,207.16652224137079,179,2.137079491149052e-08,ok,4676,4969,294,64.363781
brc100d.map,511,51,276,235,329,93,206.62236633,206.62236636408625,171,3.408624138501182e-08,ok,5620,5784,223,73.215553
brc100d.map,512,51,236,365,287,206,207.17871551,207.17871555019036,167,4.0190371919379686e-08,ok,4387,4757,371,61.96402
brc100d.map,513,51,323,294,146,311,205.58073578,205.5807358037435,177,2.3743496058159508e-08,ok,6267,6687,446,89.452976
brc100d.map,514,51,275,238,211,324,207.13708496,207.1370849898478,174,2.984779712278396e-08,ok,8188,8497,403,102.965477
brc100d.map,515,51,173,334,275,265,205.06601715,205.06601717798242,174,2.7982423489447683e-08,ok,7927,8148,222,102.731946
brc100d.map,516,51,355,126,293,281,204.7228714,204.72287142747453,172,2.7474527541926363e-08,ok,2671,2905,334,37.023134
brc100d.map,517,51,246,299,228,205,204.20815277,204.2081528017132,169,3.1713199177829665e-08,ok,6161,6376,249,78.595992
brc100d.map,518,51,276,414,262,302,206.89444427,206.89444430272854,175,3.272853632552142e-08,ok,6388,6583,196,85.317553
brc100d.map,519,51,185,281,316,260,205.4213562,205.4213562373098,164,3.730980324689881e-08,ok,3880,4213,334,48.769253
brc100d.map,520,52,217,267,219,330,211.85281372,211.85281374238593,187,2.238593310721626e-08,ok,5281,5429,149,65.630249
brc100d.map,521,52,311,226,197,363,210.13708496,210.1370849898478,177,2.984779712278396e-08,ok,5170,5644,475,66.144437
brc100d.map,522,52,189,241,269,380,209.39191894,209.39191898578702,163,4.578700441015826e-08,ok,2063,2496,434,26.875388
brc100d.map,523,52,275,407,146,255,211.29141388,211.29141392239865,162,4.2398653476993786e-08,ok,3708,4179,472,49.173248
brc100d.map,524,52,170,245,300,300,211.39191894,211.3919189857869,165,4.578689072332054e-08,ok,3842,4147,306,45.586106
brc100d.map,525,52,159,316,285,293,211.06601715,211.0660171779825,180,2.7982508754575974e-08,ok,8315,8472,270,103.905356
brc100d.map,526,52,256,59,316,197,210.99494934,210.99494936611703,182,2.6117021434401977e-08,ok,6587,6746,395,90.029115
brc100d.map,527,52,279,298,380,133,209.17871551,209.1787155501907,169,4.019071297989285e-08,ok,1963,2290,328,25.507967
brc100d.map,528,52,229,206,236,292,209.16652222,209.16652224137056,181,2.1370567537815077e-08,ok,4342,4591,252,53.41513
brc100d.map,529,52,216,337,287,204,211.7228714,211.72287142747467,179,2.7474669650473516e-08,ok,4903,5319,417,64.731929
brc100d.map,530,53,206,317,243,317,214.4213562,214.4213562373098,173,3.730980324689881e-08,ok,10413,10686,274,123.860954
brc100d.map,531,53,203,315,236,271,212.82337646,212.8233764908628,183,3.086282163167198e-08,ok,9930,10146,254,123.221179
brc100d.map,532,53,199,307,255,314,212.32085113,212.32085117392148,168,4.392148866827483e-08,ok,10128,10380,253,126.255056
brc100d.map,533,53,309,284,259,150,214.45079346,214.4507934888329,178,2.8832886300733662e-08,ok,8032,8247,287,99.58216
brc100d.map,534,53,284,58,314,237,212.96551208,212.96551211459408,179,3.4594080489114276e-08,ok,2750,2916,181,34.544594
brc100d.map,535,53,218,326,284,207,213.1076477,213.10764773832494,175,3.832494144262455e-08,ok,5436,5849,414,66.301635
brc100d.map,536,53,296,305,279,133,213.20815277,213.20815280171354,178,3.171354023834283e-08,ok,5464,5750,318,70.917477
brc100d.map,537,53,277,236,211,308,213.76450195,213.76450198781748,174,3.7817471820744686e-08,ok,9539,9777,442,118.273273
brc100d.map,538,53,270,142,302,292,212.79393921,212.79393923933998,178,2.933998644039093e-08,ok,3849,4199,403,48.3906
brc100d.map,539,53,202,302,249,309,215.32085113,215.32085117392143,171,4.392143182485597e-08,ok,10369,10582,244,122.195998
brc100d.map,540,54,299,224,189,347,219.30865784,219.30865786510154,187,2.5101542178163072e-08,ok,7467,7897,431,92.081348
brc100d.map,541,54,374,131,263,279,216.23759003,216.23759005323595,186,2.3235941171151353e-08,ok,4842,5124,335,58.767009
brc100d.map,542,54,232,56,369,160,216.53910522,216.53910524340097,195,2.340095761610428e-08,ok,5091,5434,344,61.416848
brc100d.map,543,54,210,316,290,213,216.17871551,216.1787155501904,176,4.0190400341089116e-08,ok,5499,5898,400,69.128942
brc100d.map,544,54,196,267,347,189,218.49747467,218.49747468305853,204,1.3058524928055704e-08,ok,4298,4518,317,68.368645
brc100d.map,545,54,250,291,194,320,217.69343414,217.6934341759518,180,3.5951813970314106e-08,ok,5839,6036,198,70.291368
brc100d.map,546,54,187,359,293,241,216.20815277,216.20815280171334,181,3.171334128637682e-08,ok,7073,7343,271,93.856991
brc100d.map,547,54,275,108,305,291,218.62236633,218.6223663640862,183,3.4086184541592957e-08,ok,4066,4384,319,53.121234
brc100d.map,548,54,163,249,307,289,216.04877319,216.0487732352794,168,4.5279421101440676e-08,ok,4117,4409,293,53.899114
brc100d.map,549,54,300,128,355,299,219.23759003,219.2375900532361,189,2.3236083279698505e-08,ok,3205,3423,219,41.550044
brc100d.map,550,55,293,196,216,325,222.20815277,222.20815280171337,187,3.171336970808625e-08,ok,8800,9015,350,168.442776
brc100d.map,551,55,259,57,302,196,223.23759003,223.2375900532363,193,2.3236282231664518e-08,ok,7496,7667,338,97.834192
brc100d.map,552,55,277,242,197,362,223.03657989,223.03657992645958,187,3.6459567809288274e-08,ok,5677,6140,464,69.828953
brc100d.map,553,55,385,327,214,375,221.24978332,221.24978336205606,179,4.2056058191519696e-08,ok,2424,2612,193,31.348018
brc100d.map,554,55,304,124,260,266,221.68124084,221.68124086713186,196,2.7131875413033413e-08,ok,8313,8566,322,104.021509
brc100d.map,555,55,254,233,265,97,220.90663757,220.90663761154855,177,4.15485601479304e-08,ok,4589,4889,301,62.601658
brc100d.map,556,55,225,151,349,134,222.58073578,222.58073580374372,194,2.374372343183495e-08,ok,7744,7895,218,110.884635
brc100d.map,557,55,242,356,284,186,221.17871551,221.17871555019042,181,4.019042876279855e-08,ok,4574,4983,410,72.851652
brc100d.map,558,55,309,238,276,431,221.58073578,221.58073580374358,193,2.37435813232878e-08,ok,3145,3466,331,38.917043
brc100d.map,559,55,217,384,240,287,220.89444427,220.89444430272837,189,3.2728365795264835e-08,ok,9541,9742,212,128.392786
brc100d.map,560,56,243,310,192,337,226.1076477,226.10764773832497,188,3.832496986433398e-08,ok,6241,6418,229,73.028432
brc100d.map,561,56,275,143,283,294,226.17871551,226.1787155501904,186,4.0190400341089116e-08,ok,4990,5347,358,59.680547
brc100d.map,562,56,278,331,378,148,224.4213562,224.42135623731005,183,3.731005904228368e-08,ok,1653,2018,366,20.830001
brc100d.map,563,56,238,77,294,226,225.00714264,225.0071426749369,184,3.493687472655438e-08,ok,6303,6644,342,76.705052
brc100d.map,564,56,204,267,235,368,224.06601715,224.06601717798264,193,2.7982650863123126e-08,ok,5329,5467,238,66.497155
brc100d.map,565,56,204,266,220,322,227.58073578,227.580735803744,199,2.3744007648929255e-08,ok,5426,5568,143,65.092367
brc100d.map,566,56,262,217,229,123,225.89444427,225.89444430272854,194,3.272853632552142e-08,ok,5584,5797,241,64.074734
brc100d.map,567,56,325,242,178,290,224.56349182,224.56349186104086,179,4.1040863152375096e-08,ok,10277,10595,440,136.420183
brc100d.map,568,56,296,233,175,320,227.03657989,227.03657992645938,191,3.645936885732226e-08,ok,9951,10231,532,125.418062
brc100d.map,569,56,285,187,275,58,227.55129852,227.55129855222094,194,3.222095301680383e-08,ok,4871,5203,333,58.394782
brc100d.map,570,57,323,212,192,334,230.37972565,230.3797256769672,196,2.6967200028593652e-08,ok,10162,10428,414,133.480177
brc100d.map,571,57,312,193,207,356,229.82337646,229.8233764908632,200,3.0863219535604e-08,ok,6763,7139,377,88.020759
brc100d.map,572,57,174,224,262,407,230.22034607,230.2203461105332,183,4.053319457852922e-08,ok,3529,4111,583,47.871905
brc100d.map,573,57,260,323,378,143,231.22034607,231.22034611053337,184,4.05333651087858e-08,ok,2160,2502,343,27.989187
brc100d.map,574,57,294,273,154,255,231.94826813,231.94826817189124,181,4.1891240698532783e-08,ok,9044,9406,365,119.735691
brc100d.map,575,57,264,290,318,126,231.37972565,231.37972567696733,197,2.6967313715431374e-08,ok,6403,6683,281,89.943277
brc100d.map,576,57,212,294,317,165,229.09545441,229.09545442950528,203,1.9505279169607093e-08,ok,6444,6657,272,85.429837
brc100d.map,577,57,299,271,153,260,229.63455963,229.63455967290645,182,4.2906435737677384e-08,ok,9487,9837,398,126.051243
brc100d.map,578,57,308,297,316,97,230.75230865,230.75230867899774,203,2.8997732215430005e-08,ok,5143,5397,265,68.815834
brc100d.map,579,57,228,305,366,162,228.27922058,228.2792206135789,191,3.3578913871679106e-08,ok,4201,4527,327,51.372045
brc100d.map,580,58,246,316,182,350,232.69343414,232.6934341759518,195,3.5951813970314106e-08,ok,5270,5561,299,62.896689
brc100d.map,581,58,181,224,274,404,235.09040375,235.09040379562217,180,4.562215849546192e-08,ok,2703,3171,469,36.476694
brc100d.map,582,58,342,121,340,294,235.79393921,235.79393923934015,201,2.9340156970647513e-08,ok,2745,2906,184,33.93922
brc100d.map,583,58,243,316,189,313,232.66399689,232.66399692442909,190,3.442909246587078e-08,ok,6093,6307,215,71.291209
brc100d.map,584,58,170,310,292,245,234.03657989,234.03657992645964,198,3.6459624652707134e-08,ok,9288,9458,289,114.06728
brc100d.map,585,58,250,263,176,307,232.45079346,232.4507934888326,196,2.8832602083639358e-08,ok,6553,6783,231,80.55145
brc100d.map,586,58,270,125,267,286,234.35028839,234.35028842544418,195,3.544417381817766e-08,ok,8103,8445,343,100.75233
brc100d.map,587,58,317,288,322,86,233.16652222,233.1665222413708,205,2.137082333319995e-08,ok,5002,5278,290,66.111936
brc100d.map,588,58,217,367,302,189,234.86500702,234.8650070512055,198,3.120550218227436e-08,ok,4643,5023,381,60.819978
brc100d.map,589,58,230,207,262,360,232.17871551,232.17871555019062,192,4.019062771476456e-08,ok,3132,3373,250,50.708543
brc100d.map,590,59,362,174,213,54,239.35028839,239.35028842544415,200,3.544414539646823e-08,ok,5103,5366,340,63.445407
brc100d.map,591,59,303,194,227,63,236.27922058,236.27922061357864,199,3.357865807629423e-08,ok,6487,6773,364,76.415937
brc100d.map,592,59,233,272,179,337,239.16652222,239.16652224137073,211,2.137073806807166e-08,ok,6356,6544,226,72.991218
brc100d.map,593,59,240,58,302,226,239.32085113,239.32085117392185,195,4.392185815049743e-08,ok,7020,7253,262,87.286222
brc100d.map,594,59,256,324,380,139,238.70562744,238.70562748477198,189,4.477197990127024e-08,ok,2306,2660,355,29.208194
brc100d.map,595,59,272,229,211,147,236.76450195,236.76450198781734,197,3.7817329712197534e-08,ok,5752,5976,229,65.318366
brc100d.map,596,59,254,120,283,288,237.24978332,237.24978336205592,195,4.2055916082972544e-08,ok,6947,7233,287,89.726478
brc100d.map,597,59,281,231,179,332,237.69343414,237.6934341759519,200,3.59518992354424e-08,ok,9699,9976,451,123.471454
brc100d.map,598,59,234,355,351,185,236.27922058,236.27922061357873,199,3.3578743341422523e-08,ok,3550,3842,380,46.958627
brc100d.map,599,59,241,58,299,221,239.83556976,239.83556979968324,198,3.968324335801299e-08,ok,7474,7674,259,89.97672
brc100d.map,600,60,253,225,233,389,242.14927826,242.1492782986679,197,3.8667906210321235e-08,ok,3554,3904,351,41.297842
brc100d.map,601,60,183,319,294,212,241.27922058,241.2792206135789,204,3.3578913871679106e-08,ok,8714,9040,333,98.984046
brc100d.map,602,60,289,120,247,265,243.65180359,243.65180361560903,213,2.5609040221752366e-08,ok,10080,10287,335,122.012693
brc100d.map,603,60,367,167,211,58,243.93607483,243.93607486307104,205,3.3071046345867217e-08,ok,5619,5905,355,68.668706
brc100d.map,604,60,158,281,270,260,242.46298675,242.46298679765266,194,4.765266226058884e-08,ok,8741,8911,213,123.772273
brc100d.map,605,60,305,124,262,319,240.83556976,240.83556979968301,199,3.9683015984337544e-08,ok,4403,4769,367,62.039204
brc100d.map,606,60,327,214,271,428,243.82337646,243.82337649086298,214,3.086299216192856e-08,ok,3192,3528,339,48.890496
brc100d.map,607,60,263,235,265,414,241.4091629,241.40916292848993,212,2.8489921533036977e-08,ok,3088,3401,314,37.542876
brc100d.map,608,60,187,296,282,222,242.36248169,242.3624817342643,191,4.4264282905714936e-08,ok,8743,9038,296,106.322817
brc100d.map,609,60,214,284,200,311,240.48023071,240.4802307403557,209,3.035569307030528e-08,ok,5861,6049,189,68.101499
brc100d.map,610,61,167,336,252,292,244.52186127,244.5218613006984,206,3.069840204261709e-08,ok,11364,11555,192,152.617004
brc100d.map,611,61,319,296,180,239,244.53405456,244.53405460951814,194,4.951814958076284e-08,ok,12715,12996,282,177.793632
brc100d.map,612,61,172,339,317,213,244.82337646,244.82337649086313,215,3.086313427047571e-08,ok,5946,6320,389,83.654134
brc100d.map,613,61,312,81,282,272,245.16652222,245.16652224137064,217,2.137065280294337e-08,ok,6507,6795,289,85.348976
brc100d.map,614,61,274,418,281,212,245.35028839,245.3502884254445,206,3.5444486456981394e-08,ok,4387,4701,315,58.096894
brc100d.map,615,61,350,177,262,388,247.45079346,247.45079348883277,211,2.883277261389594e-08,ok,2372,2751,380,30.507752
brc100d.map,616,61,304,210,186,294,246.49242401,246.49242404917555,203,3.917554636245768e-08,ok,10585,10840,389,133.351614
brc100d.map,617,61,234,225,219,320,247.17871551,247.17871555019076,207,4.019076982331171e-08,ok,8565,8844,367,114.935269
brc100d.map,618,61,314,104,263,286,246.96551208,246.96551211459396,213,3.4593966802276555e-08,ok,7406,7765,360,122.069255
brc100d.map,619,61,252,302,162,314,244.45079346,244.45079348883255,208,2.8832545240220497e-08,ok,6480,6722,243,81.200638
brc100d.map,620,62,228,324,226,213,249.49242401,249.4924240491753,206,3.917529056707281e-08,ok,13047,13337,348,166.739059
brc100d.map,621,62,258,403,333,184,250.06601715,250.06601717798233,219,2.7982338224319392e-08,ok,2406,2751,391,31.107501
brc100d.map,622,62,266,412,260,219,249.45079346,249.4507934888328,213,2.883280103560537e-08,ok,7325,7690,366,96.17837
brc100d.map,623,62,193,278,226,203,248.85281372,248.85281374238622,224,2.2386217324310564e-08,ok,6146,6365,222,75.945081
brc100d.map,624,62,281,188,201,348,250.35028839,250.35028842544443,211,3.5444429613562534e-08,ok,7508,7848,341,102.448659
brc100d.map,625,62,302,130,227,280,249.50966797,249.50966799187813,223,2.1878122424823232e-08,ok,9932,10209,405,124.939408
brc100d.map,626,62,169,312,325,216,250.45079346,250.45079348883274,214,2.883274419218651e-08,ok,7204,7629,426,100.416027
brc100d.map,627,62,319,244,232,65,250.69343414,250.6934341759519,213,3.59518992354424e-08,ok,7959,8173,359,104.662946
brc100d.map,628,62,260,233,188,352,248.62236633,248.62236636408645,213,3.408644033697783e-08,ok,7096,7568,473,90.054015
brc100d.map,629,62,175,293,250,317,248.36248169,248.36248173426438,197,4.426436817084323e-08,ok,10586,10802,225,135.853546
brc100d.map,630,63,294,125,241,299,254.17871551,254.17871555019053,214,4.019054244963627e-08,ok,9336,9662,333,120.083476
brc100d.map,631,63,248,265,158,299,254.93607483,254.9360748630713,216,3.307130214125209e-08,ok,7171,7438,268,86.729453
brc100d.map,632,63,194,304,398,338,252.04877319,252.04877323527947,204,4.5279477944859536e-08,ok,4622,4973,352,62.210013
brc100d.map,633,63,284,306,247,141,255.07821045,255.07821048680248,212,3.68024757335661e-08,ok,8753,9026,309,114.842629
brc100d.map,634,63,156,256,315,247,255.60512237,255.60512242138353,203,5.1383523214099114e-08,ok,5671,5971,301,80.649854
brc100d.map,635,63,339,132,258,265,253.23759003,253.23759005323603,223,2.3236026436279644e-08,ok,5851,6043,333,70.795304
brc100d.map,636,63,261,224,186,320,253.59292908,253.59292911256364,213,3.2563633567406214e-08,ok,10161,10405,475,154.922426
brc100d.map,637,63,249,312,317,123,255.7350647,255.7350647362948,211,3.629477873801079e-08,ok,7877,8144,341,106.567665
brc100d.map,638,63,263,117,269,311,255.36248169,255.36248173426418,204,4.4264169218877214e-08,ok,6496,6864,369,92.9457
brc100d.map,639,63,208,65,319,222,252.69343414,252.6934341759523,215,3.595229713937442e-08,ok,5377,5633,286,75.023388
brc100d.map,640,64,301,184,218,54,256.32085113,256.3208511739214,212,4.392143182485597e-08,ok,6542,6865,340,79.080761
brc100d.map,641,64,381,136,384,325,257.22034607,257.2203461105333,210,4.053327984365751e-08,ok,3743,4006,264,47.401384
brc100d.map,642,64,381,320,159,318,256.79393921,256.79393923934015,222,2.9340128548938083e-08,ok,4889,5451,563,66.142525
brc100d.map,643,64,270,431,224,298,259.4091629,259.4091629284901,230,2.849009206329356e-08,ok,9521,9791,377,133.257872
brc100d.map,644,64,307,193,179,322,257.65180359,257.65180361560937,227,2.560938128226553e-08,ok,10361,10597,477,148.838077
brc100d.map,645,64,195,356,197,271,259.16652222,259.16652224137044,231,2.1370453850977356e-08,ok,10606,10885,280,160.535829
brc100d.map,646,64,267,52,271,228,259.66399689,259.6639969244294,217,3.4429376682965085e-08,ok,8863,9119,284,126.64078
brc100d.map,647,64,230,61,314,244,256.4213562,256.4213562373101,215,3.7310087463993113e-08,ok,6797,7105,354,90.224419
brc100d.map,648,64,166,316,235,304,257.45079346,257.4507934888328,221,2.883280103560537e-08,ok,10828,11071,244,128.82532
brc100d.map,649,64,188,345,255,222,257.76450195,257.76450198781754,218,3.7817528664163547e-08,ok,11899,12149,267,149.727835
brc100d.map,650,65,389,326,299,131,261.83556976,261.835569799683,220,3.9683015984337544e-08,ok,4750,4962,278,61.598826
brc100d.map,651,65,181,319,211,296,263.55129852,263.55129855222094,230,3.222095301680383e-08,ok,11215,11471,257,132.243726
brc100d.map,652,65,224,284,315,132,263.4091629,263.40916292849016,234,2.849014890671242e-08,ok,8526,8731,301,113.877724
brc100d.map,653,65,171,317,383,337,261.76450195,261.76450198781765,222,3.781764235100127e-08,ok,7793,8033,286,104.986511
brc100d.map,654,65,257,231,177,332,263.69343414,263.693434175952,226,3.595198450057069e-08,ok,9882,10149,457,138.861391
brc100d.map,655,65,256,275,280,159,262.20815277,262.2081528017137,227,3.171368234688998e-08,ok,11122,11297,347,155.655946
brc100d.map,656,65,273,421,208,269,261.26702728,261.2670273047589,236,2.4758946892688982e-08,ok,9808,10087,430,123.820629
brc100d.map,657,65,384,129,236,313,263.46298675,263.4629867976525,215,4.765246330862283e-08,ok,5083,5466,384,71.651902
brc100d.map,658,65,250,121,257,276,261.86500702,261.86500705120557,225,3.120555902569322e-08,ok,9558,9783,271,134.91912
brc100d.map,659,65,195,285,194,325,260.33809509,260.33809511662474,233,2.6624718429957284e-08,ok,5562,5754,193,67.058817
brc100d.map,660,66,315,274,187,229,266.64675293,266.64675298172637,207,5.172637429495808e-08,ok,13659,13951,320,207.08995
brc100d.map,661,66,176,225,311,271,264.50461731,264.5046173579953,209,4.799528596777236e-08,ok,4906,5178,273,68.124766
brc100d.map,662,66,263,415,245,222,264.96551208,264.96551211459416,231,3.459416575424257e-08,ok,9968,10302,335,158.590543
brc100d.map,663,66,182,224,293,278,266.50461731,266.50461735799524,211,4.79952291243535e-08,ok,6425,6667,243,81.947997
brc100d.map,664,66,246,129,253,266,266.55129852,266.5512985522208,233,3.222083932996611e-08,ok,10126,10325,292,129.57266
brc100d.map,665,66,272,222,180,285,264.50461731,264.5046173579954,209,4.799539965461008e-08,ok,10431,10648,369,136.701344
brc100d.map,666,66,236,305,162,301,267.07821045,267.07821048680233,224,3.6802362046728376e-08,ok,6878,7129,252,94.633535
brc100d.map,667,66,218,153,287,272,265.52186127,265.52186130069805,227,3.0698060982103925e-08,ok,7264,7532,269,87.497933
brc100d.map,668,66,169,278,241,308,265.84776306,265.84776310850293,212,4.850295454161824e-08,ok,10645,10869,300,136.34411
brc100d.map,669,66,139,308,263,314,264.49242401,264.4924240491758,221,3.9175802157842554e-08,ok,10304,10495,192,132.775927
brc100d.map,670,67,369,171,217,342,270.32085113,270.3208511739218,226,4.3921829728788e-08,ok,8041,8356,432,120.71713
brc100d.map,671,67,238,119,264,264,268.52186127,268.52186130069805,230,3.0698060982103925e-08,ok,10068,10262,272,122.925247
brc100d.map,672,67,302,188,176,321,268.13708496,268.137084989848,235,2.98480244964594e-08,ok,10471,10707,493,141.000532
brc100d.map,673,67,227,287,377,116,271.79393921,271.7939392393406,237,2.934058329628897e-08,ok,4416,4838,426,54.357786
brc100d.map,674,67,257,225,266,60,268.69343414,268.693434175952,231,3.595198450057069e-08,ok,7261,7502,295,98.470993
brc100d.map,675,67,147,318,279,241,268.37972565,268.3797256769675,234,2.6967484245687956e-08,ok,10341,10527,203,134.8843
brc100d.map,676,67,374,125,223,296,269.27922058,269.27922061357873,232,3.357871491971309e-08,ok,6777,7072,368,91.570274
brc100d.map,677,67,248,303,277,149,270.56349182,270.56349186104103,225,4.104100526092225e-08,ok,10442,10578,318,137.333908
brc100d.map,678,67,170,298,219,281,269.03657989,269.03657992645947,233,3.645948254415998e-08,ok,10138,10360,223,117.503261
brc100d.map,679,67,223,282,375,118,270.89444427,270.89444430272886,239,3.272884896432515e-08,ok,4313,4720,411,52.960069
brc100d.map,680,68,245,272,360,94,273.06601715,273.0660171779827,242,2.7982707706541987e-08,ok,4946,5283,338,62.444968
brc100d.map,681,68,301,139,243,358,275.04877319,275.04877323527967,227,4.527964847511612e-08,ok,5700,6135,530,74.223208
brc100d.map,682,68,147,323,228,271,273.50966797,273.50966799187853,247,2.1878520328755258e-08,ok,10091,10304,214,118.498201
brc100d.map,683,68,374,159,217,332,274.97770538,274.9777054234141,229,4.341410431152326e-08,ok,8367,8732,372,104.720571
brc100d.map,684,68,268,131,229,292,274.35028839,274.35028842544415,235,3.544414539646823e-08,ok,10529,10821,293,134.915485
brc100d.map,685,68,238,277,368,100,272.23759003,272.23759005323643,242,2.32364527619211e-08,ok,4335,4673,350,54.471097
brc100d.map,686,68,236,225,192,315,274.24978332,274.2497833620563,232,4.205628556519514e-08,ok,10252,10498,468,128.984586
brc100d.map,687,68,276,234,156,294,275.22034607,275.2203461105334,228,4.053339353049523e-08,ok,11557,11829,400,157.353416
brc100d.map,688,68,242,66,255,218,274.17871551,274.1787155501907,234,4.019068455818342e-08,ok,8678,8874,204,111.587366
brc100d.map,689,68,201,326,230,211,272.49242401,272.4924240491754,229,3.917540425391053e-08,ok,12868,13182,328,164.508076
brc100d.map,690,69,151,313,278,220,276.14927826,276.14927829866815,231,3.866813358399668e-08,ok,9580,9867,288,123.705359
brc100d.map,691,69,218,169,262,236,278.22034607,278.2203461105336,231,4.0533620904170675e-08,ok,6461,6746,286,80.209012
brc100d.map,692,69,325,175,189,314,277.83556976,277.83556979968324,236,3.968324335801299e-08,ok,11590,11836,407,170.665721
brc100d.map,693,69,212,269,169,299,278.27922058,278.2792206135792,241,3.357916966706398e-08,ok,6811,7066,256,105.185291
brc100d.map,694,69,303,128,251,358,277.22034607,277.2203461105335,230,4.0533507217332954e-08,ok,4694,5147,454,79.885126
brc100d.map,695,69,202,279,179,290,279.52186127,279.5218613006987,241,3.0698686259711394e-08,ok,6277,6535,259,91.104986
brc100d.map,696,69,270,121,227,285,276.4213562,276.42135623730957,235,3.7309575873223366e-08,ok,11040,11299,311,202.45681
brc100d.map,697,69,227,275,146,312,278.4091629,278.40916292849016,249,2.849014890671242e-08,ok,6733,7005,273,108.594442
brc100d.map,698,69,233,288,276,148,277.93607483,277.9360748630716,239,3.3071614780055825e-08,ok,10328,10459,293,147.686419
brc100d.map,699,69,256,238,163,317,277.03657989,277.03657992645964,241,3.6459653074416565e-08,ok,10335,10607,523,136.485284
brc100d.map,700,70,204,358,229,203,280.87720032,280.8772003600257,232,4.0025724956649356e-08,ok,13242,13524,291,189.814522
brc100d.map,701,70,170,330,339,186,281.1076477,281.1076477383253,243,3.8325310924847145e-08,ok,6751,7145,395,85.325866
brc100d.map,702,70,317,242,203,52,283.90663757,283.90663761154843,240,4.154844646109268e-08,ok,8864,9137,394,120.885261
brc100d.map,703,70,244,299,262,153,282.29141388,282.291413922399,233,4.239899453750695e-08,ok,10675,10812,266,147.440443
brc100d.map,704,70,140,310,230,280,282.65180359,282.6518036156095,252,2.5609494969103253e-08,ok,10107,10308,202,130.535972
brc100d.map,705,70,300,196,157,315,282.45079346,282.45079348883274,246,2.883274419218651e-08,ok,10960,11217,464,170.498099
brc100d.map,706,70,242,75,291,275,280.76450195,280.7645019878176,241,3.781758550758241e-08,ok,8780,9041,305,127.02539
brc100d.map,707,70,254,361,376,131,280.53405456,280.53405460951814,230,4.951812115905341e-08,ok,2485,2876,418,34.917027
brc100d.map,708,70,315,256,221,53,280.32085113,280.32085117392165,236,4.3921659198531415e-08,ok,8411,8635,317,109.897755
brc100d.map,709,70,208,283,158,324,282.09545441,282.09545442950537,256,1.9505364434735384e-08,ok,5728,5979,252,67.194524
brc100d.map,710,71,245,303,268,98,287.119841,287.11984104714526,237,4.714524948212784e-08,ok,8941,9240,368,133.520704
brc100d.map,711,71,239,332,293,124,284.04877319,284.0487732352795,236,4.5279477944859536e-08,ok,7180,7583,404,111.936544
brc100d.map,712,71,280,300,239,93,286.04877319,286.0487732352797,238,4.527970531853498e-08,ok,11013,11313,465,146.462907
brc100d.map,713,71,398,337,169,281,286.16147156,286.16147160748795,229,4.748795845443965e-08,ok,7255,7552,298,116.762617
brc100d.map,714,71,231,218,185,318,287.90663757,287.9066376115486,244,4.154861699134926e-08,ok,10283,10520,473,128.399109
brc100d.map,715,71,319,221,157,252,286.26197662,286.26197667087627,232,5.0876280965894694e-08,ok,11859,12126,270,150.706433
brc100d.map,716,71,175,238,271,308,286.1320343,286.1320343559649,224,5.596490382231423e-08,ok,9911,10063,213,121.017659
brc100d.map,717,71,310,220,131,298,287.35028839,287.35028842544443,248,3.5444429613562534e-08,ok,12172,12501,501,166.05978
brc100d.map,718,71,154,257,316,219,285.60512237,285.6051224213835,233,5.1383494792389683e-08,ok,6514,6887,374,79.611554
brc100d.map,719,71,231,315,151,302,286.80613251,286.80613254816024,240,3.816023763647536e-08,ok,7139,7408,270,86.159283
brc100d.map,720,72,307,152,260,401,290.00714264,290.007142674937,249,3.49369884133921e-08,ok,2834,3243,410,41.948495
brc100d.map,721,72,254,132,266,345,291.04877319,291.0487732352795,243,4.5279477944859536e-08,ok,6786,7149,364,89.427633
brc100d.map,722,72,245,276,230,136,290.13708496,290.13708498984823,257,2.9848251870134845e-08,ok,10236,10452,281,125.221192
brc100d.map,723,72,221,122,262,289,291.66399689,291.6639969244292,249,3.44292061527085e-08,ok,8771,9068,298,109.735615
brc100d.map,724,72,306,191,152,313,290.79393921,290.79393923934043,256,2.9340412766032387e-08,ok,11308,11605,465,146.87622
brc100d.map,725,72,151,272,239,286,291.119841,291.119841047145,241,4.7144965265033534e-08,ok,10368,10549,182,128.161267
brc100d.map,726,72,273,264,283,59,288.52186127,288.5218613006985,250,3.069851572945481e-08,ok,7386,7725,340,102.967346
brc100d.map,727,72,168,265,270,230,288.16147156,288.16147160748784,231,4.748784476760193e-08,ok,10355,10604,250,132.728734
brc100d.map,728,72,229,275,161,272,288.22034607,288.2203461105337,241,4.0533677747589536e-08,ok,9784,10070,394,155.110396
brc100d.map,729,72,370,147,213,321,290.36248169,290.36248173426446,239,4.426448185768095e-08,ok,10810,11112,377,155.568882
brc100d.map,730,73,292,192,165,288,292.94826813,292.9482681718914,242,4.1891439650498796e-08,ok,11796,12104,473,155.594673
brc100d.map,731,73,253,284,238,103,294.49242401,294.4924240491757,251,3.9175745314423693e-08,ok,10904,11171,349,151.586206
brc100d.map,732,73,200,51,280,215,294.97770538,294.97770542341425,249,4.341427484177984e-08,ok,8448,8620,234,106.58072
brc100d.map,733,73,321,86,238,284,293.20815277,293.20815280171337,258,3.171334128637682e-08,ok,10783,11160,397,142.479604
brc100d.map,734,73,235,296,157,263,295.57568512,295.57568516986106,238,4.986105750504066e-08,ok,8932,9285,427,113.895817
brc100d.map,735,73,266,89,257,321,293.57568512,293.57568516986083,236,4.986083013136522e-08,ok,6854,7211,358,92.95831
brc100d.map,736,73,261,371,280,129,294.36248169,294.3624817342644,243,4.426442501426209e-08,ok,7799,8252,454,128.652893
brc100d.map,737,73,242,144,243,299,295.46298675,295.4629867976526,247,4.765257699546055e-08,ok,10283,10565,309,136.825919
brc100d.map,738,73,164,263,266,238,292.50461731,292.50461735799536,237,4.799534281119122e-08,ok,10856,11069,214,139.636735
brc100d.map,739,73,387,335,263,130,292.94826813,292.9482681718913,242,4.1891325963661075e-08,ok,6532,6803,388,94.202874
brc100d.map,740,74,244,63,329,288,296.83556976,296.8355697996832,255,3.9683186514594126e-08,ok,7748,8012,433,107.064263
brc100d.map,741,74,186,296,229,214,299.67619018,299.67619023324914,245,5.324915264282026e-08,ok,12985,13295,332,165.109132
brc100d.map,742,74,196,354,371,156,299.77669525,299.7766952966375,248,4.66375240648631e-08,ok,4729,5275,547,64.706757
brc100d.map,743,74,310,154,199,304,298.60512237,298.60512242138395,246,5.138394953974057e-08,ok,15493,15754,522,225.144412
brc100d.map,744,74,373,320,268,89,299.94826813,299.94826817189147,249,4.189149649391766e-08,ok,6358,6671,420,151.062267
brc100d.map,745,74,245,375,288,133,297.09040375,297.0904037956222,242,4.562218691717135e-08,ok,8518,8932,415,144.70738
brc100d.map,746,74,244,269,222,136,298.7228714,298.7228714274751,266,2.7475152819533832e-08,ok,10249,10481,273,126.666525
brc100d.map,747,74,255,396,369,146,297.22034607,297.2203461105334,250,4.053339353049523e-08,ok,2660,3073,449,37.522417
brc100d.map,748,74,247,318,351,92,299.94826813,299.9482681718913,249,4.1891325963661075e-08,ok,8063,8387,393,127.174395
brc100d.map,749,74,278,56,346,297,298.66399689,298.66399692442934,256,3.4429319839546224e-08,ok,4442,4650,209,61.727847
brc100d.map,750,75,372,132,215,351,303.94826813,303.94826817189136,253,4.1891382807079935e-08,ok,6896,7383,491,95.5131
brc100d.map,751,75,144,259,316,211,302.77669525,302.77669529663734,251,4.663735353460652e-08,ok,7000,7323,324,95.455384
brc100d.map,752,75,208,152,348,311,303.87720032,303.8772003600259,255,4.002589548690594e-08,ok,4948,5275,328,65.155927
brc100d.map,753,75,272,388,288,137,302.94826813,302.94826817189124,252,4.1891269120242214e-08,ok,7594,7980,387,102.917715
brc100d.map,754,75,272,288,240,79,300.32085113,300.3208511739219,256,4.392188657220686e-08,ok,11507,11843,477,152.254525
brc100d.map,755,75,242,224,157,317,302.83556976,302.8355697996831,261,3.9683129671175266e-08,ok,10581,10847,502,142.436863
brc100d.map,756,75,343,127,216,301,301.59292908,301.59292911256364,261,3.2563661989115644e-08,ok,6985,7304,359,133.049383
brc100d.map,757,75,372,108,199,275,300.75230865,300.75230867899734,273,2.899736273320741e-08,ok,8957,9318,393,163.2151
brc100d.map,758,75,230,349,290,118,303.77669525,303.77669529663746,252,4.663746722144424e-08,ok,9166,9619,454,128.318318
brc100d.map,759,75,247,124,384,328,303.19090881,303.19090885901056,251,4.901056627204525e-08,ok,6478,6817,340,86.846546
brc100d.map,760,76,168,283,338,177,307.84776306,307.847763108503,254,4.85030113850371e-08,ok,7803,8152,355,97.901327
brc100d.map,761,76,154,262,270,218,307.20310211,307.2031021678306,243,5.783061851616367e-08,ok,9788,10059,272,152.653924
brc100d.map,762,76,285,123,227,322,304.50461731,304.50461735799547,249,4.7995456498028943e-08,ok,14068,14330,426,224.01566
brc100d.map,763,76,260,318,237,102,304.16147156,304.1614716074879,247,4.748790161102079e-08,ok,10932,11196,343,163.737737
brc100d.map,764,76,238,54,291,276,306.32085113,306.3208511739219,262,4.392188657220686e-08,ok,9852,10054,265,173.163631
brc100d.map,765,76,206,156,291,313,306.97770538,306.97770542341414,261,4.341416115494212e-08,ok,6099,6435,338,87.490469
brc100d.map,766,76,227,55,307,286,306.80613251,306.80613254816046,260,3.81604650101508e-08,ok,7929,8279,358,106.054473
brc100d.map,767,76,164,258,290,200,306.23253937,306.2325394193533,247,4.9353332087775925e-08,ok,8901,9232,332,108.965225
brc100d.map,768,76,183,245,243,277,306.29141388,306.2914139223987,257,4.239871032041265e-08,ok,9516,9705,190,112.902321
brc100d.map,769,76,250,265,229,97,304.32085113,304.32085117392205,260,4.392205710246344e-08,ok,10786,11076,331,133.182798
brc100d.map,770,77,223,327,308,113,311.87720032,311.8772003600257,263,4.0025724956649356e-08,ok,9143,9639,497,139.46678
brc100d.map,771,77,231,130,261,335,309.53405456,309.53405460951825,259,4.951823484589113e-08,ok,7095,7489,395,103.080896
brc100d.map,772,77,230,374,386,131,310.54624786,310.54624791833805,248,5.83380597163341e-08,ok,3193,3728,536,42.532373
brc100d.map,773,77,141,276,267,230,309.50461731,309.50461735799547,254,4.7995456498028943e-08,ok,10971,11222,252,137.973589
brc100d.map,774,77,217,276,276,92,310.76450195,310.76450198781794,271,3.781792656809557e-08,ok,9525,9745,263,143.439438
brc100d.map,775,77,190,271,154,309,310.30865784,310.3086578651021,278,2.510205376893282e-08,ok,6759,7016,258,78.223161
brc100d.map,776,77,228,353,272,126,310.98989868,310.989898732234,253,5.223398602538509e-08,ok,13033,13517,485,212.761475
brc100d.map,777,77,213,265,245,124,310.86500702,310.86500705120613,274,3.120612745988183e-08,ok,9614,9903,323,131.471398
brc100d.map,778,77,379,135,218,366,309.40411224,309.40411229460716,251,5.460714191940497e-08,ok,5573,6006,434,77.822274
brc100d.map,779,77,197,359,373,146,311.67619018,311.67619023324926,257,5.3249266329657985e-08,ok,5122,5641,520,69.288928
brc100d.map,780,78,156,242,325,206,314.16147156,314.16147160748767,257,4.7487674237345345e-08,ok,7034,7432,402,90.246118
brc100d.map,781,78,374,157,185,357,314.60512237,314.6051224213838,262,5.138377900948399e-08,ok,8802,9291,490,121.131411
brc100d.map,782,78,237,218,152,329,312.83556976,312.83556979968307,271,3.9683072827756405e-08,ok,10188,10454,479,132.644309
brc100d.map,783,78,223,143,244,304,312.63455963,312.63455967290645,265,4.2906435737677384e-08,ok,9387,9741,355,114.943153
brc100d.map,784,78,334,180,145,311,314.59292908,314.5929291125639,274,3.256394620620995e-08,ok,13147,13541,460,174.751811
brc100d.map,785,78,199,346,299,136,312.63455963,312.6345596729065,265,4.2906492581096245e-08,ok,12731,13055,477,193.428483
brc100d.map,786,78,320,216,165,231,312.67619018,312.6761902332494,258,5.3249380016495707e-08,ok,16790,17122,333,231.192096
brc100d.map,787,78,316,82,257,343,312.77669525,312.7766952966376,261,4.663763775170082e-08,ok,5480,5979,500,70.880195
brc100d.map,788,78,154,271,306,192,315.4335495,315.43354954612977,262,4.61297418041795e-08,ok,8018,8304,287,99.545288
brc100d.map,789,78,262,380,310,112,313.56349182,313.563491861041,268,4.104094841750339e-08,ok,6582,6946,365,87.65002
brc100d.map,790,79,283,285,244,51,318.56349182,318.5634918610412,273,4.104117579117883e-08,ok,11690,12120,431,155.081081
brc100d.map,791,79,295,121,209,324,319.53405456,319.5340546095182,269,4.951817800247227e-08,ok,15085,15379,384,193.213066
brc100d.map,792,79,374,164,273,427,319.56349182,319.5634918610411,274,4.104106210434111e-08,ok,4762,5141,397,62.952983
brc100d.map,793,79,259,229,141,279,316.67619018,316.6761902332493,262,5.3249323173076846e-08,ok,12341,12609,377,158.667433
brc100d.map,794,79,241,66,346,298,316.22034607,316.2203461105335,269,4.0533507217332954e-08,ok,8277,8566,404,106.04052
brc100d.map,795,79,275,94,389,338,319.98989868,319.989898732234,262,5.223398602538509e-08,ok,6265,6527,337,96.549277
brc100d.map,796,79,249,82,252,259,318.97770538,318.9777054234141,273,4.341410431152326e-08,ok,12638,12790,306,189.379939
brc100d.map,797,79,362,163,184,285,317.88939361,317.88939366884597,257,5.884595566385542e-08,ok,14535,14894,364,209.605508
brc100d.map,798,79,237,113,226,298,318.29141388,318.2914139223987,269,4.239871032041265e-08,ok,11531,11896,367,185.74258
brc100d.map,799,79,258,298,207,149,317.94826813,317.9482681718914,267,4.1891439650498796e-08,ok,11366,11609,246,143.239396
brc100d.map,800,80,231,276,228,98,322.32085113,322.3208511739221,278,4.39221139458823e-08,ok,10739,11041,310,210.143176
brc100d.map,801,80,275,262,234,58,321.63455963,321.6345596729068,274,4.290677679819055e-08,ok,12063,12437,427,162.486087
brc100d.map,802,80,383,336,173,248,321.30360718,321.303607231219,260,5.1219046781625366e-08,ok,12677,12906,596,176.016558
brc100d.map,803,80,219,328,350,128,320.94826813,320.9482681718913,270,4.1891325963661075e-08,ok,9759,10162,446,136.544996
brc100d.map,804,80,265,148,261,375,320.84776306,320.8477631085029,267,4.8502897698199376e-08,ok,6597,7027,431,82.712724
brc100d.map,805,80,262,90,391,330,321.8183258,321.81832585698015,263,5.698012728316826e-08,ok,6703,7022,320,88.067188
brc100d.map,806,80,195,284,280,153,322.1076477,322.10764773832557,284,3.832559514194145e-08,ok,10818,10978,236,134.088976
brc100d.map,807,80,234,378,308,112,322.33304443,322.3330444827414,266,5.2741427225555526e-08,ok,8231,8617,387,110.403955
brc100d.map,808,80,261,341,230,152,320.57568512,320.57568516986095,263,4.986094381820294e-08,ok,19611,20046,445,255.098398
brc100d.map,809,80,231,267,232,99,320.07821045,320.0782104868028,277,3.680281679407926e-08,ok,10838,11111,339,163.420459
brc100d.map,810,81,229,324,254,128,324.74725799,324.7472580451147,268,5.511469680641312e-08,ok,15747,16116,477,201.084312
brc100d.map,811,81,169,229,291,215,324.96046142,324.9604614807112,262,6.071121561035397e-08,ok,8513,8808,296,98.36455
brc100d.map,812,81,292,65,268,341,325.70562744,325.70562748477215,276,4.4772150431526825e-08,ok,5875,6263,389,73.674136
brc100d.map,813,81,266,59,249,272,327.03657989,327.03657992645975,291,3.6459766761254286e-08,ok,12316,12511,290,154.300993
brc100d.map,814,81,237,100,236,297,324.4335495,324.4335495461299,271,4.6129855491017224e-08,ok,12257,12567,311,150.738194
brc100d.map,815,81,275,96,235,342,327.40411224,327.4041122946071,269,5.4607085075986106e-08,ok,9832,10245,417,126.911303
brc100d.map,816,81,205,291,260,97,326.46298675,326.46298679765306,278,4.7653031742811436e-08,ok,8879,9214,336,110.536321
brc100d.map,817,81,192,249,236,290,327.4335495,327.4335495461299,274,4.6129855491017224e-08,ok,10519,10687,169,127.331348
brc100d.map,818,81,196,278,265,101,324.00714264,324.0071426749373,283,3.4937329473905265e-08,ok,8816,9128,313,107.467864
brc100d.map,819,81,280,217,182,241,327.34523773,327.34523779156166,259,6.156164999993052e-08,ok,17401,17774,374,225.9051
brc100d.map,820,82,368,96,249,375,331.60512237,331.6051224213838,279,5.138377900948399e-08,ok,3215,3713,499,42.847423
brc100d.map,821,82,314,196,163,234,328.01933594,328.0193359837571,275,4.3757097500929376e-08,ok,17081,17393,325,214.770106
brc100d.map,822,82,247,357,243,128,328.74725799,328.7472580451147,272,5.511469680641312e-08,ok,16204,16624,492,213.686221
brc100d.map,823,82,210,286,228,137,331.69343414,331.6934341759523,294,3.595226871766499e-08,ok,10341,10534,235,125.457732
brc100d.map,824,82,242,368,262,107,328.68838348,328.6883835420692,262,6.206914804351982e-08,ok,11332,11916,585,154.584613
brc100d.map,825,82,270,119,214,356,330.54624786,330.54624791833805,268,5.83380597163341e-08,ok,10835,11302,468,174.709091
brc100d.map,826,82,141,311,239,215,328.63455963,328.63455967290685,281,4.290683364160941e-08,ok,12781,13046,282,187.927876
brc100d.map,827,82,254,59,259,273,329.45079346,329.4507934888329,293,2.8832914722443093e-08,ok,11968,12169,243,161.291003
brc100d.map,828,82,371,161,165,317,329.36248169,329.3624817342645,278,4.426453870109981e-08,ok,12626,12902,419,174.829775
brc100d.map,829,82,204,311,311,121,330.74725799,330.7472580451147,274,5.511469680641312e-08,ok,11933,12319,456,159.69582
brc100d.map,830,83,196,307,296,126,334.16147156,334.1614716074878,277,4.748778792418307e-08,ok,12363,12686,377,162.648208
brc100d.map,831,83,235,92,232,302,335.19090881,335.1909088590106,283,4.9010623115464114e-08,ok,11782,12137,356,145.56749
brc100d.map,832,83,208,373,310,118,334.64675293,334.6467529817263,275,5.1726317451539217e-08,ok,11118,11469,499,156.314799
brc100d.map,833,83,341,96,240,339,335.94826813,335.9482681718915,285,4.189155333733652e-08,ok,10365,10826,538,139.047374
brc100d.map,834,83,201,339,320,128,334.19090881,334.1909088590106,282,4.9010623115464114e-08,ok,13824,14087,503,181.294948
brc100d.map,835,83,240,353,359,97,333.33304443,333.3330444827415,277,5.274154091239325e-08,ok,6276,6638,498,84.972856
brc100d.map,836,83,239,393,298,114,332.4335495,332.43354954612977,279,4.61297418041795e-08,ok,8434,8810,379,115.154169
brc100d.map,837,83,290,312,244,52,334.63455963,334.63455967290673,287,4.290671995477169e-08,ok,10799,11154,385,139.055732
brc100d.map,838,83,230,340,358,86,335.60512237,335.6051224213837,283,5.1383722166065127e-08,ok,5707,6099,414,78.199184
brc100d.map,839,83,198,310,312,140,332.91883087,332.91883092036846,277,5.0368441861792235e-08,ok,13828,14035,476,185.61926
brc100d.map,840,84,186,352,310,136,336.29141388,336.291413922399,287,4.239899453750695e-08,ok,13987,14204,489,196.356559
brc100d.map,841,84,244,120,234,353,339.8183258,339.8183258569802,281,5.698018412658712e-08,ok,10583,10944,422,133.47719
brc100d.map,842,84,265,118,214,361,338.03152923,338.0315292925767,273,6.257670293052797e-08,ok,10376,10865,490,133.193775
brc100d.map,843,84,245,79,241,291,338.7350647,338.7350647362948,294,3.629480715972022e-08,ok,13050,13286,285,173.384681
brc100d.map,844,84,228,375,264,111,339.58787842,339.5878784786808,270,5.868082553206477e-08,ok,13438,14034,597,238.552471
brc100d.map,845,84,223,127,389,337,337.84776306,337.8477631085031,284,4.850312507187482e-08,ok,6721,7014,323,82.657036
brc100d.map,846,84,262,411,307,118,337.32085113,337.32085117392177,293,4.392177288536914e-08,ok,7494,7814,321,99.243405
brc100d.map,847,84,239,150,202,293,336.97770538,336.9777054234139,291,4.341393378126668e-08,ok,11861,12195,361,146.023156
brc100d.map,848,84,222,354,260,105,339.27416992,339.27416997969607,273,5.96960489929188e-08,ok,14424,14978,555,215.256856
brc100d.map,849,84,239,90,255,337,338.16147156,338.1614716074879,281,4.748790161102079e-08,ok,9056,9512,457,115.792664
brc100d.map,850,85,170,319,376,142,341.67619018,341.6761902332495,287,5.324949370333343e-08,ok,8216,8742,527,102.981879
brc100d.map,851,85,374,317,269,58,343.119841,343.11984104714526,293,4.714524948212784e-08,ok,9084,9416,383,122.768018
brc100d.map,852,85,187,324,367,123,342.01933594,342.01933598375695,289,4.3756926970672794e-08,ok,8199,8604,475,105.428788
brc100d.map,853,85,221,152,246,341,342.8183258,342.81832585698027,284,5.698024097000598e-08,ok,8627,9061,439,106.66372
brc100d.map,854,85,394,339,222,130,341.67619018,341.6761902332492,287,5.3249209486239124e-08,ok,8756,9053,298,110.791931
brc100d.map,855,85,215,338,250,120,341.09040375,341.0904037956224,286,4.562241429084679e-08,ok,16264,16585,473,225.281003
brc100d.map,856,85,256,157,235,370,341.68838348,341.6883835420692,275,6.206914804351982e-08,ok,7775,8244,490,107.876482
brc100d.map,857,85,273,413,294,122,340.29141388,340.29141392239904,291,4.239905138092581e-08,ok,8137,8486,386,131.285944
brc100d.map,858,85,347,126,258,398,340.70562744,340.7056274847719,291,4.477192305785138e-08,ok,3182,3648,484,45.0531
brc100d.map,859,85,225,136,251,361,343.09040375,343.0904037956224,288,4.562241429084679e-08,ok,7310,7736,427,97.610487
brc100d.map,860,86,265,110,270,394,344.06096649,344.06096654409936,284,5.409935965872137e-08,ok,8427,8858,432,116.239275
brc100d.map,861,86,231,91,388,326,344.8183258,344.81832585698027,286,5.698024097000598e-08,ok,7606,7926,321,101.882616
brc100d.map,862,86,257,387,318,90,347.94826813,347.94826817189136,297,4.1891382807079935e-08,ok,7592,7960,458,111.675956
brc100d.map,863,86,207,154,232,307,347.01933594,347.01933598375695,294,4.3756926970672794e-08,ok,10146,10505,360,126.894533
brc100d.map,864,86,357,88,224,351,345.16147156,345.16147160748795,288,4.748795845443965e-08,ok,8498,9012,515,111.717833
brc100d.map,865,86,289,282,199,51,345.19090881,345.19090885901096,293,4.901096417597728e-08,ok,14098,14430,468,178.678537
brc100d.map,866,86,264,220,186,237,346.58787842,346.58787847868103,277,5.8681052905740216e-08,ok,18464,18874,411,226.359486
brc100d.map,867,86,276,111,202,348,344.74725799,344.7472580451146,288,5.511463996299426e-08,ok,12653,13077,425,171.09509
brc100d.map,868,86,200,306,280,116,347.20310211,347.20310216783054,283,5.783056167274481e-08,ok,13443,13794,365,197.142174
brc100d.map,869,86,278,93,221,334,344.8183258,344.81832585698015,286,5.698012728316826e-08,ok,12463,12838,382,163.157975
brc100d.map,870,87,218,365,370,92,349.33304443,349.3330444827415,293,5.274154091239325e-08,ok,4200,4739,540,55.671618
brc100d.map,871,87,348,87,267,376,349.26197662,349.26197667087627,295,5.0876280965894694e-08,ok,6880,7395,558,96.32892
brc100d.map,872,87,248,227,180,243,351.20310211,351.2031021678308,287,5.783084588983911e-08,ok,15795,16176,382,202.796993
brc100d.map,873,87,211,297,226,104,350.19090881,350.1909088590109,298,4.901090733255842e-08,ok,10948,11253,328,142.599427
brc100d.map,874,87,234,139,254,378,351.09040375,351.0904037956224,296,4.562241429084679e-08,ok,7412,7845,434,98.25886
brc100d.map,875,87,267,390,359,94,349.36248169,349.3624817342645,298,4.426453870109981e-08,ok,5205,5509,371,79.205351
brc100d.map,876,87,273,117,198,365,350.4457428,350.4457428549498,285,5.494979404829792e-08,ok,11800,12315,516,166.214738
brc100d.map,877,87,228,373,304,89,349.98989868,349.9898987322338,292,5.223381549512851e-08,ok,9927,10357,448,137.511323
brc100d.map,878,87,209,292,233,95,351.87720032,351.8772003600261,303,4.002612286058138e-08,ok,11181,11449,345,148.185297
brc100d.map,879,87,188,323,306,110,350.70562744,350.7056274847721,301,4.4772093588107964e-08,ok,12459,12770,312,208.798105
brc100d.map,880,88,252,100,265,388,353.1320343,353.1320343559649,291,5.596490382231423e-08,ok,7672,8029,358,102.610033
brc100d.map,881,88,235,271,206,176,352.35028839,352.3502884254449,313,3.544488436091342e-08,ok,14474,14807,334,219.933365
brc100d.map,882,88,180,310,389,127,355.78888855,355.78888860545766,292,5.5457633152400376e-08,ok,7865,8462,598,95.07947
brc100d.map,883,88,326,93,242,380,352.74725799,352.74725804511496,296,5.5114981023507426e-08,ok,6489,7007,519,83.44959
brc100d.map,884,88,205,280,180,227,352.33304443,352.3330444827422,296,5.274222303341958e-08,ok,12858,13095,257,170.333611
brc100d.map,885,88,210,173,233,280,354.24978332,354.24978336205635,312,4.2056342408614e-08,ok,10569,10858,302,150.566629
brc100d.map,886,88,278,110,258,409,352.84776306,352.8477631085029,299,4.8502897698199376e-08,ok,6815,7315,518,94.533164
brc100d.map,887,88,249,132,206,355,353.74725799,353.7472580451148,297,5.511481049325084e-08,ok,11937,12423,487,152.790451
brc100d.map,888,88,218,339,335,95,354.46298675,354.4629867976527,306,4.765269068229827e-08,ok,12894,13451,558,171.248221
brc100d.map,889,88,269,111,262,411,355.91883087,355.91883092036835,300,5.036832817495451e-08,ok,6734,7220,487,90.26941
brc100d.map,890,89,224,300,274,58,356.04877319,356.0487732352798,308,4.527976216195384e-08,ok,11127,11418,295,139.614508
brc100d.map,891,89,208,362,315,91,358.57568512,358.5756851698609,301,4.986088697478408e-08,ok,12072,12584,520,209.597994
brc100d.map,892,89,206,348,251,110,357.96046142,357.9604614807114,295,6.071138614061056e-08,ok,16033,16410,378,235.02492
brc100d.map,893,89,206,303,278,154,358.4457428,358.44574285494986,293,5.494985089171678e-08,ok,18041,18285,435,255.530191
brc100d.map,894,89,266,291,212,57,357.01933594,357.01933598375706,304,4.3757040657510515e-08,ok,13810,14067,458,181.183891
brc100d.map,895,89,305,115,178,316,358.19090881,358.1909088590107,306,4.9010679958882974e-08,ok,17566,17830,485,236.417981
brc100d.map,896,89,275,425,379,121,357.01933594,357.01933598375706,304,4.3757040657510515e-08,ok,3089,3567,479,40.019685
brc100d.map,897,89,204,355,262,104,357.85995636,357.8599564173231,292,5.732306362915551e-08,ok,15184,15595,412,201.002817
brc100d.map,898,89,273,56,388,324,356.84776306,356.8477631085033,303,4.85032956021314e-08,ok,9127,9562,446,119.604095
brc100d.map,899,89,217,175,266,332,358.8183258,358.8183258569806,300,5.6980582030519145e-08,ok,6684,7098,415,86.543779
brc100d.map,900,90,258,378,294,68,363.01933594,363.01933598375683,310,4.375681328383507e-08,ok,8915,9319,405,118.216378
brc100d.map,901,90,233,97,191,269,360.83556976,360.8355697996829,319,3.968290229749982e-08,ok,12738,13013,299,160.711653
brc100d.map,902,90,216,321,332,91,360.91883087,360.9188309203685,305,5.0368498705211096e-08,ok,13037,13511,486,168.559779
brc100d.map,903,90,261,136,193,299,363.27416992,363.2741699796961,297,5.969610583633767e-08,ok,17905,18240,353,229.680585
brc100d.map,904,90,259,51,236,301,363.19090881,363.19090885901085,311,4.901085048913956e-08,ok,12825,13115,291,165.911548
brc100d.map,905,90,248,382,333,84,362.98989868,362.98989873223405,305,5.2234042868803954e-08,ok,9284,9695,428,132.256418
brc100d.map,906,90,273,106,195,316,362.37467499,362.3746750430843,299,5.308430672812392e-08,ok,16899,17219,444,214.463396
brc100d.map,907,90,180,314,278,120,360.71782074,360.7178207935922,299,5.359220267564524e-08,ok,13848,14199,352,168.608134
brc100d.map,908,90,246,57,243,292,361.32085113,361.3208511739219,317,4.392188657220686e-08,ok,13529,13756,248,167.184387
brc100d.map,909,90,176,282,311,134,362.4457428,362.44574285494986,297,5.494985089171678e-08,ok,12846,13092,371,172.906544
brc100d.map,910,91,231,381,233,141,365.4457428,365.4457428549497,300,5.4949680361460196e-08,ok,19244,19530,473,320.78437
brc100d.map,911,91,157,261,303,159,364.51681061,364.5168106668154,297,5.6815395055309637e-08,ok,12098,12384,349,167.619815
brc100d.map,912,91,284,129,159,325,365.67619018,365.67619023324914,311,5.324915264282026e-08,ok,16537,16824,427,208.783158
brc100d.map,913,91,133,296,312,154,367.09040375,367.0904037956226,312,4.5622584821103374e-08,ok,11334,11602,371,147.420616
brc100d.map,914,91,247,391,332,93,367.67619018,367.67619023324926,313,5.3249266329657985e-08,ok,10531,10927,401,143.836288
brc100d.map,915,91,183,329,369,103,365.60512237,365.6051224213839,313,5.138389269632171e-08,ok,9223,9743,539,128.123546
brc100d.map,916,91,220,126,223,345,367.74725799,367.7472580451149,311,5.5114924180088565e-08,ok,11904,12327,451,154.944816
brc100d.map,917,91,275,118,184,301,365.34523773,365.34523779156154,297,6.15615363130928e-08,ok,18218,18563,371,287.446807
brc100d.map,918,91,203,57,260,282,367.70562744,367.70562748477226,318,4.4772264118364546e-08,ok,11686,11942,265,195.593145
brc100d.map,919,91,169,294,313,136,367.30360718,367.30360723121896,306,5.1218989938206505e-08,ok,13532,13757,371,200.742109
brc100d.map,920,92,264,94,202,353,368.20310211,368.20310216783054,304,5.783056167274481e-08,ok,12546,12996,459,173.312096
brc100d.map,921,92,373,123,166,300,371.30360718,371.30360723121896,310,5.1218989938206505e-08,ok,17353,17715,496,232.879122
brc100d.map,922,92,180,301,268,131,368.03152923,368.0315292925769,303,6.257693030420342e-08,ok,15080,15388,339,189.219161
brc100d.map,923,92,217,347,240,101,369.47518005,369.4751801064727,309,5.6472686082997825e-08,ok,18202,18509,389,242.623398
brc100d.map,924,92,181,306,350,132,368.06096649,368.06096654409964,308,5.409964387581567e-08,ok,13927,14200,382,194.226244
brc100d.map,925,92,238,154,206,348,370.1320343,370.132034355965,308,5.596501750915195e-08,ok,12426,12863,440,160.103622
brc100d.map,926,92,228,130,223,367,369.64675293,369.6467529817266,310,5.172660166863352e-08,ok,10270,10673,456,127.524064
brc100d.map,927,92,242,351,285,68,368.8183258,368.81832585698015,310,5.698012728316826e-08,ok,12574,13044,471,166.150952
brc100d.map,928,92,269,435,273,137,368.19090881,368.190908859011,316,4.901102101939614e-08,ok,12070,12386,372,176.505094
brc100d.map,929,92,309,105,175,327,369.119841,369.11984104714514,319,4.7145135795290116e-08,ok,17097,17384,492,246.985562
brc100d.map,930,93,370,106,182,296,374.96046142,374.9604614807114,312,6.071138614061056e-08,ok,18680,18962,422,246.401561
brc100d.map,931,93,233,282,222,63,373.22034607,373.2203461105338,326,4.053379143442726e-08,ok,13507,13711,363,169.31273
brc100d.map,932,93,153,326,369,123,374.36248169,374.36248173426486,323,4.4264879761612974e-08,ok,9549,9933,421,146.943475
brc100d.map,933,93,305,157,163,246,374.58787842,374.5878784786813,305,5.868133712283452e-08,ok,20561,20902,392,270.084292
brc100d.map,934,93,389,128,161,305,375.85995636,375.8599564173229,310,5.732289309889893e-08,ok,15821,16177,508,213.84144
brc100d.map,935,93,268,99,191,319,372.78888855,372.78888860545743,309,5.545740577872493e-08,ok,16968,17296,424,225.424045
brc100d.map,936,93,238,120,201,344,372.64675293,372.6467529817265,313,5.17264879817958e-08,ok,14565,15020,464,199.438515
brc100d.map,937,93,317,122,158,322,374.84776306,374.847763108503,321,4.85030113850371e-08,ok,17127,17429,476,230.917677
brc100d.map,938,93,207,313,330,86,373.30360718,373.3036072312188,312,5.121881940794992e-08,ok,13140,13594,455,167.982577
brc100d.map,939,93,316,111,170,315,375.16147156,375.16147160748784,318,4.748784476760193e-08,ok,18188,18507,461,259.123423
brc100d.map,940,94,172,307,348,132,378.64675293,378.64675298172665,319,5.172665851205238e-08,ok,14332,14597,366,191.785235
brc100d.map,941,94,201,362,273,86,378.85995636,378.8599564173231,313,5.732306362915551e-08,ok,15669,15986,352,208.102944
brc100d.map,942,94,199,288,244,76,377.97770538,377.9777054234145,332,4.3414502215455286e-08,ok,12113,12390,347,154.890579
brc100d.map,943,94,206,302,235,133,376.37467499,376.3746750430843,313,5.308430672812392e-08,ok,17339,17646,357,214.641324
brc100d.map,944,94,187,331,254,109,377.03152923,377.03152929257703,312,6.257704399104114e-08,ok,15611,16013,403,261.100048
brc100d.map,945,94,274,401,335,92,379.01933594,379.0193359837569,326,4.375687012725393e-08,ok,10245,10665,427,164.411815
brc100d.map,946,94,171,295,375,113,379.20310211,379.2031021678307,315,5.783073220300139e-08,ok,8328,8801,477,104.427179
brc100d.map,947,94,190,245,234,216,378.93102417,378.9310242291886,311,5.918860779274837e-08,ok,12708,13022,328,200.880695
brc100d.map,948,94,273,63,230,341,377.09040375,377.09040379562265,322,4.5622641664522234e-08,ok,12748,13185,442,171.574989
brc100d.map,949,94,220,149,215,320,378.96046142,378.9604614807114,316,6.071138614061056e-08,ok,15683,15986,390,219.288289
brc100d.map,950,95,300,133,165,260,382.41630554,382.4163056034274,312,6.342742153719882e-08,ok,20180,20477,583,455.421328
brc100d.map,951,95,194,328,317,80,380.26197662,380.2619766708762,326,5.087622412247583e-08,ok,13208,13562,476,308.228721
brc100d.map,952,95,210,270,239,60,380.07821045,380.07821048680285,337,3.6802873637498124e-08,ok,12691,12973,329,169.837112
brc100d.map,953,95,263,360,214,172,383.23253937,383.23253941935343,324,4.935344577461365e-08,ok,24153,24378,528,327.124547
brc100d.map,954,95,230,141,199,319,382.06096649,382.06096654409964,322,5.409964387581567e-08,ok,16899,17231,453,233.289354
brc100d.map,955,95,194,318,264,90,380.85995636,380.85995641732313,315,5.7323120472574374e-08,ok,14995,15410,416,256.499664
brc100d.map,956,95,232,139,198,315,381.88939361,381.8893936688459,321,5.884589882043656e-08,ok,17410,17726,467,227.878874
brc100d.map,957,95,234,356,242,84,380.71782074,380.717820793592,319,5.359203214538866e-08,ok,18996,19307,527,382.451393
brc100d.map,958,95,195,303,267,93,381.8305191,381.8305191658003,311,6.58002932141244e-08,ok,14692,15103,412,194.513431
brc100d.map,959,95,246,140,268,423,382.84776306,382.84776310850305,329,4.850306822845596e-08,ok,8176,8630,455,119.332967
brc100d.map,960,96,250,74,192,268,384.49242401,384.4924240491755,341,3.917551794074825e-08,ok,13317,13571,285,192.458805
brc100d.map,961,96,260,353,230,61,387.78888855,387.78888860545754,324,5.5457519465562655e-08,ok,18825,19212,580,271.277163
brc100d.map,962,96,178,322,272,99,384.30360718,384.30360723121913,323,5.121916046846309e-08,ok,15128,15448,376,231.264382
brc100d.map,963,96,159,329,277,111,387.40411224,387.4041122946076,329,5.460759666675585e-08,ok,14354,14705,354,213.028363
brc100d.map,964,96,204,292,206,172,387.22034607,387.22034611053374,340,4.05337345910084e-08,ok,14055,14374,320,177.080914
brc100d.map,965,96,263,144,181,281,387.55844116,387.55844122715814,313,6.715816880387138e-08,ok,19532,19803,324,318.360624
brc100d.map,966,96,254,109,190,293,385.04372253,385.0437226013968,308,7.139675517464639e-08,ok,18929,19194,393,330.249502
brc100d.map,967,96,252,52,217,298,386.70562744,386.70562748477226,337,4.4772264118364546e-08,ok,13676,13975,300,166.519827
brc100d.map,968,96,258,60,202,278,384.1076477,384.10764773832534,346,3.8325367768266005e-08,ok,13701,14007,307,173.698679
brc100d.map,969,96,221,303,249,52,387.77669525,387.7766952966377,336,4.663769459511968e-08,ok,13192,13480,326,175.629977
brc100d.map,970,97,213,276,223,61,390.56349182,390.5634918610414,345,4.104140316485427e-08,ok,13451,13654,353,167.445965
brc100d.map,971,97,280,57,265,387,389.33304443,389.33304448274185,333,5.274188197290641e-08,ok,8720,9145,426,118.926073
brc100d.map,972,97,204,324,220,151,389.1320343,389.1320343559651,327,5.596513119598967e-08,ok,20811,21156,346,323.193247
brc100d.map,973,97,338,92,197,364,390.64675293,390.64675298172676,331,5.17267721988901e-08,ok,13978,14531,554,191.141243
brc100d.map,974,97,211,346,283,66,388.33304443,388.3330444827416,332,5.274165459923097e-08,ok,16502,16881,509,230.233644
brc100d.map,975,97,363,90,268,429,389.94826813,389.9482681718914,339,4.1891439650498796e-08,ok,4806,5307,502,73.034956
brc100d.map,976,97,145,277,377,141,388.41630554,388.41630560342736,318,6.342736469377996e-08,ok,8385,8837,453,178.233968
brc100d.map,977,97,274,128,160,280,391.97265472,391.9726547895313,317,6.953132469789125e-08,ok,20092,20428,374,268.334359
brc100d.map,978,97,183,321,268,88,391.54624786,391.5462479183384,329,5.8338400776847266e-08,ok,15226,15600,417,205.180662
brc100d.map,979,97,241,99,260,404,389.98989868,389.98989873223405,332,5.2234042868803954e-08,ok,7875,8334,477,103.750196
brc100d.map,980,98,262,363,245,53,395.8183258,395.8183258569803,337,5.698029781342484e-08,ok,16955,17536,582,242.773583
brc100d.map,981,98,214,52,219,272,395.63455963,395.6345596729067,348,4.290666311135283e-08,ok,12783,12995,310,174.180748
brc100d.map,982,98,335,87,190,312,395.30360718,395.3036072312191,334,5.1219103625044227e-08,ok,20429,20662,454,309.038033
brc100d.map,983,98,196,336,296,68,395.40411224,395.4041122946072,337,5.460719876282383e-08,ok,14549,14880,349,207.664111
brc100d.map,984,98,261,160,182,291,395.1442276,395.14422766478515,321,6.478512659668922e-08,ok,18729,19074,361,240.285838
brc100d.map,985,98,227,54,222,305,392.47518005,392.475180106473,332,5.647297030009213e-08,ok,13007,13337,331,187.503501
brc100d.map,986,98,211,146,218,370,395.61731567,395.6173157302039,331,6.020394494044012e-08,ok,10382,10818,448,127.273874
brc100d.map,987,98,219,381,235,104,394.00209198,394.00209204105414,324,6.105415195634123e-08,ok,18236,18571,377,242.26981
brc100d.map,988,98,230,382,281,64,393.27416992,393.2741699796959,327,5.969587846266222e-08,ok,14633,15052,423,244.096963
brc100d.map,989,98,336,86,191,316,394.06096649,394.0609665440997,334,5.4099700719234534e-08,ok,20122,20395,473,280.353886
brc100d.map,990,99,246,361,250,60,396.68838348,396.68838354206923,330,6.206920488693868e-08,ok,19169,19591,573,289.184798
brc100d.map,991,99,209,330,208,156,398.06096649,398.0609665440996,338,5.409958703239681e-08,ok,22177,22394,328,285.95076
brc100d.map,992,99,182,317,232,140,397.47518005,397.47518010647286,337,5.647285661325441e-08,ok,18594,18886,343,266.469928
brc100d.map,993,99,229,68,194,270,399.83556976,399.83556979968324,358,3.968324335801299e-08,ok,13155,13413,269,162.623973
brc100d.map,994,99,255,367,242,57,399.96046142,399.96046148071133,337,6.07113292971917e-08,ok,18620,19078,551,250.321584
brc100d.map,995,99,161,280,381,114,396.90158691,396.9015869776659,324,6.766589422113611e-08,ok,8433,8915,483,106.043451
brc100d.map,996,99,182,302,321,87,396.37467499,396.37467504308444,333,5.308442041496164e-08,ok,13358,13698,383,171.172351
brc100d.map,997,99,216,175,231,344,398.37467499,398.3746750430848,335,5.3084761475474807e-08,ok,10073,10511,439,138.215991
brc100d.map,998,99,225,147,194,335,396.78888855,396.78888860545754,333,5.5457519465562655e-08,ok,16580,16898,416,210.69112
brc100d.map,999,99,165,262,317,120,398.80108185,398.8010819142776,323,6.427757170968107e-08,ok,12296,12618,367,161.637424
brc100d.map,1000,100,248,145,175,293,400.48737335,400.4873734152928,328,6.52927951705351e-08,ok,19370,19703,404,281.536713
brc100d.map,1001,100,270,412,295,63,402.4335495,402.4335495461301,349,4.613008286469267e-08,ok,9749,10121,373,142.452758
brc100d.map,1002,100,157,309,257,141,401.20310211,401.20310216783093,337,5.783095957667683e-08,ok,17122,17357,345,218.998538
brc100d.map,1003,100,176,333,233,144,403.30360718,403.30360723121913,342,5.121916046846309e-08,ok,19208,19533,346,295.740628
brc100d.map,1004,100,162,310,254,153,403.75945129,403.7594513539351,335,6.39350901110447e-08,ok,18514,18777,350,242.716485
brc100d.map,1005,100,183,301,234,142,401.93102417,401.9310242291886,334,5.918860779274837e-08,ok,18637,18933,360,258.096067
brc100d.map,1006,100,163,316,308,87,403.26197662,403.26197667087644,349,5.0876451496151276e-08,ok,13003,13336,334,182.584517
brc100d.map,1007,100,146,314,319,110,401.8183258,401.8183258569807,343,5.6980695717356866e-08,ok,13005,13328,376,175.63451
brc100d.map,1008,100,161,268,275,124,401.18585815,401.18585822512796,320,7.512795718866982e-08,ok,13551,13947,397,207.696447
brc100d.map,1009,100,308,134,165,248,402.48737335,402.48737341529295,330,6.529296570079168e-08,ok,21868,22092,484,374.14157
brc100d.map,1010,101,255,52,263,378,406.57568512,406.5756851698613,349,4.9861284878716106e-08,ok,10019,10414,396,136.520905
brc100d.map,1011,101,151,311,272,151,404.30360718,404.3036072312193,343,5.121933099871967e-08,ok,17674,17913,343,242.237455
brc100d.map,1012,101,369,148,174,228,407.70057678,407.7005768508895,329,7.088948450473254e-08,ok,22587,22859,428,329.745223
brc100d.map,1013,101,264,424,339,85,404.77669525,404.77669529663785,353,4.6637865125376265e-08,ok,10747,11163,417,146.165488
brc100d.map,1014,101,274,119,150,284,407.55844116,407.55844122715814,333,6.715816880387138e-08,ok,21182,21463,348,282.606597
brc100d.map,1015,101,151,256,389,132,406.8427124,406.84271247462027,324,7.462028861482395e-08,ok,8135,8590,472,107.267341
brc100d.map,1016,101,225,356,207,174,406.61731567,406.61731573020364,342,6.020366072334582e-08,ok,23569,23792,280,296.667525
brc100d.map,1017,101,279,417,223,146,407.47518005,407.4751801064729,347,5.647291345667327e-08,ok,20612,20941,441,268.20767
brc100d.map,1018,101,218,380,284,59,407.85995636,407.859956417323,342,5.732300678573665e-08,ok,15416,15883,468,242.0677
brc100d.map,1019,101,260,106,166,288,406.94321747,406.94321753800847,327,6.80084895066102e-08,ok,20037,20346,427,380.718511
brc100d.map,1020,102,217,169,219,319,411.10259704,411.1025971044427,344,6.444270184147172e-08,ok,15474,15759,397,239.430418
brc100d.map,1021,102,226,132,179,307,408.96046142,408.96046148071144,346,6.071144298402942e-08,ok,18792,19098,456,295.832788
brc100d.map,1022,102,165,336,239,144,409.54624786,409.54624791833857,347,5.833857130710385e-08,ok,18826,19138,349,240.323875
brc100d.map,1023,102,180,268,306,94,411.34523773,411.3452377915618,343,6.156176368676824e-08,ok,12747,13079,338,154.069915
brc100d.map,1024,102,269,112,155,283,410.28636322,410.28636328851604,332,6.851604439361836e-08,ok,20505,20832,360,261.59555
brc100d.map,1025,102,231,351,233,57,409.34523773,409.34523779156166,341,6.156164999993052e-08,ok,20270,20580,474,292.670415
brc100d.map,1026,102,152,307,258,150,409.75945129,409.75945135393516,341,6.393514695446356e-08,ok,17939,18205,350,252.123888
brc100d.map,1027,102,157,245,289,127,411.28636322,411.2863632885161,333,6.851610123703722e-08,ok,12896,13199,372,206.895123
brc100d.map,1028,102,204,61,217,288,410.53405456,410.53405460951853,360,4.951851906298543e-08,ok,13542,13809,268,186.478261
brc100d.map,1029,102,159,322,241,123,410.64675293,410.64675298172693,351,5.1726942729146685e-08,ok,17069,17402,334,210.053375
brc100d.map,1030,103,206,276,209,52,415.29141388,415.29141392239944,366,4.239944928485784e-08,ok,13758,14015,381,195.26871
brc100d.map,1031,103,153,304,265,155,412.10259704,412.1025971044427,345,6.444270184147172e-08,ok,18574,18815,358,322.382583
brc100d.map,1032,103,170,277,306,87,413.24473266,413.2447327281734,342,6.817339226472541e-08,ok,12761,13108,348,164.611263
brc100d.map,1033,103,261,395,205,169,414.8183258,414.8183258569803,356,5.698029781342484e-08,ok,23267,23466,362,339.921283
brc100d.map,1034,103,234,343,219,58,413.68838348,413.6883835420693,347,6.206926173035754e-08,ok,21014,21307,517,289.285491
brc100d.map,1035,103,315,91,166,275,415.31580047,415.31580054003916,342,7.003916380199371e-08,ok,20744,21038,328,281.140837
brc100d.map,1036,103,230,142,179,287,415.73001404,415.73001410241216,342,6.241214123292593e-08,ok,19203,19495,392,265.675527
brc100d.map,1037,103,153,274,319,124,412.80108185,412.8010819142775,337,6.427751486626221e-08,ok,13096,13384,375,175.897563
brc100d.map,1038,103,169,292,266,90,415.80108185,415.8010819142777,340,6.427768539651879e-08,ok,14941,15351,411,190.567858
brc100d.map,1039,103,247,123,155,308,414.4457428,414.44574285494997,349,5.49499645785545e-08,ok,19733,20031,456,317.174335
brc100d.map,1040,104,147,305,366,95,418.30360718,418.30360723121925,357,5.121927415530081e-08,ok,10235,10617,405,162.949404
brc100d.map,1041,104,237,88,187,353,416.20310211,416.2031021678307,352,5.783073220300139e-08,ok,15437,15895,466,222.694253
brc100d.map,1042,104,150,322,358,88,418.57568512,418.57568516986146,361,4.986145540897269e-08,ok,11402,11751,389,174.819853
brc100d.map,1043,104,145,306,372,93,419.40411224,419.40411229460756,361,5.460753982333699e-08,ok,8694,9198,505,131.515208
brc100d.map,1044,104,182,267,246,142,417.31580047,417.31580054003905,344,7.003905011515599e-08,ok,17878,18140,342,255.374965
brc100d.map,1045,104,222,339,226,57,417.4457428,417.44574285495,352,5.495002142197336e-08,ok,20550,20827,434,279.314443
brc100d.map,1046,104,322,82,160,309,419.1320343,419.1320343559653,357,5.596530172624625e-08,ok,21298,21528,516,344.364042
brc100d.map,1047,104,201,52,209,273,419.04877319,419.0487732352798,371,4.527976216195384e-08,ok,12907,13150,274,158.237016
brc100d.map,1048,104,156,316,238,137,416.64675293,416.6467529817269,357,5.1726885885727825e-08,ok,17884,18173,337,221.581606
brc100d.map,1049,104,277,143,157,260,418.5290039,418.52900397563553,339,7.563551207567798e-08,ok,20370,20678,312,259.142724
brc100d.map,1050,105,167,244,306,115,421.38686828,421.38686835190435,346,7.19043669050734e-08,ok,12073,12400,328,144.857523
brc100d.map,1051,105,131,299,267,128,420.10259704,420.1025971044427,353,6.444270184147172e-08,ok,15282,15594,333,184.798927
brc100d.map,1052,105,191,250,295,139,422.97265472,422.9726547895314,348,6.953143838472897e-08,ok,12335,12666,340,148.92207
brc100d.map,1053,105,332,86,167,301,420.27416992,420.2741699796963,354,5.969627636659425e-08,ok,21399,21628,474,267.926585
brc100d.map,1054,105,281,56,185,328,420.71782074,420.7178207935922,359,5.359220267564524e-08,ok,19573,19889,448,249.313215
brc100d.map,1055,105,264,54,201,322,423.37467499,423.3746750430847,360,5.3084704632055946e-08,ok,19259,19606,447,239.565874
brc100d.map,1056,105,278,55,257,416,422.8183258,422.8183258569805,364,5.698046834368142e-08,ok,8997,9509,529,115.949918
brc100d.map,1057,105,191,359,278,56,422.03152923,422.031529292577,357,6.257698714762228e-08,ok,16830,17205,376,323.078106
brc100d.map,1058,105,335,93,169,288,423.75945129,423.75945135393505,355,6.393503326762584e-08,ok,21162,21424,358,266.951442
brc100d.map,1059,105,174,303,225,121,422.93102417,422.9310242291887,355,5.918872147958609e-08,ok,18501,18852,352,256.002888
brc100d.map,1060,106,171,298,233,105,425.80108185,425.8010819142777,350,6.427768539651879e-08,ok,17581,17949,369,263.290797
brc100d.map,1061,106,209,314,218,170,424.58787842,424.5878784786809,355,5.8680939218902495e-08,ok,24564,24785,310,354.026443
brc100d.map,1062,106,184,272,347,90,424.24473266,424.2447327281735,353,6.817350595156313e-08,ok,13543,13994,455,169.186887
brc100d.map,1063,106,375,133,181,233,424.8427124,424.8427124746205,342,7.462051598849939e-08,ok,23332,23550,569,292.146182
brc100d.map,1064,106,329,88,154,306,427.37467499,427.3746750430846,364,5.3084590945218224e-08,ok,21498,21755,461,279.224524
brc100d.map,1065,106,159,260,369,97,425.80108185,425.8010819142775,350,6.427751486626221e-08,ok,8908,9339,432,109.209844
brc100d.map,1066,106,278,123,167,241,424.67113952,424.67113959936654,341,7.936654355944484e-08,ok,22031,22250,375,301.586382
brc100d.map,1067,106,229,70,217,313,425.75945129,425.7594513539352,357,6.393520379788242e-08,ok,18178,18377,346,267.431989
brc100d.map,1068,106,311,136,171,231,424.62950897,424.62950903902396,348,6.902394034113968e-08,ok,22549,22789,378,352.365975
brc100d.map,1069,106,343,128,132,298,427.37467499,427.3746750430845,364,5.30844772583805e-08,ok,19542,19939,410,324.865055
brc100d.map,1070,107,249,150,142,310,428.34523773,428.34523779156166,360,6.156164999993052e-08,ok,19540,19887,479,290.163056
brc100d.map,1071,107,274,148,153,251,428.8427124,428.8427124746204,346,7.462040230166167e-08,ok,20632,20977,346,339.664373
brc100d.map,1072,107,171,332,212,145,430.1320343,430.1320343559654,368,5.5965415413083974e-08,ok,20761,21106,346,299.213445
brc100d.map,1073,107,240,100,168,299,430.48737335,430.4873734152928,358,6.52927951705351e-08,ok,19868,20157,347,265.024991
brc100d.map,1074,107,160,286,240,117,428.04372253,428.043722601397,351,7.139698254832183e-08,ok,16985,17330,346,217.670055
brc100d.map,1075,107,236,388,253,55,428.51681061,428.51681066681533,361,5.6815338211890776e-08,ok,20414,20772,551,288.165834
brc100d.map,1076,107,310,81,146,306,431.23253937,431.23253941935366,372,4.935367314828909e-08,ok,21640,21913,434,288.162496
brc100d.map,1077,107,213,147,177,300,431.41630554,431.41630560342736,361,6.342736469377996e-08,ok,19223,19547,416,248.083449
brc100d.map,1078,107,227,64,257,391,428.78888855,428.7888886054579,365,5.545786052607582e-08,ok,9953,10368,419,129.689096
brc100d.map,1079,107,226,60,218,316,428.65894623,428.6589462905469,357,6.054688128642738e-08,ok,17881,18098,368,232.033189
brc100d.map,1080,108,194,310,265,54,434.34523773,434.3452377915617,366,6.156170684334938e-08,ok,18395,18764,415,240.610936
brc100d.map,1081,108,218,358,218,66,434.17366485,434.1736649163078,365,6.630779125771369e-08,ok,21820,22171,479,330.916041
brc100d.map,1082,108,184,248,317,126,433.80108185,433.8010819142776,358,6.427757170968107e-08,ok,12829,13127,364,158.794989
brc100d.map,1083,108,230,67,201,343,435.85995636,435.8599564173234,370,5.732340468966868e-08,ok,16499,16876,408,205.057548
brc100d.map,1084,108,250,148,139,302,432.58787842,432.587878478681,363,5.8680996062321356e-08,ok,20383,20736,469,290.685346
brc100d.map,1085,108,155,270,270,102,435.49956665,435.49956672411275,351,7.41127337278158e-08,ok,14461,14864,404,190.819204
brc100d.map,1086,108,353,90,148,298,432.93102417,432.9310242291887,365,5.918872147958609e-08,ok,21857,22144,465,366.802302
brc100d.map,1087,108,163,327,223,98,435.51681061,435.5168106668159,368,5.6815906646079384e-08,ok,17998,18375,386,254.383366
brc100d.map,1088,108,250,372,207,58,435.17366485,435.17366491630787,366,6.630784810113255e-08,ok,22560,22947,530,297.492597
brc100d.map,1089,108,225,105,163,319,434.75945129,434.75945135393476,366,6.393474905053154e-08,ok,18871,19137,439,265.837822
brc100d.map,1090,109,181,240,293,118,436.11479034,436.1147904132623,357,7.326229933823925e-08,ok,12673,13002,350,180.372126
brc100d.map,1091,109,210,63,216,337,436.1320343,436.1320343559655,374,5.5965529099921696e-08,ok,14406,14794,389,188.120301
brc100d.map,1092,109,183,316,266,61,438.96046142,438.96046148071144,376,6.071144298402942e-08,ok,18796,19128,413,316.825733
brc100d.map,1093,109,245,74,265,426,438.23253937,438.2325394193536,379,4.935361630487023e-08,ok,9595,10039,445,124.893752
brc100d.map,1094,109,187,298,269,62,439.00209198,439.0020920410541,369,6.105409511292237e-08,ok,18282,18642,399,250.848314
brc100d.map,1095,109,269,403,250,52,439.06096649,439.0609665440997,379,5.4099700719234534e-08,ok,19237,19681,527,276.457764
brc100d.map,1096,109,167,328,207,150,438.71782074,438.7178207935924,377,5.359243004932068e-08,ok,21474,21754,306,274.248401
brc100d.map,1097,109,308,125,187,230,438.01428528,438.0142853498743,356,6.98742610438785e-08,ok,23785,24054,393,386.836504
brc100d.map,1098,109,155,300,228,123,439.93102417,439.93102422918884,372,5.9188835166423814e-08,ok,18491,18819,329,231.992738
brc100d.map,1099,109,243,51,205,319,437.10259704,437.1025971044428,370,6.444281552830944e-08,ok,18953,19286,436,262.225275
brc100d.map,1100,110,241,94,176,277,440.94321747,440.94321753800875,361,6.800877372370451e-08,ok,19739,20001,282,265.445879
brc100d.map,1101,110,343,96,150,289,443.00209198,443.0020920410544,373,6.105443617343553e-08,ok,21980,22251,420,306.488557
brc100d.map,1102,110,142,296,278,101,441.31580047,441.3158005400393,368,7.003927748883143e-08,ok,16980,17279,347,217.910149
brc100d.map,1103,110,243,93,158,311,443.75945129,443.7594513539349,375,6.393486273736926e-08,ok,19616,19885,426,269.533569
brc100d.map,1104,110,167,308,244,89,440.41630554,440.4163056034275,370,6.342747838061769e-08,ok,18971,19244,502,257.001022
brc100d.map,1105,110,176,335,249,78,440.75945129,440.75945135393505,372,6.393503326762584e-08,ok,19684,19994,418,269.96646
brc100d.map,1106,110,152,257,250,144,440.08535309,440.0853531617396,356,7.173957783379592e-08,ok,17834,18107,342,278.45597
brc100d.map,1107,110,187,354,243,66,440.27416992,440.27416997969635,374,5.969633321001311e-08,ok,19827,20145,407,287.298203
brc100d.map,1108,110,245,52,197,324,441.20310211,441.20310216783105,377,5.7831073263514554e-08,ok,18620,18967,424,235.557769
brc100d.map,1109,110,354,87,139,300,441.34523773,441.34523779156183,373,6.15618205301871e-08,ok,22030,22346,455,316.987704
brc100d.map,1110,111,223,54,211,366,444.45793609,444.45793616377034,367,7.377036581601715e-08,ok,12629,13100,472,179.477261
brc100d.map,1111,111,321,84,155,258,446.94321747,446.94321753800887,367,6.800888741054223e-08,ok,21292,21557,320,282.840263
brc100d.map,1112,111,162,267,240,106,447.49956665,447.4995667241128,363,7.411279057123465e-08,ok,17704,18020,381,267.134743
brc100d.map,1113,111,255,407,229,60,445.27416992,445.27416997969635,379,5.969633321001311e-08,ok,21262,21557,535,312.638149
brc100d.map,1114,111,169,330,247,76,446.85995636,446.8599564173234,381,5.732340468966868e-08,ok,19526,19834,418,261.496782
brc100d.map,1115,111,173,252,264,151,445.67113952,445.6711395993665,362,7.936648671602597e-08,ok,17842,18079,361,226.182774
brc100d.map,1116,111,190,352,255,52,444.78888855,444.7888886054577,381,5.545768999581924e-08,ok,19790,20102,402,291.680078
brc100d.map,1117,111,162,340,239,81,447.78888855,447.78888860545794,384,5.545791736949468e-08,ok,18885,19189,447,311.044719
brc100d.map,1118,111,217,53,213,357,445.1442276,445.1442276647855,371,6.478546765720239e-08,ok,13372,13822,451,175.603929
brc100d.map,1119,111,226,105,156,307,445.73001404,445.73001410241204,372,6.241202754608821e-08,ok,19823,20102,411,298.82763
brc100d.map,1120,112,233,65,189,358,448.58787842,448.5878784786813,379,5.868133712283452e-08,ok,15530,15993,464,216.22651
brc100d.map,1121,112,210,66,216,366,448.65894623,448.658946290547,377,6.05469949732651e-08,ok,12346,12820,475,230.671099
brc100d.map,1122,112,254,405,222,65,448.61731567,448.6173157302039,384,6.020394494044012e-08,ok,21989,22262,579,314.609641
brc100d.map,1123,112,143,273,355,93,449.1442276,449.14422766478526,375,6.478524028352695e-08,ok,12193,12538,382,160.487245
brc100d.map,1124,112,148,266,265,96,450.57063446,450.5706345359783,364,7.597827789140865e-08,ok,14980,15396,417,205.814744
brc100d.map,1125,112,217,52,213,310,449.04372253,449.04372260139723,372,7.139720992199727e-08,ok,18874,19155,428,254.649158
brc100d.map,1126,112,212,57,210,350,448.58787842,448.5878784786814,379,5.868139396625338e-08,ok,14321,14759,439,193.241348
brc100d.map,1127,112,310,111,175,226,448.35743103,448.35743110038186,368,7.038187277430552e-08,ok,22919,23156,323,319.854841
brc100d.map,1128,112,255,137,169,237,448.25692596,448.2569260369935,365,7.699350135226268e-08,ok,22279,22506,336,322.967803
brc100d.map,1129,112,233,373,201,56,451.80108185,451.8010819142774,376,6.427740117942449e-08,ok,23001,23391,435,307.954405
brc100d.map,1130,113,196,299,229,57,455.35743103,455.3574311003817,375,7.038170224404894e-08,ok,20240,20539,432,263.817151
brc100d.map,1131,113,228,60,273,413,453.10259704,453.1025971044427,386,6.444270184147172e-08,ok,12001,12368,371,169.178376
brc100d.map,1132,113,239,123,150,258,452.25692596,452.25692603699355,369,7.699355819568154e-08,ok,21204,21536,392,316.056186
brc100d.map,1133,113,339,130,168,229,455.28636322,455.2863632885164,377,6.851638545413152e-08,ok,22210,22446,389,364.396135
brc100d.map,1134,113,202,52,266,387,453.51681061,453.5168106668158,386,5.681579295924166e-08,ok,10638,10994,357,133.152662
brc100d.map,1135,113,228,131,138,297,452.51681061,452.5168106668156,385,5.681562242898508e-08,ok,20731,21078,370,267.833444
brc100d.map,1136,113,245,55,279,418,455.03152923,455.03152929257726,390,6.257727136471658e-08,ok,12802,13148,359,170.819863
brc100d.map,1137,113,275,57,178,281,452.87214966,452.8721497261434,375,6.614340009036823e-08,ok,20734,20951,353,272.203147
brc100d.map,1138,113,279,57,184,273,454.38686828,454.38686835190475,379,7.190476480900543e-08,ok,20994,21183,317,269.395419
brc100d.map,1139,113,346,88,134,298,454.75945129,454.759451353935,386,6.393497642420698e-08,ok,22266,22581,423,285.040066
brc100d.map,1140,114,203,53,217,365,459.62950897,459.62950903902413,383,6.902411087139626e-08,ok,12419,12870,452,170.315257
brc100d.map,1141,114,146,313,232,92,458.00209198,458.0020920410546,388,6.105460670369212e-08,ok,18487,18804,426,284.097409
brc100d.map,1142,114,174,225,371,102,458.35743103,458.3574311003817,378,7.038170224404894e-08,ok,8312,8760,449,119.440027
brc100d.map,1143,114,242,114,148,254,458.39906158,458.39906166072456,371,8.072453283602954e-08,ok,21246,21588,357,356.87671
brc100d.map,1144,114,262,58,177,299,457.24473266,457.2447327281738,386,6.817379016865743e-08,ok,21066,21303,397,292.634741
brc100d.map,1145,114,230,137,131,300,456.27416992,456.2741699796963,390,5.969627636659425e-08,ok,20755,21108,372,277.616836
brc100d.map,1146,114,346,133,181,227,456.91378021,456.913780286486,372,7.648594646525453e-08,ok,23234,23459,432,303.752577
brc100d.map,1147,114,145,263,352,88,457.18585815,457.1858582251279,376,7.512790034525096e-08,ok,12201,12572,372,181.858919
brc100d.map,1148,114,189,239,262,134,456.25692596,456.2569260369935,373,7.699350135226268e-08,ok,15730,16016,356,308.348696
brc100d.map,1149,114,155,243,307,82,457.45793609,457.4579361637699,380,7.376991106866626e-08,ok,12599,12957,359,163.166214
brc100d.map,1150,115,313,97,187,252,462.28636322,462.2863632885164,384,6.851638545413152e-08,ok,25359,25591,312,339.895278
brc100d.map,1151,115,178,323,230,58,462.00209198,462.00209204105437,392,6.105437933001667e-08,ok,20370,20664,423,270.084265
brc100d.map,1152,115,148,262,344,87,462.18585815,462.1858582251279,381,7.512790034525096e-08,ok,14329,14791,463,186.075085
brc100d.map,1153,115,170,242,357,85,463.08535309,463.08535316173953,379,7.173952099037706e-08,ok,10925,11293,374,178.659718
brc100d.map,1154,115,231,149,153,253,461.81327514,461.81327522309766,374,8.309768873004941e-08,ok,20527,20894,368,336.559391
brc100d.map,1155,115,237,118,166,244,462.57063446,462.57063453597834,376,7.597833473482751e-08,ok,21927,22148,290,324.6496
brc100d.map,1156,115,242,80,184,269,460.04372253,460.0437226013971,383,7.139709623515955e-08,ok,21016,21211,269,319.158563
brc100d.map,1157,115,259,54,175,307,460.58787842,460.5878784786814,391,5.868139396625338e-08,ok,21114,21331,451,303.666724
brc100d.map,1158,115,228,71,179,318,461.34523773,461.3452377915621,393,6.156210474728141e-08,ok,19461,19741,416,245.721624
brc100d.map,1159,115,140,294,223,149,461.73001404,461.7300141024123,388,6.241231176318252e-08,ok,20541,20897,357,284.596682
brc100d.map,1160,116,255,411,212,61,465.85995636,465.85995641732325,400,5.7323234159412095e-08,ok,22586,22931,500,317.001503
brc100d.map,1161,116,204,171,162,324,464.20310211,464.203102167831,400,5.7831016420095693e-08,ok,17743,18038,470,267.558304
brc100d.map,1162,116,180,284,237,70,466.18585815,466.18585822512796,385,7.512795718866982e-08,ok,20446,20689,433,283.573199
brc100d.map,1163,116,190,236,271,106,467.88434295,467.8843430349632,378,8.496317605022341e-08,ok,14197,14593,397,192.221484
brc100d.map,1164,116,188,238,253,126,467.1564209,467.15642097360524,381,7.36052356842265e-08,ok,16094,16384,360,197.972451
brc100d.map,1165,116,141,274,340,84,467.70057678,467.70057685088943,389,7.088942766131368e-08,ok,15344,15753,410,203.786599
brc100d.map,1166,116,203,56,202,340,467.65894623,467.6589462905469,396,6.054688128642738e-08,ok,17232,17534,416,219.99706
brc100d.map,1167,116,279,58,151,303,464.58787842,464.58787847868126,395,5.868128027941566e-08,ok,21672,21941,439,292.703247
brc100d.map,1168,116,139,300,214,145,467.58787842,467.5878784786814,398,5.868139396625338e-08,ok,20597,20946,350,253.537153
brc100d.map,1169,116,308,80,175,246,465.21529541,465.215295476651,389,6.665101182079525e-08,ok,23284,23460,302,290.538725
brc100d.map,1170,117,167,307,245,60,470.24473266,470.24473272817363,399,6.817361963840085e-08,ok,19591,19942,414,280.22799
brc100d.map,1171,117,270,97,185,237,471.88434295,471.8843430349632,382,8.496317605022341e-08,ok,23944,24198,309,308.114584
brc100d.map,1172,117,254,53,172,309,468.17366485,468.17366491630827,399,6.630824600506458e-08,ok,21122,21333,460,277.967912
brc100d.map,1173,117,217,64,271,423,471.61731567,471.61731573020415,407,6.020417231411557e-08,ok,11658,12055,400,154.091873
brc100d.map,1174,117,189,240,250,125,470.74220733,470.74220741123213,385,8.123214456645655e-08,ok,16276,16586,341,237.283
brc100d.map,1175,117,251,67,167,299,469.04372253,469.0437226013972,392,7.139715307857841e-08,ok,21388,21652,344,429.984889
brc100d.map,1176,117,162,303,208,171,471.24473266,471.24473272817363,400,6.817361963840085e-08,ok,23469,23682,321,312.578865
brc100d.map,1177,117,212,159,147,289,471.94321747,471.94321753800875,392,6.800877372370451e-08,ok,20708,21020,372,267.270264
brc100d.map,1178,117,178,311,234,53,469.1442276,469.1442276647853,395,6.478529712694581e-08,ok,20225,20553,424,274.990699
brc100d.map,1179,117,199,52,266,399,468.51681061,468.5168106668158,401,5.681579295924166e-08,ok,10649,11029,381,140.311879
brc100d.map,1180,118,211,56,189,330,472.41630554,472.4163056034276,402,6.342759206745541e-08,ok,18686,18894,427,232.707675
brc100d.map,1181,118,222,173,181,282,474.01428528,474.01428534987457,392,6.987454526097281e-08,ok,19499,19754,365,277.209624
brc100d.map,1182,118,146,283,209,149,474.28636322,474.2863632885164,396,6.851638545413152e-08,ok,21281,21575,310,282.200425
brc100d.map,1183,118,185,248,261,96,472.05591583,472.055915910217,383,8.021697794902138e-08,ok,14797,15232,436,189.85699
brc100d.map,1184,118,268,60,150,308,473.68838348,473.68838354206963,407,6.20696027908707e-08,ok,21477,21733,455,329.551762
brc100d.map,1185,118,252,109,188,237,475.61226501,475.61226509632104,382,8.632105163997039e-08,ok,24402,24683,348,310.491347
brc100d.map,1186,118,162,305,259,56,473.58787842,473.58787847868126,404,5.868128027941566e-08,ok,19417,19705,418,344.243069
brc100d.map,1187,118,166,335,252,54,472.4457428,472.4457428549503,407,5.4950305639067665e-08,ok,20091,20414,394,279.098956
brc100d.map,1188,118,180,246,314,80,473.28636322,473.28636328851616,395,6.851615808045608e-08,ok,12938,13295,398,186.894225
brc100d.map,1189,118,137,296,218,160,474.04372253,474.04372260139723,397,7.139720992199727e-08,ok,21759,22003,304,347.325999
brc100d.map,1190,119,240,148,180,231,478.36962433,478.3696244092019,386,7.920186817500507e-08,ok,23099,23325,340,316.06304
brc100d.map,1191,119,156,243,224,154,479.05591583,479.05591591021687,390,8.021686426218366e-08,ok,20812,21169,358,286.466175
brc100d.map,1192,119,321,82,185,243,479.01428528,479.0142853498744,397,6.987437473071623e-08,ok,24301,24569,305,326.739347
brc100d.map,1193,119,248,152,185,233,476.19805145,476.19805153394805,383,8.39480662762071e-08,ok,23746,24001,303,313.268438
brc100d.map,1194,119,183,223,313,90,476.91378021,476.9137802864858,392,7.648577593499795e-08,ok,12462,12815,363,155.042168
brc100d.map,1195,119,171,315,225,59,476.90158691,476.9015869776661,404,6.766612159481156e-08,ok,20787,21057,433,266.771852
brc100d.map,1196,119,156,337,203,173,476.68838348,476.6883835420697,410,6.206965963428956e-08,ok,23507,23700,289,326.807588
brc100d.map,1197,119,203,363,199,52,476.04372253,476.0437226013969,399,7.139686886148411e-08,ok,22816,23223,447,306.950908
brc100d.map,1198,119,317,88,193,245,478.5290039,478.52900397563576,399,7.563573944935342e-08,ok,25273,25531,342,347.807624
brc100d.map,1199,119,218,69,173,317,479.17366485,479.1736649163084,410,6.63083596919023e-08,ok,19843,20129,435,356.181827
brc100d.map,1200,120,241,127,190,237,481.1564209,481.15642097360535,395,7.360534937106422e-08,ok,24637,24920,334,314.117264
brc100d.map,1201,120,164,321,221,67,482.10259704,482.10259710444274,415,6.444275868489058e-08,ok,21384,21723,482,290.415276
brc100d.map,1202,120,202,179,152,322,483.85995636,483.8599564173234,418,5.732340468966868e-08,ok,18124,18441,495,286.321785
brc100d.map,1203,120,293,68,163,239,480.18585815,480.1858582251282,399,7.512818456234527e-08,ok,21556,21785,355,269.976006
brc100d.map,1204,120,167,287,236,61,481.25692596,481.25692603699355,398,7.699355819568154e-08,ok,19986,20290,426,319.097352
brc100d.map,1205,120,270,60,145,300,480.00209198,480.0020920410544,410,6.105443617343553e-08,ok,21916,22204,372,322.360683
brc100d.map,1206,120,269,59,141,306,482.93102417,482.9310242291889,415,5.9188892009842675e-08,ok,21725,22008,428,277.927903
brc100d.map,1207,120,150,277,235,83,483.35743103,483.3574311003819,403,7.038192961772438e-08,ok,18780,19080,486,229.987215
brc100d.map,1208,120,189,252,260,99,480.88434295,480.8843430349633,391,8.496328973706113e-08,ok,14710,15148,439,180.322355
brc100d.map,1209,120,186,223,245,125,480.95541076,480.9554108468286,389,8.682860652697855e-08,ok,16661,17003,347,203.923219
brc100d.map,1210,121,184,220,325,91,487.81327514,487.81327522309755,400,8.309757504321169e-08,ok,13526,13850,365,168.727411
brc100d.map,1211,121,233,136,179,226,484.98484802,484.9848480983516,398,7.835160431568511e-08,ok,23175,23406,316,288.000653
brc100d.map,1212,121,223,55,164,341,486.48737335,486.48737341529306,414,6.52930793876294e-08,ok,19109,19397,424,243.406307
brc100d.map,1213,121,182,249,221,133,487.35743103,487.3574311003817,407,7.038170224404894e-08,ok,18118,18473,356,215.611521
brc100d.map,1214,121,181,222,316,86,485.1564209,485.1564209736052,399,7.360517884080764e-08,ok,13313,13645,358,164.991792
brc100d.map,1215,121,215,52,184,293,485.91378021,485.91378028648626,401,7.648623068234883e-08,ok,20647,20883,350,265.16378
brc100d.map,1216,121,178,246,222,125,486.08535309,486.08535316173965,402,7.173963467721478e-08,ok,18139,18525,387,220.730064
brc100d.map,1217,121,221,61,183,282,485.8427124,485.8427124746208,403,7.46208002055937e-08,ok,20846,21032,301,266.521429
brc100d.map,1218,121,250,104,183,222,484.41125488,484.41125496954453,385,8.954452823672909e-08,ok,23393,23634,319,298.310841
brc100d.map,1219,121,159,279,263,52,485.01428528,485.0142853498742,403,6.987420420045964e-08,ok,18587,18941,418,234.952005
brc100d.map,1220,122,217,154,158,239,489.22748871,489.2274887854708,401,7.547083669123822e-08,ok,21287,21549,330,283.621169
brc100d.map,1221,122,240,101,178,239,488.29855652,488.29855659733636,398,7.733638085483108e-08,ok,23324,23526,275,320.440062
brc100d.map,1222,122,153,255,205,152,488.22748871,488.22748878547065,400,7.547066616098164e-08,ok,21459,21731,318,303.930397
brc100d.map,1223,122,249,55,159,297,489.04372253,489.0437226013973,412,7.139726676541613e-08,ok,21666,21921,377,308.445699
brc100d.map,1224,122,154,297,239,61,488.87214966,488.8721497261434,411,6.614340009036823e-08,ok,19957,20283,414,298.806515
brc100d.map,1225,122,211,144,158,241,489.08535309,489.08535316173993,405,7.173991889430908e-08,ok,21249,21514,315,267.250749
brc100d.map,1226,122,164,235,218,148,489.74220733,489.742207411232,404,8.123203087961883e-08,ok,20545,20896,352,265.731691
brc100d.map,1227,122,176,229,338,88,489.74220733,489.742207411232,404,8.123203087961883e-08,ok,15169,15541,397,191.002635
brc100d.map,1228,122,170,273,239,56,489.57063446,489.57063453597834,403,7.597833473482751e-08,ok,19934,20287,412,248.676904
brc100d.map,1229,122,261,92,190,231,488.68333282,488.6833329081866,393,8.818665264698211e-08,ok,24293,24601,314,300.153903
brc100d.map,1230,123,151,286,262,51,492.70057678,492.70057685088955,414,7.08895413481514e-08,ok,18794,19143,410,234.423217
brc100d.map,1231,123,243,84,157,243,493.64170227,493.64170234784405,405,7.784404942867695e-08,ok,21329,21577,268,272.310232
brc100d.map,1232,123,232,52,150,321,494.8305191,494.83051916580064,424,6.580063427463756e-08,ok,19919,20220,441,313.607184
brc100d.map,1233,123,175,311,204,62,494.31580047,494.31580054003916,421,7.003916380199371e-08,ok,22492,22862,439,295.574138
brc100d.map,1234,123,159,297,230,57,492.18585815,492.1858582251282,411,7.512818456234527e-08,ok,20273,20575,422,246.182921
brc100d.map,1235,123,334,88,183,223,494.64170227,494.6417023478441,406,7.784410627209581e-08,ok,23370,23608,312,283.173114
brc100d.map,1236,123,285,63,161,236,492.42849884,492.42849891224756,410,7.224758746815496e-08,ok,21368,21619,346,269.064939
brc100d.map,1237,123,199,53,273,421,493.00209198,493.0020920410544,423,6.105443617343553e-08,ok,12065,12448,387,152.24869
brc100d.map,1238,123,268,427,202,49,495.58787842,495.58787847868143,426,5.868145080967224e-08,ok,22799,23174,521,299.222232
brc100d.map,1239,123,176,342,207,50,492.1442276,492.1442276647855,418,6.478546765720239e-08,ok,21705,22071,458,282.894794
brc100d.map,1240,124,223,58,174,273,497.81327514,497.81327522309806,410,8.309808663398144e-08,ok,20911,21127,270,264.294061
brc100d.map,1241,124,162,331,214,51,497.73001404,497.7300141024125,424,6.24124822934391e-08,ok,21181,21506,433,264.80398
brc100d.map,1242,124,283,56,171,242,497.22748871,497.227488785471,409,7.54710072214948e-08,ok,22573,22787,306,279.223527
brc100d.map,1243,124,167,239,233,88,496.12698364,496.1269837220824,405,8.208240842577652e-08,ok,18553,18855,444,227.199863
brc100d.map,1244,124,157,330,214,70,496.93102417,496.93102422918906,429,5.918906254009926e-08,ok,22662,23013,419,283.510538
brc100d.map,1245,124,210,67,164,308,498.48737335,498.48737341529323,426,6.529324991788599e-08,ok,20686,20966,422,261.745399
brc100d.map,1246,124,217,65,161,306,496.1442276,496.1442276647856,422,6.478558134404011e-08,ok,20923,21222,404,264.678375
brc100d.map,1247,124,249,58,140,310,499.65894623,499.6589462905469,428,6.054688128642738e-08,ok,21520,21806,431,372.007959
brc100d.map,1248,124,227,134,184,222,496.22748871,496.227488785471,408,7.54710072214948e-08,ok,23403,23650,299,287.304729
brc100d.map,1249,124,161,285,235,52,497.49956665,497.4995667241129,413,7.411290425807238e-08,ok,20210,20546,423,284.372535
brc100d.map,1250,125,233,62,162,267,500.29855652,500.29855659733664,410,7.733666507192538e-08,ok,21303,21560,270,287.900266
brc100d.map,1251,125,293,65,190,248,500.60007171,500.6000717875013,419,7.750128361294628e-08,ok,25113,25377,325,333.513576
brc100d.map,1252,125,212,63,174,279,500.74220733,500.7422074112326,415,8.123259931380744e-08,ok,20624,20861,287,268.115861
brc100d.map,1253,125,242,96,181,231,501.61226501,501.61226509632127,408,8.632127901364584e-08,ok,23218,23432,287,289.073824
brc100d.map,1254,125,170,293,209,62,501.77164459,501.77164466275497,421,7.275497182490653e-08,ok,22025,22383,469,354.785266
brc100d.map,1255,125,155,328,211,65,500.68838348,500.6883835420698,434,6.206977332112729e-08,ok,22144,22503,439,277.197933
brc100d.map,1256,125,227,71,151,292,501.11479034,501.1147904132629,422,7.326286777242785e-08,ok,21787,22110,326,383.949623
brc100d.map,1257,125,160,239,249,81,501.88434295,501.88434303496314,412,8.496311920680455e-08,ok,19397,19701,447,255.343102
brc100d.map,1258,125,205,56,178,293,500.25692596,500.2569260369939,417,7.699389925619471e-08,ok,20899,21147,354,278.04461
brc100d.map,1259,125,276,62,170,255,501.25692596,501.25692603699383,418,7.699384241277585e-08,ok,23776,23972,276,329.631133
brc100d.map,1260,126,213,69,170,273,506.57063446,506.57063453597885,420,7.597884632559726e-08,ok,20766,21015,271,259.198961
brc100d.map,1261,126,244,81,178,248,506.22748871,506.22748878547094,418,7.547095037807594e-08,ok,23669,23876,285,295.983599
brc100d.map,1262,126,161,337,204,63,506.00209198,506.00209204105454,436,6.105454986027326e-08,ok,22696,23070,443,289.336299
brc100d.map,1263,126,234,104,183,221,504.34018707,504.34018715767905,407,8.76790409165551e-08,ok,23421,23662,270,287.785814
brc100d.map,1264,126,260,53,133,296,506.55844116,506.55844122715865,432,6.715868039464112e-08,ok,22383,22698,370,288.753397
brc100d.map,1265,126,174,295,204,48,507.74220733,507.7422074112322,422,8.123220140987542e-08,ok,21600,21963,493,265.091
brc100d.map,1266,126,250,80,159,238,505.29855652,505.29855659733647,415,7.73364945416688e-08,ok,21366,21616,291,282.453026
brc100d.map,1267,126,240,91,188,247,504.98484802,504.98484809835156,418,7.835154747226625e-08,ok,24844,25106,278,355.75748
brc100d.map,1268,126,157,247,247,70,505.29855652,505.2985565973362,415,7.73362103245745e-08,ok,19461,19784,427,245.451373
brc100d.map,1269,126,161,235,247,81,504.64170227,504.6417023478438,416,7.784382205500151e-08,ok,19260,19563,450,260.78034
brc100d.map,1270,127,205,61,178,277,508.91378021,508.91378028648637,424,7.648634436918655e-08,ok,20879,21079,283,272.19164
brc100d.map,1271,127,167,229,206,153,511.05591583,511.0559159102169,422,8.021692110560252e-08,ok,21509,21781,321,261.665054
brc100d.map,1272,127,249,53,149,280,511.60007171,511.6000717875015,430,7.750151098662172e-08,ok,22657,22878,323,352.541911
brc100d.map,1273,127,225,103,190,252,509.71277008,509.7127701597094,419,7.970942306201323e-08,ok,26124,26397,300,329.085421
brc100d.map,1274,127,170,232,276,60,510.39906158,510.39906166072444,423,8.072441914919182e-08,ok,16898,17253,359,210.613425
brc100d.map,1275,127,228,94,188,242,509.02647857,509.02647865869426,415,8.869426437740913e-08,ok,24623,24894,286,319.4765
brc100d.map,1276,127,167,317,200,51,508.38686828,508.3868683519048,433,7.190482165242429e-08,ok,22368,22793,459,283.049254
brc100d.map,1277,127,221,145,184,220,508.78383789,508.78383797157505,416,8.157508091244381e-08,ok,23455,23698,313,291.603757
brc100d.map,1278,127,148,269,260,55,511.28636322,511.2863632885164,433,6.851638545413152e-08,ok,19260,19555,409,237.489662
brc100d.map,1279,127,188,246,285,60,508.32799377,508.327993848859,423,7.885904551585554e-08,ok,14868,15236,369,209.546607
brc100d.map,1280,128,208,151,187,239,515.29855652,515.2985565973365,425,7.73364945416688e-08,ok,24321,24596,350,311.369303
brc100d.map,1281,128,206,65,155,304,513.97265472,513.9726547895318,439,6.953177944524214e-08,ok,20787,21103,399,275.164716
brc100d.map,1282,128,165,265,218,64,512.05591583,512.055915910217,423,8.021697794902138e-08,ok,21283,21624,486,274.207334
brc100d.map,1283,128,209,61,152,312,512.31580047,512.3158005400394,439,7.003939117566915e-08,ok,20506,20822,424,270.751194
brc100d.map,1284,128,202,55,160,314,512.97265472,512.9726547895317,438,6.953166575840442e-08,ok,20347,20639,426,263.682864
brc100d.map,1285,128,220,57,145,307,512.04372253,512.0437226013972,435,7.139726676541613e-08,ok,20839,21170,403,297.822892
brc100d.map,1286,128,206,167,160,239,512.39906158,512.3990616607249,425,8.072493073996156e-08,ok,21281,21549,318,286.067671
brc100d.map,1287,128,258,53,145,260,515.57063446,515.5706345359787,429,7.597873263875954e-08,ok,22064,22351,297,294.992933
brc100d.map,1288,128,201,48,161,323,512.1442276,512.1442276647854,438,6.478535397036467e-08,ok,19321,19618,409,279.349085
brc100d.map,1289,128,163,267,224,53,512.61226501,512.6122650963212,419,8.632116532680811e-08,ok,20400,20698,431,284.345706
brc100d.map,1290,129,158,316,199,55,517.1442276,517.1442276647856,443,6.478558134404011e-08,ok,22579,22977,422,297.203037
brc100d.map,1291,129,253,51,148,260,518.39906158,518.3990616607249,431,8.072493073996156e-08,ok,21875,22150,301,312.204039
brc100d.map,1292,129,239,79,184,240,516.29855652,516.2985565973365,426,7.73364945416688e-08,ok,23926,24168,262,372.029873
brc100d.map,1293,129,164,232,209,164,516.81327514,516.8132752230977,429,8.309768873004941e-08,ok,23052,23262,304,311.937326
brc100d.map,1294,129,271,58,184,251,519.57063446,519.5706345359787,433,7.597873263875954e-08,ok,24903,25148,294,323.459477
brc100d.map,1295,129,203,51,167,286,518.22748871,518.2274887854711,430,7.547112090833252e-08,ok,21164,21434,309,282.582208
brc100d.map,1296,129,229,60,153,275,519.78383789,519.7838379715753,427,8.157530828611925e-08,ok,23480,23683,330,309.970112
brc100d.map,1297,129,146,301,212,67,517.38686828,517.3868683519049,442,7.190487849584315e-08,ok,22164,22516,432,271.227921
brc100d.map,1298,129,282,59,183,225,517.19805145,517.1980515339483,424,8.394829364988254e-08,ok,23298,23533,318,288.442255
brc100d.map,1299,129,153,247,249,61,516.78383789,516.7838379715747,424,8.157473985193064e-08,ok,19745,20094,425,272.574484
brc100d.map,1300,130,206,53,147,320,520.31580047,520.3158005400393,447,7.003927748883143e-08,ok,19815,20117,433,262.766659
brc100d.map,1301,130,168,282,201,52,520.47012939,520.4701294725901,431,8.25900769996224e-08,ok,22135,22550,477,344.302755
brc100d.map,1302,130,163,238,205,174,521.22748871,521.2274887854707,433,7.547066616098164e-08,ok,23428,23654,293,286.126136
brc100d.map,1303,130,187,249,272,56,521.57063446,521.5706345359783,435,7.597839157824637e-08,ok,17275,17649,375,226.680661
brc100d.map,1304,130,226,55,144,279,520.64170227,520.6417023478442,432,7.784421995893354e-08,ok,22377,22644,305,297.935424
brc100d.map,1305,130,237,57,147,256,521.78383789,521.7838379715753,429,8.157530828611925e-08,ok,21693,21978,299,285.792981
brc100d.map,1306,130,219,63,158,261,520.71277008,520.7127701597099,430,7.970982096594526e-08,ok,21279,21537,277,268.070268
brc100d.map,1307,130,144,275,227,60,521.57063446,521.5706345359785,435,7.59785052650841e-08,ok,20628,20900,430,268.246825
brc100d.map,1308,130,237,65,173,251,521.71277008,521.7127701597097,431,7.970970727910753e-08,ok,23378,23548,277,318.689306
brc100d.map,1309,130,208,54,167,267,523.36962433,523.3696244092022,431,7.920220923551824e-08,ok,20921,21174,261,279.656701
brc100d.map,1310,131,135,306,213,64,526.55844116,526.5584412271587,452,6.715868039464112e-08,ok,21870,22244,459,294.803521
brc100d.map,1311,131,156,260,218,61,524.95541076,524.9554108468286,433,8.682866337039741e-08,ok,21065,21379,468,273.449393
brc100d.map,1312,131,227,61,146,259,526.36962433,526.3696244092022,434,7.920220923551824e-08,ok,21934,22218,300,369.725229
brc100d.map,1313,131,186,239,270,58,525.05591583,525.0559159102169,436,8.021686426218366e-08,ok,17712,18084,409,219.383706
brc100d.map,1314,131,235,66,165,237,525.5411972,525.541197284456,434,8.445590538030956e-08,ok,21809,22040,285,272.003406
brc100d.map,1315,131,239,78,189,230,526.44069214,526.4406922210676,432,8.106758286885452e-08,ok,24059,24353,295,347.544394
brc100d.map,1316,131,223,57,155,270,524.61226501,524.6122650963215,431,8.632150638732128e-08,ok,22920,23081,297,293.876336
brc100d.map,1317,131,150,262,220,67,525.64170227,525.6417023478438,437,7.784376521158265e-08,ok,21340,21683,495,298.098139
brc100d.map,1318,131,215,65,158,258,525.12698364,525.126983722083,434,8.208292001654627e-08,ok,21070,21335,270,268.963327
brc100d.map,1319,131,202,58,142,319,527.65894623,527.6589462905469,456,6.054688128642738e-08,ok,19669,19996,415,274.911201
brc100d.map,1320,132,234,65,175,237,531.68333282,531.683332908187,436,8.818699370749528e-08,ok,22830,23047,261,301.135856
brc100d.map,1321,132,257,51,170,237,528.12698364,528.1269837220829,437,8.208280632970855e-08,ok,22339,22568,261,324.762251
brc100d.map,1322,132,178,247,245,57,531.05591583,531.0559159102169,442,8.021686426218366e-08,ok,19484,19857,420,298.589543
brc100d.map,1323,132,143,305,204,56,531.28636322,531.2863632885167,453,6.851666967122583e-08,ok,22197,22595,454,281.28749
brc100d.map,1324,132,201,53,143,321,528.90158691,528.9015869776662,456,6.766617843823042e-08,ok,19711,20016,432,305.710379
brc100d.map,1325,132,266,56,186,239,529.88434295,529.8843430349635,440,8.496351711073657e-08,ok,24193,24460,268,304.916818
brc100d.map,1326,132,171,238,233,64,529.8549057,529.8549057834402,435,8.344022717210464e-08,ok,20351,20615,427,256.429545
brc100d.map,1327,132,219,169,176,235,530.8549057,530.8549057834408,436,8.344079560629325e-08,ok,22863,23088,340,277.167715
brc100d.map,1328,132,173,249,247,54,529.05591583,529.0559159102169,440,8.021686426218366e-08,ok,19718,20084,426,249.718294
brc100d.map,1329,132,143,301,208,51,531.01428528,531.0142853498745,449,6.987454526097281e-08,ok,21460,21823,464,330.770228
brc100d.map,1330,133,142,301,204,59,532.70057678,532.7005768508897,454,7.088965503498912e-08,ok,22246,22634,433,337.103852
brc100d.map,1331,133,262,60,190,247,532.91378021,532.9137802864863,448,7.648623068234883e-08,ok,25041,25314,280,365.33632
brc100d.map,1332,133,178,241,234,61,534.68333282,534.6833329081866,439,8.818653896014439e-08,ok,20064,20361,421,326.576817
brc100d.map,1333,133,183,250,241,62,533.12698364,533.1269837220825,442,8.208246526919538e-08,ok,19658,19985,427,306.879275
brc100d.map,1334,133,231,56,168,237,535.51175995,535.5117600329332,439,8.293318387586623e-08,ok,22127,22355,283,303.866192
brc100d.map,1335,133,231,60,162,235,532.78383789,532.7838379715753,440,8.157530828611925e-08,ok,21485,21723,301,258.685345
brc100d.map,1336,133,228,62,174,244,535.02647857,535.0264786586946,441,8.869460543792229e-08,ok,23096,23286,265,331.662554
brc100d.map,1337,133,250,53,176,246,534.22748871,534.2274887854712,446,7.547123459517024e-08,ok,23377,23571,283,298.740598
brc100d.map,1338,133,241,51,173,250,532.47012939,532.4701294725905,443,8.259053174697328e-08,ok,23251,23415,271,335.953424
brc100d.map,1339,133,156,263,213,52,533.26911926,533.2691193458135,438,8.581343990954338e-08,ok,21051,21366,445,276.353504
brc100d.map,1340,134,261,57,191,247,536.1564209,536.1564209736056,450,7.360563358815853e-08,ok,25150,25421,280,349.2392
brc100d.map,1341,134,153,275,211,63,536.5411972,536.5411972844555,445,8.445545063295867e-08,ok,21834,22209,469,281.37972
brc100d.map,1342,134,152,271,214,53,537.8549057,537.8549057834404,443,8.344034085894236e-08,ok,21102,21416,455,271.858752
brc100d.map,1343,134,237,64,186,250,536.36962433,536.3696244092021,444,7.920209554868052e-08,ok,24979,25221,264,314.296361
brc100d.map,1344,134,190,230,251,73,536.58282776,536.5828278447983,438,8.479833013552707e-08,ok,19718,20052,428,264.986737
brc100d.map,1345,134,235,68,186,244,537.5411972,537.541197284456,446,8.445590538030956e-08,ok,24453,24719,267,314.951472
brc100d.map,1346,134,224,169,180,241,537.36962433,537.3696244092023,445,7.920232292235596e-08,ok,23566,23783,345,299.973734
brc100d.map,1347,134,240,61,177,230,537.51175995,537.5117600329332,441,8.293318387586623e-08,ok,22984,23210,263,292.545736
brc100d.map,1348,134,176,247,241,51,536.71277008,536.7127701597093,446,7.970925253175665e-08,ok,19908,20282,419,319.332404
brc100d.map,1349,134,206,63,157,254,538.78383789,538.7838379715754,446,8.157542197295697e-08,ok,21099,21351,262,274.893036
brc100d.map,1350,135,221,174,183,231,543.58282776,543.5828278447988,445,8.479878488287795e-08,ok,23420,23660,337,284.024122
brc100d.map,1351,135,168,235,224,65,540.19805145,540.1980515339479,447,8.394795258936938e-08,ok,20884,21161,450,303.344579
brc100d.map,1352,135,209,67,147,270,540.42849884,540.4284989122477,458,7.224775799841154e-08,ok,23055,23253,328,374.994214
brc100d.map,1353,135,214,51,149,269,542.22748871,542.2274887854711,454,7.547112090833252e-08,ok,23151,23365,304,327.258683
brc100d.map,1354,135,207,57,147,275,541.57063446,541.5706345359787,455,7.597873263875954e-08,ok,22847,23055,315,407.298149
brc100d.map,1355,135,157,243,214,69,540.95541076,540.9554108468286,449,8.682866337039741e-08,ok,22218,22550,445,303.175526
brc100d.map,1356,135,207,54,145,277,541.64170227,541.6417023478442,453,7.784421995893354e-08,ok,22628,22861,304,311.537755
brc100d.map,1357,135,185,252,248,58,540.12698364,540.1269837220825,449,8.208246526919538e-08,ok,19783,20144,426,265.646862
brc100d.map,1358,135,255,57,184,229,542.61226501,542.6122650963215,449,8.632150638732128e-08,ok,23407,23650,255,325.725593
brc100d.map,1359,135,233,55,171,232,541.92597351,541.9259735953063,445,8.530639661330497e-08,ok,22523,22761,272,304.761824
brc201d.map,0,0,212,58,211,59,1.41421356,1.4142135623730951,1,2.3730950537981244e-09,ok,2,9,8,0.066696
brc201d.map,1,0,256,133,254,135,2.82842712,2.8284271247461903,2,4.746190107596249e-09,ok,3,14,12,0.04249
brc201d.map,2,0,305,307,302,308,3.41421356,3.414213562373095,3,2.3730950537981244e-09,ok,4,17,14,0.051532
brc201d.map,3,0,221,203,221,201,2.0,2.0,2,0.0,ok,3,12,10,0.036099
brc201d.map,4,0,123,58,123,58,0.0,0.0,0,0.0,ok,1,1,1,0.00572
brc201d.map,5,0,140,41,142,38,3.82842712,3.82842712474619,3,4.746189663507039e-09,ok,4,17,14,0.048685
brc201d.map,6,0,212,53,211,52,1.41421356,1.4142135623730951,1,2.3730950537981244e-09,ok,2,9,8,0.033086
brc201d.map,7,0,328,319,327,317,2.41421356,2.414213562373095,2,2.3730950537981244e-09,ok,3,14,12,0.054632
brc201d.map,8,0,254,63,254,63,0.0,0.0,0,0.0,ok,1,1,1,0.005977
brc201d.map,9,0,304,329,304,326,3.0,3.0,3,0.0,ok,4,15,12,0.057281
brc201d.map,10,1,175,31,178,35,5.24264069,5.242640687119286,4,2.8807143337417074e-09,ok,5,24,20,0.07247
brc201d.map,11,1,11,240,11,235,6.41421356,6.414213562373095,6,2.3730946097089145e-09,ok,14,35,22,0.212906
brc201d.map,12,1,179,63,186,63,7.0,7.0,7,0.0,ok,8,26,19,0.101219
brc201d.map,13,1,356,365,355,358,7.41421356,7.414213562373095,7,2.3730946097089145e-09,ok,8,29,22,0.09948
brc201d.map,14,1,90,57,96,59,6.82842712,6.82842712474619,6,4.746190107596249e-09,ok,7,28,22,0.088206
brc201d.map,15,1,116,137,116,132,5.0,5.0,5,0.0,ok,6,21,16,0.0729
brc201d.map,16,1,95,172,89,170,6.82842712,6.82842712474619,6,4.746190107596249e-09,ok,7,28,22,0.088618
brc201d.map,17,1,186,69,184,74,5.82842712,5.82842712474619,5,4.746190107596249e-09,ok,6,25,20,0.081665
brc201d.map,18,1,99,159,94,159,5.0,5.0,5,0.0,ok,6,21,16,0.07285
brc201d.map,19,1,282,362,284,368,6.82842712,6.82842712474619,6,4.746190107596249e-09,ok,7,22,16,0.080055
brc201d.map,20,2,184,80,176,83,9.24264069,9.242640687119284,8,2.8807161100985468e-09,ok,9,36,28,0.115287
brc201d.map,21,2,369,381,363,374,9.48528137,9.485281374238571,7,4.238572159920295e-09,ok,8,34,27,0.107785
brc201d.map,22,2,230,192,228,182,10.82842712,10.82842712474619,10,4.746189219417829e-09,ok,11,40,30,0.132219
brc201d.map,23,2,128,50,122,56,8.48528137,8.485281374238571,6,4.238572159920295e-09,ok,7,34,28,0.099534
brc201d.map,24,2,212,192,223,191,11.41421356,11.414213562373096,11,2.373095497887334e-09,ok,12,41,30,0.145912
brc201d.map,25,2,81,101,72,106,11.07106781,11.071067811865476,9,1.8654748856761216e-09,ok,10,40,31,0.118984
brc201d.map,26,2,266,326,272,319,9.48528137,9.485281374238571,7,4.238572159920295e-09,ok,8,39,32,0.111307
brc201d.map,27,2,16,268,23,274,9.48528137,9.485281374238571,7,4.238572159920295e-09,ok,8,39,32,0.106742
brc201d.map,28,2,193,79,185,84,10.07106781,10.071067811865476,8,1.8654748856761216e-09,ok,9,40,32,0.115305
brc201d.map,29,2,111,49,104,53,8.65685425,8.65685424949238,7,5.076206122112126e-10,ok,8,31,24,0.093421
brc201d.map,30,3,174,253,167,265,14.89949493,14.899494936611667,12,6.6116676578076294e-09,ok,22,63,42,0.293269
brc201d.map,31,3,158,68,143,70,15.82842712,15.828427124746192,15,4.746190995774668e-09,ok,16,53,38,0.225906
brc201d.map,32,3,172,274,164,263,14.3137085,14.313708498984763,11,1.0152376717087463e-09,ok,12,47,36,0.168791
brc201d.map,33,3,156,32,143,30,13.82842712,13.82842712474619,13,4.746189219417829e-09,ok,14,49,36,0.177026
brc201d.map,34,3,164,276,154,265,15.14213562,15.142135623730955,11,3.7309551004227615e-09,ok,20,65,46,0.281861
brc201d.map,35,3,165,273,153,279,14.48528137,14.485281374238571,12,4.238572159920295e-09,ok,16,55,40,0.203912
brc201d.map,36,3,206,315,219,308,15.89949493,15.899494936611669,13,6.611669434164469e-09,ok,53,93,43,0.673135
brc201d.map,37,3,341,342,333,330,15.3137085,15.313708498984763,12,1.0152376717087463e-09,ok,20,65,46,0.265579
brc201d.map,38,3,217,190,207,198,13.3137085,13.313708498984763,10,1.0152376717087463e-09,ok,11,50,40,0.149926
brc201d.map,39,3,111,59,102,48,14.72792206,14.727922061357859,11,1.3578596025354273e-09,ok,26,66,41,0.32086
brc201d.map,40,4,185,64,199,56,17.3137085,17.313708498984763,14,1.0152376717087463e-09,ok,15,60,46,0.188309
brc201d.map,41,4,30,184,14,193,19.72792206,19.72792206135786,16,1.3578578261785879e-09,ok,24,79,56,0.322274
brc201d.map,42,4,252,62,267,59,16.24264069,16.242640687119284,15,2.880717886455386e-09,ok,16,57,42,0.203063
brc201d.map,43,4,258,58,244,51,16.89949493,16.899494936611667,14,6.6116676578076294e-09,ok,15,62,48,0.196256
brc201d.map,44,4,184,227,184,210,17.0,17.0,17,0.0,ok,18,56,39,0.238174
brc201d.map,45,4,23,181,12,194,17.55634918,17.55634918610405,13,6.104048821953256e-09,ok,28,79,52,0.349088
brc201d.map,46,4,331,322,338,307,17.89949493,17.899494936611667,15,6.6116676578076294e-09,ok,16,65,50,0.23002
brc201d.map,47,4,254,64,270,67,17.24264069,17.242640687119284,16,2.880717886455386e-09,ok,17,60,44,0.211542
brc201d.map,48,4,164,9,151,22,18.38477631,18.384776310850242,13,8.502425430378935e-10,ok,14,69,56,0.198237
brc201d.map,49,4,18,195,18,213,18.0,18.0,18,0.0,ok,19,60,42,0.259449
brc201d.map,50,5,138,20,157,17,20.24264069,20.242640687119284,19,2.880717886455386e-09,ok,20,68,49,0.240316
brc201d.map,51,5,333,316,328,296,22.07106781,22.071067811865476,20,1.865476662032961e-09,ok,21,76,56,0.2647
brc201d.map,52,5,250,88,252,67,21.82842712,21.82842712474619,21,4.746190995774668e-09,ok,22,69,48,0.269156
brc201d.map,53,5,323,300,343,307,22.89949493,22.899494936611667,20,6.6116676578076294e-09,ok,21,80,60,0.305088
brc201d.map,54,5,221,307,202,317,23.14213562,23.142135623730955,19,3.730953324065922e-09,ok,76,131,56,0.897295
brc201d.map,55,5,139,33,127,49,22.72792206,22.72792206135786,19,1.3578578261785879e-09,ok,88,148,61,1.105544
brc201d.map,56,5,90,175,107,162,22.97056274,22.970562748477146,18,8.47714787255427e-09,ok,64,107,48,0.804855
brc201d.map,57,5,187,74,167,72,20.82842712,20.82842712474619,20,4.746190995774668e-09,ok,21,70,50,0.275955
brc201d.map,58,5,162,94,142,91,21.24264069,21.242640687119284,20,2.880717886455386e-09,ok,21,71,51,0.255043
brc201d.map,59,5,256,42,240,54,20.97056274,20.970562748477146,16,8.47714787255427e-09,ok,52,101,54,0.585654
brc201d.map,60,6,168,239,190,231,25.3137085,25.313708498984763,22,1.0152376717087463e-09,ok,40,94,55,0.43716
brc201d.map,61,6,176,70,157,86,25.62741699,25.62741699796953,19,7.969529036699896e-09,ok,61,135,75,0.808006
brc201d.map,62,6,331,305,335,280,26.65685425,26.656854249492383,25,5.076152831406944e-10,ok,36,99,64,0.558678
brc201d.map,63,6,254,132,260,156,26.48528137,26.485281374238575,24,4.238575712633974e-09,ok,71,132,62,0.84743
brc201d.map,64,6,270,49,250,68,27.87005768,27.870057685088817,20,5.0888182556718675e-09,ok,36,117,82,0.509914
brc201d.map,65,6,87,53,112,53,25.0,25.0,25,0.0,ok,26,81,56,0.335151
brc201d.map,66,6,210,201,215,178,25.07106781,25.071067811865476,23,1.865476662032961e-09,ok,24,85,62,0.33096
brc201d.map,67,6,327,305,322,327,24.07106781,24.071067811865476,22,1.865476662032961e-09,ok,23,82,60,0.299775
brc201d.map,68,6,11,246,15,271,26.65685425,26.656854249492383,25,5.076152831406944e-10,ok,34,91,58,0.494929
brc201d.map,69,6,276,60,297,51,24.72792206,24.727922061357862,21,1.3578613788922667e-09,ok,96,146,54,1.165687
brc201d.map,70,7,110,50,134,60,28.14213562,28.142135623730955,24,3.730953324065922e-09,ok,135,207,73,1.601344
brc201d.map,71,7,329,332,311,308,31.45584412,31.45584412271572,24,2.7157227577845333e-09,ok,120,208,89,1.678257
brc201d.map,72,7,240,169,216,183,29.79898987,29.798989873223338,24,3.2233380409252277e-09,ok,122,177,71,1.447331
brc201d.map,73,7,213,186,201,212,30.97056274,30.970562748477146,26,8.47714787255427e-09,ok,165,245,81,2.156979
brc201d.map,74,7,235,178,211,190,28.97056274,28.970562748477146,24,8.47714787255427e-09,ok,144,219,76,1.706978
brc201d.map,75,7,116,51,145,48,30.24264069,30.242640687119287,29,2.8807143337417074e-09,ok,42,110,69,0.579454
brc201d.map,76,7,267,34,254,60,31.38477631,31.384776310850242,26,8.502425430378935e-10,ok,140,234,95,1.849616
brc201d.map,77,7,315,312,342,307,29.07106781,29.071067811865476,27,1.865476662032961e-09,ok,28,97,70,0.38029
brc201d.map,78,7,63,179,89,171,29.89949493,29.899494936611667,27,6.6116676578076294e-09,ok,35,102,68,0.42341
brc201d.map,79,7,148,92,162,69,28.79898987,28.798989873223338,23,3.2233380409252277e-09,ok,123,191,69,1.48024
brc201d.map,80,8,178,225,171,257,34.89949493,34.89949493661167,32,6.611664105093951e-09,ok,33,116,84,0.444873
brc201d.map,81,8,190,84,193,53,32.24264069,32.242640687119284,31,2.880717886455386e-09,ok,32,98,67,0.3841
brc201d.map,82,8,142,18,138,51,34.65685425,34.65685424949238,33,5.076188358543732e-10,ok,34,113,80,0.419514
brc201d.map,83,8,345,348,344,313,35.41421356,35.41421356237309,35,2.3730919451736554e-09,ok,36,113,78,0.504626
brc201d.map,84,8,138,102,114,122,32.87005768,32.87005768508882,25,5.088814702958189e-09,ok,78,161,89,0.924193
brc201d.map,85,8,156,254,173,226,35.04163055,35.04163056034262,28,1.0342617429159873e-08,ok,106,176,71,1.26575
brc201d.map,86,8,136,41,157,65,33.28427124,33.28427124746191,25,7.461906648131844e-09,ok,85,169,85,1.141363
brc201d.map,87,8,329,330,329,295,35.0,35.0,35,0.0,ok,36,111,76,0.481012
brc201d.map,88,8,325,312,328,278,35.24264069,35.242640687119284,34,2.880717886455386e-09,ok,35,114,80,0.434881
brc201d.map,89,8,141,40,172,47,35.3137085,35.31370849898476,32,1.0152376717087463e-09,ok,98,167,70,1.124104
brc201d.map,90,9,199,221,174,246,39.45584412,39.45584412271572,32,2.7157156523571757e-09,ok,132,202,71,1.669584
brc201d.map,91,9,143,64,145,97,37.97056274,37.97056274847714,33,8.47714431984059e-09,ok,124,193,70,1.397568
brc201d.map,92,9,169,99,192,72,36.52691193,36.526911934581186,27,4.581188761676458e-09,ok,102,207,106,1.331609
brc201d.map,93,9,170,288,138,271,39.04163055,39.04163056034262,32,1.0342617429159873e-08,ok,93,167,75,1.073118
brc201d.map,94,9,317,322,350,331,36.72792206,36.72792206135786,33,1.3578613788922667e-09,ok,34,120,87,0.446279
brc201d.map,95,9,255,76,261,40,39.65685425,39.65685424949237,38,5.076330467090884e-10,ok,278,374,97,3.557654
brc201d.map,96,9,185,218,171,252,39.79898987,39.798989873223334,34,3.223334488211549e-09,ok,35,136,102,0.481245
brc201d.map,97,9,157,80,127,58,39.11269836,39.1126983722081,30,1.2208097643906513e-08,ok,120,202,83,1.471156
brc201d.map,98,9,277,56,259,86,37.45584412,37.45584412271572,30,2.7157156523571757e-09,ok,60,142,83,0.725253
brc201d.map,99,9,92,169,112,138,39.28427124,39.284271247461895,31,7.461892437277129e-09,ok,152,244,93,1.890853
brc201d.map,100,10,160,65,174,100,40.79898987,40.798989873223334,35,3.223334488211549e-09,ok,36,139,104,0.513701
brc201d.map,101,10,105,59,143,66,40.89949493,40.89949493661166,38,6.611656999666593e-09,ok,42,101,60,0.500437
brc201d.map,102,10,137,44,171,28,40.62741699,40.627416997969526,34,7.969525483986217e-09,ok,120,228,109,1.476906
brc201d.map,103,10,162,270,179,303,40.04163055,40.041630560342625,33,1.034262453458723e-08,ok,182,254,73,2.229123
brc201d.map,104,10,259,40,226,61,41.6984848,41.69848480983499,33,9.834984382450784e-09,ok,129,217,89,1.679783
brc201d.map,105,10,167,75,202,60,41.21320343,41.21320343559643,35,5.596426433385204e-09,ok,257,349,93,3.000097
brc201d.map,106,10,240,50,256,20,42.38477631,42.384776310850235,37,8.502354376105359e-10,ok,159,226,75,1.849947
brc201d.map,107,10,240,49,281,55,43.48528137,43.48528137423856,41,4.23855794906558e-09,ok,57,158,102,0.711683
brc201d.map,108,10,188,57,227,60,40.24264069,40.242640687119284,39,2.880717886455386e-09,ok,78,171,94,0.938548
brc201d.map,109,10,303,290,335,312,41.11269836,41.11269837220808,32,1.220807632762444e-08,ok,96,198,103,1.248688
brc201d.map,110,11,273,113,260,81,45.97056274,45.970562748477136,41,8.477137214413233e-09,ok,147,219,73,1.568919
brc201d.map,111,11,185,57,148,57,45.87005768,45.870057685088796,38,5.088793386676116e-09,ok,227,332,106,2.586811
brc201d.map,112,11,298,337,324,300,47.76955261,47.76955262170045,37,1.1700450386342709e-08,ok,143,261,119,1.843545
brc201d.map,113,11,250,111,253,155,45.24264069,45.242640687119284,44,2.880717886455386e-09,ok,45,139,95,0.554702
brc201d.map,114,11,260,42,296,52,44.04163055,44.04163056034261,37,1.0342610323732515e-08,ok,160,235,76,1.83947
brc201d.map,115,11,174,235,147,269,46.35533905,46.35533905932736,36,9.327365546596411e-09,ok,226,346,121,2.816048
brc201d.map,116,11,169,14,137,46,45.25483398,45.25483399593903,32,1.5939029651690362e-08,ok,33,164,132,0.455658
brc201d.map,117,11,19,225,26,181,46.89949493,46.89949493661166,44,6.611656999666593e-09,ok,48,147,100,0.618955
brc201d.map,118,11,172,232,164,275,46.3137085,46.31370849898475,43,1.015244777136104e-09,ok,44,151,108,0.564386
brc201d.map,119,11,17,221,9,262,44.3137085,44.31370849898475,41,1.015244777136104e-09,ok,42,135,94,0.503652
brc201d.map,120,12,298,344,320,302,51.11269836,51.11269837220806,42,1.2208055011342367e-08,ok,147,256,110,1.850388
brc201d.map,121,12,85,55,135,57,50.82842712,50.82842712474619,50,4.746190995774668e-09,ok,51,160,110,0.796286
brc201d.map,122,12,179,229,156,268,48.52691193,48.52691193458116,39,4.5811603399670275e-09,ok,63,184,122,0.808122
brc201d.map,123,12,338,318,300,292,48.76955261,48.76955262170045,38,1.1700450386342709e-08,ok,171,302,132,2.326951
brc201d.map,124,12,187,83,174,39,49.38477631,49.384776310850214,44,8.502141213284631e-10,ok,45,164,120,0.571958
brc201d.map,125,12,305,311,332,272,50.18376617,50.18376618407355,39,1.4073549436943722e-08,ok,136,269,134,2.818591
brc201d.map,126,12,146,51,187,42,50.14213562,50.14213562373095,46,3.730953324065922e-09,ok,99,192,94,1.107559
brc201d.map,127,12,93,63,141,58,50.07106781,50.071067811865476,48,1.8654731093192822e-09,ok,49,160,112,0.678187
brc201d.map,128,12,275,314,298,341,51.6984848,51.698484809834994,43,9.834991487878142e-09,ok,247,346,100,2.98851
brc201d.map,129,12,127,107,156,72,48.76955261,48.76955262170047,38,1.1700471702624782e-08,ok,170,264,95,2.028067
brc201d.map,130,13,156,88,123,52,53.18376617,53.18376618407355,42,1.4073549436943722e-08,ok,192,308,117,2.418028
brc201d.map,131,13,337,300,345,349,52.3137085,52.31370849898475,49,1.015244777136104e-09,ok,50,169,120,0.628614
brc201d.map,132,13,218,49,170,34,54.21320343,54.2132034355964,48,5.596398011675774e-09,ok,50,151,102,0.535913
brc201d.map,133,13,182,77,173,25,55.72792206,55.72792206135786,52,1.3578613788922667e-09,ok,68,184,117,0.788856
brc201d.map,134,13,326,335,286,307,53.94112549,53.94112549695425,44,6.954252285140683e-09,ok,56,194,139,0.709453
brc201d.map,135,13,85,179,36,188,52.72792206,52.72792206135786,49,1.3578613788922667e-09,ok,54,166,113,0.657978
brc201d.map,136,13,158,274,197,310,53.91168823,53.91168824543139,39,1.5431389499553916e-08,ok,61,214,154,0.811462
brc201d.map,137,13,302,342,340,337,52.55634918,52.55634918610403,48,6.104031058384862e-09,ok,129,214,86,1.431585
brc201d.map,138,13,166,268,183,221,54.04163055,54.041630560342576,47,1.0342574796595727e-08,ok,48,181,134,0.62809
brc201d.map,139,13,261,311,305,289,55.45584412,55.455844122715675,48,2.71567301979303e-09,ok,266,371,106,3.33379
brc201d.map,140,14,11,221,19,274,56.3137085,56.31370849898475,53,1.015244777136104e-09,ok,56,164,109,0.639455
brc201d.map,141,14,162,243,124,271,57.45584412,57.4558441227157,50,2.7157014415024605e-09,ok,287,381,96,3.095108
brc201d.map,142,14,205,316,160,284,58.25483398,58.254833995939016,45,1.5939015440835647e-08,ok,203,344,142,2.582239
brc201d.map,143,14,297,296,346,279,56.04163055,56.041630560342576,49,1.0342574796595727e-08,ok,50,187,138,0.688333
brc201d.map,144,14,303,288,329,336,58.76955261,58.76955262170043,48,1.1700429070060636e-08,ok,167,334,168,2.157981
brc201d.map,145,14,155,91,184,45,58.0121933,58.01219330881975,46,8.819746710742038e-09,ok,306,449,144,3.832165
brc201d.map,146,14,308,326,341,283,56.66904755,56.669047558312094,43,8.312092347750877e-09,ok,60,215,156,0.814845
brc201d.map,147,14,131,109,174,72,58.32590179,58.32590180780448,43,1.7804474339300214e-08,ok,64,200,137,0.755411
brc201d.map,148,14,122,131,154,93,56.76955261,56.76955262170044,46,1.1700443280915351e-08,ok,121,235,115,1.315064
brc201d.map,149,14,171,81,120,60,59.6984848,59.69848480983498,51,9.834977277023427e-09,ok,199,328,130,2.667931
brc201d.map,150,15,147,96,117,145,63.76955261,63.76955262170046,53,1.1700464597197424e-08,ok,132,255,124,1.424436
brc201d.map,151,15,164,36,106,50,63.79898987,63.79898987322331,58,3.223313171929476e-09,ok,94,235,142,1.104733
brc201d.map,152,15,76,170,18,184,63.79898987,63.798989873223334,58,3.223334488211549e-09,ok,75,211,137,0.966869
brc201d.map,153,15,143,31,198,47,61.62741699,61.62741699796948,55,7.969482851422072e-09,ok,149,268,122,1.649999
brc201d.map,154,15,197,224,154,262,60.49747467,60.497474683058286,46,1.3058283343525545e-08,ok,173,298,126,2.073159
brc201d.map,155,15,181,76,133,107,60.84062042,60.840620433565896,48,1.356589507395256e-08,ok,118,298,181,1.693588
brc201d.map,156,15,149,35,165,89,62.28427124,62.28427124746186,54,7.461856910140341e-09,ok,97,235,139,1.20275
brc201d.map,157,15,316,302,292,353,60.94112549,60.94112549695425,51,6.954252285140683e-09,ok,94,228,135,1.190069
brc201d.map,158,15,209,59,173,100,63.52691193,63.52691193458117,54,4.581174550821743e-09,ok,109,259,151,1.221477
brc201d.map,159,15,118,50,160,88,60.66904755,60.6690475583121,47,8.312099453178234e-09,ok,210,355,146,2.614754
brc201d.map,160,16,271,63,258,124,67.21320343,67.21320343559643,61,5.596433538812562e-09,ok,196,321,126,2.366046
brc201d.map,161,16,254,146,259,82,66.07106781,66.07106781186548,64,1.8654731093192822e-09,ok,150,285,136,1.885049
brc201d.map,162,16,323,296,295,348,64.76955261,64.76955262170044,54,1.1700436175487994e-08,ok,667,783,136,8.84968
brc201d.map,163,16,129,52,74,77,65.35533905,65.35533905932733,55,9.32733712488698e-09,ok,63,198,136,1.100788
brc201d.map,164,16,190,71,137,100,65.0121933,65.01219330881972,53,8.81971118360525e-09,ok,54,214,161,0.678237
brc201d.map,165,16,243,310,309,306,67.65685425,67.65685424949238,66,5.076117304270156e-10,ok,67,209,143,0.885022
brc201d.map,166,16,78,68,139,62,65.97056274,65.97056274847714,61,8.477130108985875e-09,ok,222,325,104,2.707538
brc201d.map,167,16,265,52,253,115,67.97056274,67.97056274847714,63,8.477130108985875e-09,ok,64,211,148,0.80901
brc201d.map,168,16,296,348,297,285,67.89949493,67.89949493661166,65,6.611656999666593e-09,ok,285,405,121,3.446323
brc201d.map,169,16,169,95,211,50,65.91168823,65.91168824543139,51,1.5431396604981273e-08,ok,400,573,174,5.066002
brc201d.map,170,17,259,104,255,37,68.65685425,68.65685424949238,67,5.076117304270156e-10,ok,68,212,145,0.833605
brc201d.map,171,17,293,356,310,294,69.04163055,69.0416305603426,62,1.0342603218305157e-08,ok,100,250,151,1.296092
brc201d.map,172,17,296,56,225,55,71.41421356,71.41421356237309,71,2.373099050601013e-09,ok,72,221,150,0.942891
brc201d.map,173,17,70,178,16,212,71.59797974,71.59797974644663,60,6.446626343858952e-09,ok,557,658,114,6.688507
brc201d.map,174,17,257,306,191,302,70.14213562,70.14213562373092,66,3.730917796929134e-09,ok,256,353,98,3.265146
brc201d.map,175,17,156,20,164,81,71.76955261,71.76955262170043,61,1.1700421964633279e-08,ok,576,762,187,7.169411
brc201d.map,176,17,257,138,223,194,70.08326111,70.08326112068518,56,1.0685184292924532e-08,ok,98,265,168,1.346474
brc201d.map,177,17,136,43,194,67,69.11269836,69.1126983722081,60,1.220810474933387e-08,ok,174,322,149,2.075944
brc201d.map,178,17,135,47,191,78,68.84062042,68.84062043356593,56,1.3565937706516706e-08,ok,115,279,165,1.390971
brc201d.map,179,17,167,275,221,306,71.66904755,71.66904755831212,58,8.31211366403295e-09,ok,378,493,116,4.468012
brc201d.map,180,18,272,113,273,58,73.35533905,73.35533905932733,63,9.32733712488698e-09,ok,217,347,131,2.430072
brc201d.map,181,18,260,69,192,64,74.79898987,74.79898987322332,69,3.2233202773568337e-09,ok,256,371,116,2.992198
brc201d.map,182,18,88,178,18,183,72.07106781,72.07106781186548,70,1.8654731093192822e-09,ok,71,208,138,0.929784
brc201d.map,183,18,41,180,100,151,74.76955261,74.76955262170041,64,1.1700407753778563e-08,ok,455,577,149,5.733608
brc201d.map,184,18,309,312,238,309,72.24264069,72.24264068711929,71,2.8807107810280286e-09,ok,78,231,154,1.069988
brc201d.map,185,18,318,314,247,312,73.48528137,73.48528137423855,71,4.23855794906558e-09,ok,198,341,144,2.535797
brc201d.map,186,18,235,185,260,123,72.35533905,72.35533905932735,62,9.327351335741696e-09,ok,100,260,161,1.274705
brc201d.map,187,18,268,315,338,315,74.14213562,74.14213562373095,70,3.7309462186385645e-09,ok,129,270,142,1.606695
brc201d.map,188,18,118,56,180,53,74.84062042,74.84062043356589,62,1.356589507395256e-08,ok,900,1047,148,11.051435
brc201d.map,189,18,171,29,105,48,74.6984848,74.69848480983498,66,9.834977277023427e-09,ok,604,715,139,7.028703
brc201d.map,190,19,119,49,134,101,77.32590179,77.32590180780447,62,1.7804467233872856e-08,ok,762,906,145,11.301036
brc201d.map,191,19,183,45,256,60,79.21320343,79.21320343559643,73,5.596433538812562e-09,ok,101,239,139,1.206872
brc201d.map,192,19,225,191,263,127,79.74011536,79.74011537017755,64,1.0177544140788086e-08,ok,129,318,190,1.636986
brc201d.map,193,19,151,71,79,65,79.45584412,79.4558441227157,72,2.715708546929818e-09,ok,252,380,129,2.998467
brc201d.map,194,19,242,51,271,117,79.76955261,79.76955262170044,69,1.1700436175487994e-08,ok,603,709,138,7.209885
brc201d.map,195,19,202,220,248,161,78.05382385,78.05382386916229,59,1.9162285980200977e-08,ok,86,299,214,3.218704
brc201d.map,196,19,306,289,344,351,77.74011536,77.74011537017755,62,1.0177544140788086e-08,ok,75,280,206,0.994378
brc201d.map,197,19,282,366,302,296,78.87005768,78.87005768508881,71,5.088807597530831e-09,ok,142,283,142,1.632903
brc201d.map,198,19,150,26,144,100,78.97056274,78.97056274847712,74,8.47711589813116e-09,ok,444,584,141,5.374156
brc201d.map,199,19,219,309,297,311,78.82842712,78.82842712474618,78,4.746183890347311e-09,ok,141,304,164,1.839301
brc201d.map,200,20,178,86,107,59,82.18376617,82.18376618407353,71,1.4073535226089007e-08,ok,267,430,164,3.188238
brc201d.map,201,20,107,59,179,47,83.59797974,83.59797974644661,72,6.446612133004237e-09,ok,909,1034,126,20.115049
brc201d.map,202,20,174,66,252,57,81.72792206,81.72792206135786,78,1.3578613788922667e-09,ok,82,251,170,1.755318
brc201d.map,203,20,233,172,182,230,83.22539673,83.22539674441614,65,1.4416144722417812e-08,ok,767,974,208,16.367144
brc201d.map,204,20,34,195,11,263,81.62741699,81.62741699796949,75,7.96948995684943e-09,ok,159,320,162,3.223572
brc201d.map,205,20,229,187,171,237,81.63961029,81.63961030678924,63,1.6789243773018825e-08,ok,509,704,196,10.653482
brc201d.map,206,20,165,267,222,310,80.08326111,80.0832611206852,66,1.0685198503779247e-08,ok,261,444,184,5.713063
brc201d.map,207,20,219,197,177,255,80.32590179,80.32590180780447,65,1.7804467233872856e-08,ok,564,673,110,11.773431
brc201d.map,208,20,269,41,265,115,82.28427124,82.28427124746186,74,7.461864015567699e-09,ok,706,835,130,15.831683
brc201d.map,209,20,130,268,172,216,82.18376617,82.18376618407353,71,1.4073535226089007e-08,ok,575,719,160,8.131223
brc201d.map,210,21,239,303,168,284,84.42640686,84.42640687119278,72,1.1192781812496833e-08,ok,156,320,165,1.965015
brc201d.map,211,21,91,65,151,17,86.32590179,86.32590180780446,71,1.780445302301814e-08,ok,511,672,162,6.357742
brc201d.map,212,21,172,272,206,203,87.18376617,87.1837661840735,76,1.4073506804379576e-08,ok,620,775,156,7.575025
brc201d.map,213,21,106,53,180,55,87.0121933,87.01219330881968,75,8.819668551041104e-09,ok,1063,1218,156,13.081442
brc201d.map,214,21,139,98,138,21,87.11269836,87.11269837220806,78,1.2208062116769725e-08,ok,225,406,182,2.662135
brc201d.map,215,21,263,54,263,135,85.97056274,85.97056274847712,81,8.47711589813116e-09,ok,365,524,160,4.493379
brc201d.map,216,21,169,97,232,60,85.59797974,85.59797974644665,74,6.4466547655683826e-09,ok,689,807,119,7.790821
brc201d.map,217,21,272,120,237,53,85.0121933,85.01219330881972,73,8.81971118360525e-09,ok,540,660,123,6.363382
brc201d.map,218,21,158,33,83,56,84.52691193,84.52691193458116,75,4.581167445394385e-09,ok,185,375,191,2.205418
brc201d.map,219,21,223,199,259,129,84.91168823,84.91168824543135,70,1.5431353972417128e-08,ok,153,347,195,1.82925
brc201d.map,220,22,22,273,34,197,90.38477631,90.38477631085021,85,8.502070159011055e-10,ok,698,825,128,8.00341
brc201d.map,221,22,149,86,83,71,91.18376617,91.18376618407352,80,1.4073521015234292e-08,ok,724,908,185,8.545654
brc201d.map,222,22,155,273,228,303,91.56854248,91.56854249492375,75,1.4923742241990112e-08,ok,820,924,116,10.05871
brc201d.map,223,22,268,38,189,66,90.59797974,90.59797974644664,79,6.446640554713667e-09,ok,141,297,157,1.707287
brc201d.map,224,22,191,65,262,31,88.0121933,88.0121933088197,76,8.819696972750535e-09,ok,631,755,125,7.632774
brc201d.map,225,22,84,63,164,79,89.94112549,89.94112549695423,80,6.9542238634312525e-09,ok,210,381,172,2.627902
brc201d.map,226,22,144,18,137,99,90.04163055,90.04163056034257,83,1.0342574796595727e-08,ok,1054,1189,136,13.122917
brc201d.map,227,22,132,98,169,41,89.05382385,89.0538238691623,70,1.9162300191055692e-08,ok,1286,1431,146,15.435036
brc201d.map,228,22,49,186,119,140,89.05382385,89.05382386916226,70,1.9162257558491547e-08,ok,101,332,232,1.332177
brc201d.map,229,22,95,50,164,92,89.32590179,89.32590180780441,74,1.7804410390453995e-08,ok,502,668,167,6.188421
brc201d.map,230,23,126,272,180,210,95.49747467,95.49747468305826,81,1.3058254921816115e-08,ok,328,519,192,3.785373
brc201d.map,231,23,229,314,154,266,94.88225098,94.88225099390844,75,1.3908447726862505e-08,ok,90,341,252,1.233729
brc201d.map,232,23,218,190,269,116,95.12489166,95.12489168102778,74,2.1027773300374974e-08,ok,176,398,223,2.057988
brc201d.map,233,23,247,55,161,73,93.45584412,93.45584412271566,86,2.7156659143656725e-09,ok,101,293,193,1.260062
brc201d.map,234,23,196,60,112,49,94.35533905,94.35533905932732,84,9.327322914032266e-09,ok,554,763,210,6.727445
brc201d.map,235,23,183,83,256,52,92.28427124,92.2842712474619,84,7.461906648131844e-09,ok,333,529,197,4.012297
brc201d.map,236,23,158,97,93,64,92.18376617,92.18376618407353,81,1.4073535226089007e-08,ok,855,995,141,11.324197
brc201d.map,237,23,295,47,270,117,93.46803741,93.46803743153541,74,2.153541345251142e-08,ok,763,878,116,9.301529
brc201d.map,238,23,317,294,228,309,95.21320343,95.21320343559643,89,5.596433538812562e-09,ok,90,303,214,1.240936
brc201d.map,239,23,144,274,210,213,94.19595947,94.19595949289324,71,2.289323219883954e-08,ok,429,653,225,5.264352
brc201d.map,240,24,295,55,259,130,96.84062042,96.84062043356592,84,1.3565923495661991e-08,ok,308,479,172,3.510374
brc201d.map,241,24,161,29,79,69,98.56854248,98.56854249492375,82,1.4923742241990112e-08,ok,388,592,205,4.444135
brc201d.map,242,24,99,53,188,46,97.6984848,97.69848480983495,89,9.834948855313996e-09,ok,790,949,160,9.901694
brc201d.map,243,24,99,51,178,96,97.63961029,97.63961030678918,79,1.6789186929599964e-08,ok,81,302,222,1.22536
brc201d.map,244,24,171,43,265,50,96.89949493,96.89949493661166,94,6.611656999666593e-09,ok,131,328,198,1.631575
brc201d.map,245,24,93,65,176,86,96.66904755,96.66904755831206,83,8.312056820614089e-09,ok,117,313,197,1.52326
brc201d.map,246,24,156,23,82,77,96.95331879,96.95331880577397,75,1.5773977679600648e-08,ok,616,799,184,7.569391
brc201d.map,247,24,234,193,162,245,96.46803741,96.46803743153538,77,2.153538503080199e-08,ok,567,761,195,7.8329
brc201d.map,248,24,169,32,254,65,98.66904755,98.66904755831212,85,8.31211366403295e-09,ok,169,341,173,1.9621
brc201d.map,249,24,101,56,192,63,97.21320343,97.2132034355964,91,5.5964051171031315e-09,ok,601,738,138,7.214193
brc201d.map,250,25,91,64,186,59,103.6984848,103.69848480983495,95,9.834948855313996e-09,ok,760,915,156,9.605491
brc201d.map,251,25,247,163,257,66,101.14213562,101.14213562373095,97,3.7309462186385645e-09,ok,120,333,214,1.537459
brc201d.map,252,25,211,203,154,278,102.7106781,102.71067811865468,82,1.8654688460628677e-08,ok,447,630,184,5.355043
brc201d.map,253,25,144,34,236,58,101.94112549,101.94112549695421,92,6.954209652576537e-09,ok,93,330,238,1.327702
brc201d.map,254,25,196,61,120,120,101.0243866,101.0243866176394,77,1.763939394550107e-08,ok,650,872,223,8.026817
brc201d.map,255,25,331,269,249,307,103.0121933,103.01219330881973,91,8.819725394459965e-09,ok,199,404,206,2.998904
brc201d.map,256,25,315,293,225,317,100.52691193,100.52691193458116,91,4.581167445394385e-09,ok,845,995,164,11.343445
brc201d.map,257,25,243,54,147,70,102.62741699,102.62741699796948,96,7.969475745994714e-09,ok,111,327,217,1.437293
brc201d.map,258,25,263,316,170,290,103.76955261,103.76955262170041,93,1.1700407753778563e-08,ok,158,358,201,1.865124
brc201d.map,259,25,162,38,254,58,100.28427124,100.28427124746187,92,7.461878226422414e-09,ok,93,314,222,1.196688
brc201d.map,260,26,171,261,242,314,105.84062042,105.84062043356589,93,1.356589507395256e-08,ok,626,815,231,7.264478
brc201d.map,261,26,329,317,225,312,107.72792206,107.72792206135784,104,1.3578471680375515e-09,ok,382,584,203,4.638825
brc201d.map,262,26,292,354,237,312,104.35533905,104.35533905932733,94,9.32733712488698e-09,ok,460,590,131,4.771128
brc201d.map,263,26,173,93,257,57,105.35533905,105.35533905932736,95,9.327365546596411e-09,ok,563,771,209,6.714847
brc201d.map,264,26,348,312,277,371,104.22539673,104.22539674441609,86,1.4416087878998951e-08,ok,1085,1270,197,13.672774
brc201d.map,265,26,258,313,351,284,105.0121933,105.01219330881968,93,8.819668551041104e-09,ok,112,353,242,1.417118
brc201d.map,266,26,256,104,213,193,106.81118317,106.81118318204297,89,1.2042960406688508e-08,ok,104,356,253,1.314905
brc201d.map,267,26,133,100,164,10,107.66904755,107.66904755831209,94,8.31208524232352e-09,ok,646,857,212,7.841065
brc201d.map,268,26,148,55,106,142,107.81118317,107.81118318204297,90,1.2042960406688508e-08,ok,680,867,203,7.725682
brc201d.map,269,26,93,48,181,93,106.63961029,106.6396103067892,88,1.678920114045468e-08,ok,89,334,246,1.281015
brc201d.map,270,27,253,93,181,71,108.04163055,108.04163056034258,101,1.0342589007450442e-08,ok,612,774,163,6.670189
brc201d.map,271,27,250,310,350,284,110.76955261,110.7695526217004,100,1.1700393542923848e-08,ok,133,377,245,1.692779
brc201d.map,272,27,258,28,183,84,111.66904755,111.66904755831207,98,8.312071031468804e-09,ok,954,1109,156,11.304663
brc201d.map,273,27,219,187,164,271,110.88225098,110.88225099390847,91,1.3908476148571935e-08,ok,787,988,202,9.402135
brc201d.map,274,27,181,93,112,153,109.08326111,109.08326112068514,95,1.0685141660360387e-08,ok,632,831,200,7.267888
brc201d.map,275,27,91,51,190,51,108.94112549,108.94112549695421,99,6.954209652576537e-09,ok,1054,1219,166,13.044906
brc201d.map,276,27,14,206,105,158,110.88225098,110.88225099390849,91,1.390849035942665e-08,ok,107,343,237,1.311801
brc201d.map,277,27,117,132,183,52,109.68124084,109.68124086713178,84,2.7131775937050406e-08,ok,634,860,276,7.29262
brc201d.map,278,27,219,196,161,276,108.12489166,108.12489168102776,87,2.102775908952026e-08,ok,542,735,194,6.307719
brc201d.map,279,27,158,84,255,61,108.18376617,108.18376618407353,97,1.4073535226089007e-08,ok,786,946,161,9.388919
brc201d.map,280,28,77,78,155,10,114.36753235,114.36753236814704,92,1.8147034097637516e-08,ok,862,1073,212,9.986943
brc201d.map,281,28,215,309,321,329,114.28427124,114.28427124746185,106,7.461849804712983e-09,ok,392,574,183,4.60666
brc201d.map,282,28,154,13,120,105,115.59797974,115.5979797464466,104,6.446597922149522e-09,ok,1804,1996,193,25.546793
brc201d.map,283,28,129,105,85,58,113.66904755,113.6690475583121,100,8.312099453178234e-09,ok,802,985,184,10.219242
brc201d.map,284,28,224,311,337,314,115.07106781,115.07106781186546,113,1.865458898464567e-09,ok,281,491,211,3.623791
brc201d.map,285,28,154,66,260,49,113.87005768,113.87005768508877,106,5.0887649649666855e-09,ok,149,374,226,1.840912
brc201d.map,286,28,248,305,167,260,113.49747467,113.49747468305824,99,1.30582407109614e-08,ok,592,780,189,7.549889
brc201d.map,287,28,158,29,123,123,112.98275604,112.98275605729683,96,1.729682708173641e-08,ok,1158,1352,207,14.425053
brc201d.map,288,28,258,27,169,67,112.59797974,112.59797974644664,101,6.446640554713667e-09,ok,219,415,197,2.548464
brc201d.map,289,28,255,80,176,87,112.18376617,112.1837661840735,101,1.4073506804379576e-08,ok,886,1097,212,11.278598
brc201d.map,290,29,264,132,212,52,118.52691193,118.52691193458114,109,4.581139023684955e-09,ok,1042,1175,134,13.090506
brc201d.map,291,29,134,53,106,146,119.0243866,119.02438661763941,95,1.7639408156355785e-08,ok,862,1103,242,11.252232
brc201d.map,292,29,298,292,191,306,119.97056274,119.97056274847712,115,8.47711589813116e-09,ok,483,669,187,6.20049
brc201d.map,293,29,304,57,191,46,117.55634918,117.55634918610401,113,6.104016847530147e-09,ok,205,406,202,2.650741
brc201d.map,294,29,231,314,134,266,118.05382385,118.05382386916224,99,1.916224334763683e-08,ok,1074,1209,289,13.400844
brc201d.map,295,29,171,270,261,317,117.08326111,117.0832611206852,103,1.0685198503779247e-08,ok,589,770,221,7.267485
brc201d.map,296,29,118,258,192,206,119.29646454,119.29646455628153,99,1.6281532566608803e-08,ok,386,590,205,4.337777
brc201d.map,297,29,260,48,148,31,119.87005768,119.87005768508875,112,5.08875075411197e-09,ok,202,414,213,2.305241
brc201d.map,298,29,150,60,107,160,118.98275604,118.98275605729678,102,1.7296784449172264e-08,ok,384,608,225,4.460451
brc201d.map,299,29,241,52,137,22,116.42640686,116.42640687119278,104,1.1192781812496833e-08,ok,128,356,229,1.536823
brc201d.map,300,30,72,88,172,44,123.53910522,123.53910524340087,102,2.3400872350975988e-08,ok,1321,1489,193,16.33926
brc201d.map,301,30,168,98,263,70,122.15432892,122.15432893255065,106,1.2550657402243814e-08,ok,1044,1224,181,12.729163
brc201d.map,302,30,231,305,348,291,123.62741699,123.62741699796948,117,7.969475745994714e-09,ok,205,403,199,2.488285
brc201d.map,303,30,346,302,227,311,122.72792206,122.72792206135783,119,1.3578329571828363e-09,ok,147,406,260,2.323175
brc201d.map,304,30,151,70,266,56,120.79898987,120.79898987322329,115,3.2232918556474033e-09,ok,116,374,259,1.510426
brc201d.map,305,30,210,198,180,297,122.15432892,122.15432893255064,106,1.25506431913891e-08,ok,1160,1312,153,13.727854
brc201d.map,306,30,291,50,179,35,123.87005768,123.87005768508877,116,5.0887649649666855e-09,ok,1015,1227,213,13.478097
brc201d.map,307,30,190,301,296,291,123.21320343,123.21320343559641,117,5.596419327957847e-09,ok,1157,1276,132,15.175833
brc201d.map,308,30,146,44,256,59,120.35533905,120.35533905932735,110,9.327351335741696e-09,ok,157,403,247,1.876659
brc201d.map,309,30,198,307,317,299,123.97056274,123.97056274847712,119,8.47711589813116e-09,ok,257,445,189,3.047604
brc201d.map,310,31,152,91,260,45,127.05382385,127.0538238691623,108,1.9162300191055692e-08,ok,600,836,237,7.671718
brc201d.map,311,31,162,11,263,35,127.81118317,127.81118318204302,110,1.2043017250107368e-08,ok,865,1066,202,10.626157
brc201d.map,312,31,276,117,199,48,127.84062042,127.84062043356589,115,1.356589507395256e-08,ok,925,1077,153,10.654477
brc201d.map,313,31,274,44,164,86,127.3969696,127.39696961966989,110,1.9669883499773277e-08,ok,184,436,253,2.293195
brc201d.map,314,31,260,100,171,69,127.6984848,127.69848480983495,119,9.834948855313996e-09,ok,791,972,182,9.354395
brc201d.map,315,31,213,54,115,120,125.33809509,125.33809511662412,98,2.6624121574059245e-08,ok,158,464,307,2.032942
brc201d.map,316,31,157,97,266,63,126.3969696,126.39696961966995,109,1.9669940343192138e-08,ok,924,1118,195,11.935455
brc201d.map,317,31,175,89,78,89,127.12489166,127.12489168102776,106,2.102775908952026e-08,ok,2245,2460,216,29.081352
brc201d.map,318,31,170,12,257,30,125.42640686,125.42640687119281,113,1.1192810234206263e-08,ok,1315,1519,205,16.852828
brc201d.map,319,31,154,26,124,132,124.56854248,124.56854249492372,108,1.4923713820280682e-08,ok,1590,1775,196,19.976016
brc201d.map,320,32,94,56,214,58,128.28427124,128.28427124746185,120,7.461835593858268e-09,ok,960,1149,190,12.08621
brc201d.map,321,32,305,334,193,301,130.94112549,130.94112549695427,121,6.954280706850113e-09,ok,916,1069,172,11.247508
brc201d.map,322,32,224,313,347,328,131.6984848,131.69848480983495,123,9.834963066168712e-09,ok,339,556,218,4.364747
brc201d.map,323,32,332,302,208,318,130.62741699,130.62741699796948,124,7.969475745994714e-09,ok,285,508,224,3.400852
brc201d.map,324,32,259,111,184,39,130.59797974,130.59797974644658,119,6.4465837112948066e-09,ok,1384,1528,169,16.187178
brc201d.map,325,32,228,183,166,285,131.78174591,131.78174593052012,109,2.0520104726529098e-08,ok,870,1099,230,10.794767
brc201d.map,326,32,153,92,265,68,129.3969696,129.39696961966993,112,1.9669926132337423e-08,ok,1390,1584,195,19.254888
brc201d.map,327,32,261,134,171,215,129.4091629,129.4091629284896,100,2.8489580472523812e-08,ok,312,587,276,3.782512
brc201d.map,328,32,166,285,285,304,131.0121933,131.01219330881975,119,8.81973960531468e-09,ok,540,715,176,6.552572
brc201d.map,329,32,319,294,197,305,129.87005768,129.8700576850888,122,5.088793386676116e-09,ok,805,998,194,10.108283
brc201d.map,330,33,276,59,155,26,134.66904755,134.66904755831206,121,8.312071031468804e-09,ok,235,496,262,2.941332
brc201d.map,331,33,127,56,101,154,132.50966797,132.50966799187796,106,2.187795189456665e-08,ok,1001,1269,269,12.174742
brc201d.map,332,33,186,74,255,119,134.04163055,134.04163056034258,127,1.0342574796595727e-08,ok,1889,2119,231,21.42283
brc201d.map,333,33,258,85,160,95,133.05382385,133.05382386916233,114,1.9162342823619838e-08,ok,725,976,252,8.907837
brc201d.map,334,33,133,39,256,67,134.59797974,134.59797974644664,123,6.446640554713667e-09,ok,594,848,255,7.220114
brc201d.map,335,33,182,294,297,290,135.52691193,135.52691193458116,126,4.58115323453967e-09,ok,1312,1431,144,18.152539
brc201d.map,336,33,75,81,189,89,135.53910522,135.53910524340085,114,2.3400843929266557e-08,ok,609,844,236,7.468564
brc201d.map,337,33,269,51,143,60,135.52691193,135.5269119345811,126,4.581096391120809e-09,ok,1579,1742,176,20.261834
brc201d.map,338,33,144,68,252,84,134.38477631,134.3847763108502,129,8.502070159011055e-10,ok,2479,2646,168,31.890014
brc201d.map,339,33,167,101,86,176,133.43860016,133.4386001800125,109,2.0012492996102083e-08,ok,413,671,259,5.163908
brc201d.map,340,34,189,307,210,193,139.7106781,139.71067811865473,119,1.8654731093192822e-08,ok,1264,1488,233,16.07558
brc201d.map,341,34,280,310,169,264,139.42640686,139.42640687119277,127,1.1192781812496833e-08,ok,966,1136,171,11.646827
brc201d.map,342,34,254,114,184,82,137.45584412,137.45584412271566,130,2.7156659143656725e-09,ok,1690,1875,186,19.181054
brc201d.map,343,34,267,42,150,10,136.05382385,136.05382386916233,117,1.9162342823619838e-08,ok,471,748,278,6.599977
brc201d.map,344,34,79,174,11,267,139.32590179,139.32590180780443,124,1.7804438812163426e-08,ok,961,1160,200,11.883261
brc201d.map,345,34,211,51,261,150,137.28427124,137.28427124746193,129,7.46192085898656e-09,ok,1327,1509,222,15.403833
brc201d.map,346,34,194,311,324,287,139.94112549,139.9411254969543,130,6.954309128559544e-09,ok,821,1064,244,9.778128
brc201d.map,347,34,143,38,106,155,139.29646454,139.29646455628153,119,1.6281546777463518e-08,ok,1083,1335,253,13.108064
brc201d.map,348,34,226,199,123,270,137.92388153,137.92388155425107,111,2.4251079366877093e-08,ok,1619,1791,275,20.121066
brc201d.map,349,34,267,74,155,16,136.0243866,136.02438661763946,112,1.763945078891993e-08,ok,164,461,298,2.018699
brc201d.map,350,35,255,92,162,16,142.05382385,142.05382386916236,123,1.9162371245329268e-08,ok,1178,1375,211,14.249859
brc201d.map,351,35,14,301,51,182,140.76955261,140.76955262170043,130,1.1700421964633279e-08,ok,1282,1421,156,15.95977
brc201d.map,352,35,103,154,148,33,143.29646454,143.2964645562816,123,1.628160362088238e-08,ok,1003,1159,200,11.680711
brc201d.map,353,35,118,265,242,309,142.22539673,142.22539674441606,124,1.441605945728952e-08,ok,136,452,317,1.773608
brc201d.map,354,35,268,125,173,218,140.55129852,140.55129855222057,107,3.222058353458124e-08,ok,507,788,282,6.778821
brc201d.map,355,35,166,41,108,146,143.55129852,143.5512985522206,110,3.222061195629067e-08,ok,1628,1993,380,25.466903
brc201d.map,356,35,252,56,131,105,141.29646454,141.2964645562816,121,1.628160362088238e-08,ok,359,659,304,4.749181
brc201d.map,357,35,177,227,243,310,140.25483398,140.25483399593895,127,1.5938951491989428e-08,ok,1283,1549,267,18.258849
brc201d.map,358,35,122,104,72,82,142.36753235,142.36753236814712,120,1.8147119362765807e-08,ok,1656,1867,212,21.641772
brc201d.map,359,35,150,17,271,70,142.95331879,142.953318805774,121,1.5773991890455363e-08,ok,257,564,308,4.055184
brc201d.map,360,36,69,181,168,93,145.4091629,145.4091629284896,116,2.8489580472523812e-08,ok,1152,1323,207,15.720477
brc201d.map,361,36,186,231,261,120,144.4091629,144.40916292848965,115,2.8489637315942673e-08,ok,531,949,419,9.084683
brc201d.map,362,36,274,66,226,194,147.88225098,147.88225099390854,128,1.3908532991990796e-08,ok,270,568,299,5.544173
brc201d.map,363,36,189,304,327,322,145.45584412,145.4558441227157,138,2.715694336075103e-09,ok,483,735,253,6.51803
brc201d.map,364,36,137,41,275,54,145.04163055,145.04163056034258,138,1.0342574796595727e-08,ok,250,559,310,3.223775
brc201d.map,365,36,342,329,206,308,144.6984848,144.69848480983495,136,9.834963066168712e-09,ok,215,527,313,2.800216
brc201d.map,366,36,137,63,89,174,144.58073578,144.5807358037435,116,2.3743496058159508e-08,ok,760,1044,286,9.175833
brc201d.map,367,36,269,118,182,223,145.13708496,145.13708498984755,112,2.9847541327399085e-08,ok,1142,1403,293,14.635701
brc201d.map,368,36,161,63,79,174,147.89444427,147.8944443027283,116,3.2728280530136544e-08,ok,1271,1495,288,16.284488
brc201d.map,369,36,260,115,185,89,147.52691193,147.52691193458114,138,4.5811248128302395e-09,ok,2057,2270,214,26.253845
brc201d.map,370,37,139,269,237,170,148.96551208,148.96551211459374,115,3.459373942860111e-08,ok,1330,1640,320,21.802387
brc201d.map,371,37,290,304,168,267,148.49747467,148.49747468305833,134,1.305832597608969e-08,ok,1125,1254,148,22.037245
brc201d.map,372,37,76,64,212,51,148.0121933,148.0121933088197,136,8.81968276189582e-09,ok,1402,1587,186,29.812379
brc201d.map,373,37,177,238,261,304,148.91168823,148.91168824543132,134,1.5431311339852982e-08,ok,1595,1832,238,30.359121
brc201d.map,374,37,232,186,188,298,149.33809509,149.33809511662432,122,2.6624320526025258e-08,ok,1738,1896,159,34.651929
brc201d.map,375,37,13,300,61,187,148.11269836,148.11269837220803,139,1.2208033695060294e-08,ok,1336,1481,146,22.388235
brc201d.map,376,37,225,57,82,58,150.87005768,150.87005768508874,143,5.088736543257255e-09,ok,799,1067,269,10.048256
brc201d.map,377,37,187,79,90,175,151.99494934,151.9949493661166,123,2.611659510876052e-08,ok,1460,1720,276,19.614069
brc201d.map,378,37,265,125,177,47,149.0121933,149.0121933088197,137,8.81968276189582e-09,ok,1114,1285,172,13.639258
brc201d.map,379,37,259,100,183,210,148.50966797,148.50966799187802,122,2.187800873798551e-08,ok,1027,1239,242,12.824774
brc201d.map,380,38,256,65,220,204,153.91168823,153.9116882454314,139,1.5431396604981273e-08,ok,501,779,315,6.021547
brc201d.map,381,38,170,214,256,108,153.92388153,153.92388155425104,127,2.4251050945167663e-08,ok,621,884,264,7.237552
brc201d.map,382,38,184,86,76,170,152.75230865,152.75230867899734,125,2.899733431149798e-08,ok,1612,1798,204,20.401077
brc201d.map,383,38,182,304,236,187,155.85281372,155.85281374238576,131,2.2385762576959678e-08,ok,1426,1658,233,19.167596
brc201d.map,384,38,236,173,222,51,152.42640686,152.42640687119288,140,1.1192895499334554e-08,ok,1637,1801,182,22.532313
brc201d.map,385,38,296,306,166,266,155.49747467,155.49747468305839,141,1.3058382819508552e-08,ok,1270,1431,166,17.747739
brc201d.map,386,38,90,170,132,48,155.48023071,155.48023074035524,124,3.035523832295439e-08,ok,1535,1666,181,20.796566
brc201d.map,387,38,223,192,118,254,154.23759003,154.23759005323586,124,2.3235855906023062e-08,ok,2600,2711,268,33.076926
brc201d.map,388,38,140,65,75,180,154.55129852,154.55129855222071,121,3.222072564312839e-08,ok,1378,1598,288,19.576327
brc201d.map,389,38,16,205,123,117,153.4091629,153.40916292848968,124,2.8489665737652103e-08,ok,1659,1835,234,21.553628
brc201d.map,390,39,257,109,157,89,157.15432892,157.1543289325508,141,1.2550799510790966e-08,ok,1538,1773,236,17.983256
brc201d.map,391,39,218,50,240,174,156.18376617,156.18376618407365,145,1.4073634702072013e-08,ok,1013,1211,199,12.209359
brc201d.map,392,39,228,188,198,307,158.23759003,158.2375900532361,128,2.3236083279698505e-08,ok,1861,2027,167,23.096964
brc201d.map,393,39,36,187,139,90,158.99494934,158.99494936611669,130,2.6116680373888812e-08,ok,1401,1602,252,16.270097
brc201d.map,394,39,168,289,303,287,157.08326111,157.08326112068534,143,1.06853406123264e-08,ok,1495,1675,181,19.59365
brc201d.map,395,39,302,55,156,29,156.76955261,156.76955262170054,146,1.1700535651471e-08,ok,1448,1762,325,19.027986
brc201d.map,396,39,250,93,133,58,157.6984848,157.698484809835,149,9.835019909587572e-09,ok,1562,1800,258,21.665539
brc201d.map,397,39,203,50,247,164,158.28427124,158.2842712474619,150,7.461892437277129e-09,ok,1816,2052,237,23.710176
brc201d.map,398,39,225,199,269,59,158.22539673,158.22539674441623,140,1.4416229987546103e-08,ok,1437,1673,319,17.830557
brc201d.map,399,39,250,90,134,33,157.42640686,157.4264068711928,145,1.1192810234206263e-08,ok,362,654,293,4.052622
brc201d.map,400,40,162,28,94,158,162.4091629,162.40916292848988,133,2.8489864689618116e-08,ok,1439,1716,311,20.096056
brc201d.map,401,40,137,26,96,158,160.92388153,160.92388155425124,134,2.4251249897133675e-08,ok,1750,2017,292,23.848048
brc201d.map,402,40,22,184,129,98,160.43860016,160.4386001800126,136,2.0012606682939804e-08,ok,1693,1861,242,21.379889
brc201d.map,403,40,67,185,172,72,162.93607483,162.93607486307104,124,3.3071046345867217e-08,ok,1113,1384,272,13.926931
brc201d.map,404,40,203,312,218,185,162.99494934,162.99494936611683,134,2.6116822482435964e-08,ok,1649,1889,241,20.289954
brc201d.map,405,40,134,57,257,94,160.18376617,160.1837661840736,149,1.4073577858653152e-08,ok,3643,3833,212,47.483864
brc201d.map,406,40,149,88,258,105,161.15432892,161.15432893255064,145,1.2550628980534384e-08,ok,2854,3057,204,35.384464
brc201d.map,407,40,336,301,183,294,162.52691193,162.52691193458134,153,4.581323764796252e-09,ok,1439,1692,254,19.998466
brc201d.map,408,40,101,166,131,32,163.33809509,163.3380951166243,136,2.6624292104315828e-08,ok,1645,1785,160,19.812159
brc201d.map,409,40,179,83,263,133,163.25483398,163.25483399593907,150,1.593906517882715e-08,ok,2878,3108,262,34.542322
brc201d.map,410,41,180,81,65,178,165.7228714,165.72287142747453,133,2.7474527541926363e-08,ok,1939,2155,222,23.686549
brc201d.map,411,41,179,254,260,128,166.13708496,166.1370849898476,133,2.9847598170817946e-08,ok,1221,1445,225,14.682893
brc201d.map,412,41,95,168,141,31,164.68124084,164.68124086713175,139,2.713176172619569e-08,ok,1256,1402,219,14.768982
brc201d.map,413,41,268,120,175,95,165.98275604,165.98275605729705,149,1.7297054455411853e-08,ok,2465,2689,225,29.869081
brc201d.map,414,41,76,182,17,303,166.52691193,166.52691193458114,157,4.5811248128302395e-09,ok,805,1097,293,9.447625
brc201d.map,415,41,116,52,256,80,165.84062042,165.84062043356602,153,1.3566022971644998e-08,ok,3485,3667,237,52.045199
brc201d.map,416,41,258,35,112,56,165.32590179,165.32590180780457,150,1.7804580920710578e-08,ok,1862,2061,200,24.83024
brc201d.map,417,41,79,173,17,296,166.25483398,166.25483399593898,153,1.593897991369886e-08,ok,978,1229,252,11.536778
brc201d.map,418,41,14,231,117,129,164.58073578,164.58073580374364,136,2.374363816670666e-08,ok,1779,1942,219,21.05448
brc201d.map,419,41,124,105,14,206,167.65180359,167.65180361560905,137,2.5609068643461796e-08,ok,1381,1606,263,16.82273
brc201d.map,420,42,152,84,265,116,170.3969696,170.39696961967002,153,1.9670011397465714e-08,ok,3228,3404,230,39.090641
brc201d.map,421,42,109,140,75,68,169.68124084,169.6812408671319,144,2.7131903834742843e-08,ok,2161,2347,187,24.912163
brc201d.map,422,42,223,59,230,191,168.59797974,168.59797974644684,157,6.44683950667968e-09,ok,1077,1314,238,12.148671
brc201d.map,423,42,26,188,147,93,170.89444427,170.89444430272846,139,3.2728451060393127e-08,ok,1529,1755,227,18.910636
brc201d.map,424,42,263,60,198,197,169.78174591,169.78174593052043,147,2.0520417365332833e-08,ok,1478,1682,205,17.852009
brc201d.map,425,42,237,52,214,198,171.12489166,171.1248916810281,150,2.102808593917871e-08,ok,1048,1350,303,13.176753
brc201d.map,426,42,95,169,132,32,168.4091629,168.40916292848974,139,2.8489722581070964e-08,ok,1721,1866,179,20.775374
brc201d.map,427,42,187,298,343,330,169.25483398,169.25483399593904,156,1.593903675711772e-08,ok,956,1260,305,11.746385
brc201d.map,428,42,86,179,174,52,170.76450195,170.76450198781725,131,3.781724444706924e-08,ok,2110,2243,272,25.734109
brc201d.map,429,42,262,313,191,225,169.46803741,169.46803743153552,150,2.1535527139349142e-08,ok,1766,1903,138,21.142151
brc201d.map,430,43,178,239,256,102,173.4091629,173.4091629284896,144,2.8489580472523812e-08,ok,890,1189,300,10.621137
brc201d.map,431,43,21,287,89,164,173.22539673,173.2253967444163,155,1.4416286830964964e-08,ok,1914,2050,191,23.348396
brc201d.map,432,43,212,213,246,60,174.63961029,174.63961030678922,156,1.6789215351309394e-08,ok,1633,1788,216,23.169452
brc201d.map,433,43,158,257,299,303,172.05382385,172.05382386916233,153,1.9162342823619838e-08,ok,1299,1566,268,16.48936
brc201d.map,434,43,301,304,147,268,173.05382385,173.05382386916258,154,1.916259861900471e-08,ok,1069,1358,290,13.661511
brc201d.map,435,43,218,188,259,31,173.98275604,173.98275605729688,157,1.729688392515527e-08,ok,809,1176,390,12.76921
brc201d.map,436,43,260,104,141,97,172.7106781,172.7106781186549,152,1.8654901623449405e-08,ok,1878,2141,264,25.083257
brc201d.map,437,43,153,278,308,298,172.3969696,172.39696961967002,155,1.9670011397465714e-08,ok,1250,1461,212,18.397723
brc201d.map,438,43,205,215,248,306,173.78174591,173.78174593052017,151,2.052016156994796e-08,ok,2559,2778,220,29.763167
brc201d.map,439,43,42,184,148,74,174.30865784,174.30865786510154,142,2.5101542178163072e-08,ok,1781,1965,265,21.197479
brc201d.map,440,44,257,130,170,98,176.49747467,176.49747468305856,162,1.3058553349765134e-08,ok,2712,2969,258,35.701383
brc201d.map,441,44,157,93,29,186,176.48023071,176.4802307403552,145,3.035520990124496e-08,ok,1457,1662,227,21.430603
brc201d.map,442,44,272,67,107,52,177.84062042,177.84062043356602,165,1.3566022971644998e-08,ok,2251,2468,233,38.848304
brc201d.map,443,44,147,97,255,118,178.63961029,178.63961030678922,160,1.6789215351309394e-08,ok,3136,3360,225,50.167096
brc201d.map,444,44,318,316,160,272,176.22539673,176.22539674441654,158,1.4416542626349838e-08,ok,1050,1365,316,20.034538
brc201d.map,445,44,310,303,157,263,177.46803741,177.4680374315358,158,2.1535811356443446e-08,ok,1438,1690,253,20.66867
brc201d.map,446,44,259,127,170,265,178.96551208,178.96551211459374,145,3.459373942860111e-08,ok,2129,2353,269,29.279284
brc201d.map,447,44,207,200,233,56,178.36753235,178.36753236814712,156,1.8147119362765807e-08,ok,2146,2297,152,28.663005
brc201d.map,448,44,136,57,57,175,177.55129852,177.55129855222071,144,3.222072564312839e-08,ok,2721,2974,254,36.323286
brc201d.map,449,44,313,316,166,264,176.15432892,176.15432893255095,160,1.2550941619338118e-08,ok,1812,2002,191,24.663958
brc201d.map,450,45,259,128,150,30,183.56854248,183.56854249492395,167,1.492395540481084e-08,ok,2242,2435,201,31.77876
brc201d.map,451,45,261,35,122,125,181.55129852,181.55129855222089,148,3.222089617338497e-08,ok,1999,2241,325,28.098716
brc201d.map,452,45,266,44,201,195,183.19595947,183.19595949289365,160,2.2893658524480998e-08,ok,1832,2068,237,27.744716
brc201d.map,453,45,250,63,82,68,181.18376617,181.18376618407365,170,1.4073634702072013e-08,ok,1708,1974,267,23.75673
brc201d.map,454,45,267,60,192,205,180.75230865,180.75230867899768,153,2.8997675372011145e-08,ok,1451,1705,255,19.202798
brc201d.map,455,45,216,313,231,191,180.48023071,180.48023074035547,149,3.0355465696629835e-08,ok,2157,2378,222,28.911245
brc201d.map,456,45,151,278,316,299,181.98275604,181.9827560572969,165,1.72969123468647e-08,ok,1318,1544,234,16.662383
brc201d.map,457,45,119,120,265,37,180.37972565,180.3797256769669,146,2.6966887389789918e-08,ok,1286,1575,338,16.094391
brc201d.map,458,45,326,314,158,277,183.32590179,183.32590180780483,168,1.780483671609545e-08,ok,1456,1769,314,20.823113
brc201d.map,459,45,112,145,74,85,182.06601715,182.0660171779823,151,2.798230980260996e-08,ok,2485,2690,206,35.174691
brc201d.map,460,46,64,176,175,53,184.83556976,184.83556979968287,143,3.968287387579039e-08,ok,2286,2469,282,32.125822
brc201d.map,461,46,166,92,253,145,185.49747467,185.4974746830583,171,1.305829755438026e-08,ok,2929,3189,261,43.741002
brc201d.map,462,46,252,134,146,60,185.6984848,185.69848480983512,177,9.835133596425294e-09,ok,2364,2569,211,41.842612
brc201d.map,463,46,12,272,108,147,184.68124084,184.68124086713206,159,2.7132074364999426e-08,ok,1784,1977,243,23.724919
brc201d.map,464,46,181,72,53,188,186.00714264,186.00714267493657,145,3.4936562087750644e-08,ok,2127,2401,275,27.441977
brc201d.map,465,46,278,54,212,213,186.33809509,186.33809511662452,159,2.662451947799127e-08,ok,1434,1711,290,19.375687
brc201d.map,466,46,225,59,100,165,184.13708496,184.1370849898477,151,2.984768343594624e-08,ok,2247,2498,252,34.399776
brc201d.map,467,46,155,25,262,131,184.88225098,184.88225099390854,165,1.3908532991990796e-08,ok,3942,4238,344,51.909885
brc201d.map,468,46,315,315,157,261,184.46803741,184.46803743153583,165,2.1535839778152877e-08,ok,1646,1912,267,21.312721
brc201d.map,469,46,253,109,123,54,185.76955261,185.7695526217006,175,1.1700592494889861e-08,ok,2245,2468,230,27.885805
brc201d.map,470,47,168,94,31,199,190.45079346,190.45079348883252,154,2.8832516818511067e-08,ok,1738,1967,230,21.110244
brc201d.map,471,47,67,183,131,40,190.52186127,190.52186130069794,152,3.0697947295266204e-08,ok,2166,2292,250,27.843221
brc201d.map,472,47,164,64,257,156,189.28427124,189.2842712474619,181,7.461892437277129e-09,ok,3392,3662,305,39.350709
brc201d.map,473,47,165,283,336,333,191.7106781,191.71067811865498,171,1.8654986888577696e-08,ok,1512,1792,289,19.722009
brc201d.map,474,47,160,243,294,293,191.63961029,191.63961030678922,173,1.6789215351309394e-08,ok,3473,3610,214,43.78884
brc201d.map,475,47,336,285,166,286,189.46803741,189.4680374315357,170,2.1535697669605725e-08,ok,1930,2221,292,25.512559
brc201d.map,476,47,121,120,262,24,188.37972565,188.37972567696693,154,2.6966915811499348e-08,ok,2750,2914,278,38.927259
brc201d.map,477,47,255,44,83,69,188.98275604,188.98275605729697,172,1.7296969190283562e-08,ok,2211,2422,252,30.317846
brc201d.map,478,47,82,175,168,26,189.45079346,189.4507934888325,153,2.8832488396801637e-08,ok,1983,2212,272,30.052104
brc201d.map,479,47,137,31,75,182,189.79393921,189.79393923934026,155,2.9340270657485235e-08,ok,2338,2698,435,31.488381
brc201d.map,480,48,79,168,217,59,193.1076477,193.10764773832486,155,3.832485617749626e-08,ok,2058,2301,286,26.288718
brc201d.map,481,48,30,189,142,72,194.62236633,194.62236636408642,159,3.40864119152684e-08,ok,2596,2666,248,35.022059
brc201d.map,482,48,349,319,169,289,192.42640686,192.42640687119308,180,1.1193094451300567e-08,ok,2085,2387,304,46.40046
brc201d.map,483,48,174,262,331,313,193.25483398,193.254833995939,180,1.593900833540829e-08,ok,675,1061,387,11.397965
brc201d.map,484,48,135,52,257,125,192.25483398,192.25483399593907,179,1.593906517882715e-08,ok,4723,4933,227,60.399312
brc201d.map,485,48,295,58,124,115,195.43860016,195.43860018001297,171,2.00129761651624e-08,ok,1614,1971,358,21.840399
brc201d.map,486,48,172,289,347,285,193.22539673,193.2253967444164,175,1.4416400517802685e-08,ok,1640,1937,298,21.310831
brc201d.map,487,48,172,287,343,342,193.78174591,193.78174593052054,171,2.0520531052170554e-08,ok,1407,1703,297,18.74599
brc201d.map,488,48,130,109,304,57,195.53910522,195.53910524340085,174,2.3400843929266557e-08,ok,735,1113,379,11.56704
brc201d.map,489,48,258,78,87,68,194.49747467,194.49747468305839,180,1.3058382819508552e-08,ok,2072,2353,282,32.6843
brc201d.map,490,49,189,225,291,312,196.05382385,196.05382386916233,177,1.9162342823619838e-08,ok,2272,2604,349,26.548787
brc201d.map,491,49,255,153,167,17,199.98275604,199.98275605729714,183,1.7297139720540144e-08,ok,2355,2521,183,31.03664
brc201d.map,492,49,111,152,255,56,197.82337646,197.8233764908627,168,3.0862707944834256e-08,ok,559,970,412,6.917865
brc201d.map,493,49,252,145,149,30,199.49747467,199.4974746830585,185,1.3058496506346273e-08,ok,2533,2744,228,30.847277
brc201d.map,494,49,167,249,302,338,196.46803741,196.46803743153555,177,2.1535555561058572e-08,ok,2601,2781,331,32.601193
brc201d.map,495,49,189,208,239,46,198.99494934,198.99494936611674,170,2.6116737217307673e-08,ok,1587,1824,238,20.475629
brc201d.map,496,49,197,60,215,180,196.08326111,196.0832611206855,182,1.0685511142582982e-08,ok,3988,4230,243,61.07248
brc201d.map,497,49,280,58,110,121,196.09545441,196.09545442950525,170,1.9505250747897662e-08,ok,1756,2112,357,23.108493
brc201d.map,498,49,240,46,200,215,196.33809509,196.33809511662471,169,2.6624718429957284e-08,ok,1317,1664,348,17.234449
brc201d.map,499,49,25,192,150,70,197.79393921,197.79393923934018,163,2.9340185392356943e-08,ok,2060,2264,241,38.497062
brc201d.map,500,50,164,72,241,164,201.42640686,201.42640687119297,189,1.1192980764462845e-08,ok,3834,4099,273,66.652848
brc201d.map,501,50,170,281,278,368,202.92388153,202.92388155425155,176,2.425156253593741e-08,ok,2699,2871,173,33.267426
brc201d.map,502,50,158,281,346,312,200.84062042,200.84062043356593,188,1.3565937706516706e-08,ok,467,851,386,6.571726
brc201d.map,503,50,161,85,19,201,200.00714264,200.00714267493655,159,3.4936533666041214e-08,ok,1957,2209,256,24.871719
brc201d.map,504,50,169,11,85,175,202.45079346,202.45079348883266,166,2.883265892705822e-08,ok,2272,2647,376,30.236336
brc201d.map,505,50,166,272,344,296,201.63961029,201.63961030678934,183,1.6789329038147116e-08,ok,1605,1910,306,23.264214
brc201d.map,506,50,325,333,149,276,201.36753235,201.36753236814747,179,1.814746042327897e-08,ok,1541,1805,284,21.265314
brc201d.map,507,50,124,107,10,241,201.13708496,201.1370849898477,168,2.984768343594624e-08,ok,2229,2375,174,31.335906
brc201d.map,508,50,158,261,333,312,200.81118317,200.81118318204307,183,1.204307409352623e-08,ok,861,1238,380,11.644516
brc201d.map,509,50,221,313,240,175,202.27922058,202.27922061357893,165,3.3578942293388536e-08,ok,2173,2458,286,27.918154
brc201d.map,510,51,167,261,339,296,207.22539673,207.22539674441623,189,1.4416229987546103e-08,ok,1900,2218,319,25.054707
brc201d.map,511,51,164,242,295,280,206.88225098,206.8822509939086,187,1.3908589835409657e-08,ok,4286,4385,170,52.205924
brc201d.map,512,51,97,159,78,91,206.62236633,206.6223663640863,171,3.408629822843068e-08,ok,3465,3702,238,43.361752
brc201d.map,513,51,256,86,81,65,206.42640686,206.42640687119294,194,1.1192952342753415e-08,ok,2023,2307,285,42.308919
brc201d.map,514,51,263,30,80,63,205.63961029,205.63961030678928,187,1.6789272194728255e-08,ok,2137,2376,244,31.374967
brc201d.map,515,51,177,234,269,69,207.20815277,207.20815280171308,172,3.1713085490991944e-08,ok,1620,1919,365,25.015369
brc201d.map,516,51,118,142,271,47,204.65180359,204.65180361560888,174,2.5608898113205214e-08,ok,1021,1498,478,12.164291
brc201d.map,517,51,256,20,116,131,204.62236633,204.6223663640865,169,3.408649718039669e-08,ok,2136,2393,332,28.964052
brc201d.map,518,51,91,62,77,181,206.03657989,206.0365799264596,170,3.6459596230997704e-08,ok,2451,2727,308,44.541799
brc201d.map,519,51,168,259,289,352,206.95331879,206.95331880577424,185,1.5774247685840237e-08,ok,3129,3235,229,57.338014
brc201d.map,520,52,163,95,20,214,209.27922058,209.2792206135787,172,3.357871491971309e-08,ok,2483,2624,238,32.929937
brc201d.map,521,52,205,57,200,199,211.36753235,211.36753236814764,189,1.8147630953535554e-08,ok,3749,4078,330,48.555339
brc201d.map,522,52,184,233,313,303,210.98275604,210.98275605729685,194,1.729685550344584e-08,ok,2881,3183,357,35.096837
brc201d.map,523,52,260,30,189,207,211.68124084,211.68124086713246,186,2.713247226893145e-08,ok,2139,2430,292,29.583171
brc201d.map,524,52,164,243,251,76,208.79393921,208.79393923933986,174,2.933987275355321e-08,ok,1371,1643,273,23.421658
brc201d.map,525,52,75,79,269,55,210.56854248,210.56854249492378,194,1.4923784874554258e-08,ok,1544,1938,406,31.174028
brc201d.map,526,52,168,25,237,163,209.7106781,209.71067811865487,189,1.8654873201739974e-08,ok,5054,5297,244,70.082911
brc201d.map,527,52,285,360,159,266,210.99494934,210.99494936611705,182,2.6117049856111407e-08,ok,1332,1568,237,20.97083
brc201d.map,528,52,323,291,136,272,209.78174591,209.7817459305206,187,2.0520587895589415e-08,ok,1763,2056,294,32.122094
brc201d.map,529,52,265,305,206,198,208.0243866,208.02438661763972,184,1.7639706584304804e-08,ok,3040,3264,225,38.119838
brc201d.map,530,53,237,57,77,167,215.52186127,215.52186130069816,177,3.069817466894165e-08,ok,2897,3133,295,47.66135
brc201d.map,531,53,168,272,353,289,212.7106781,212.71067811865493,192,1.8654930045158835e-08,ok,2037,2364,328,26.52037
brc201d.map,532,53,246,162,149,40,215.66904755,215.66904755831223,202,8.312241561725386e-09,ok,2901,3081,283,35.674661
brc201d.map,533,53,190,62,37,181,212.24978332,212.24978336205587,170,4.2055859239553683e-08,ok,2752,3025,274,35.552125
brc201d.map,534,53,164,246,330,323,214.88225098,214.88225099390866,195,1.3908646678828518e-08,ok,2079,2436,405,26.120532
brc201d.map,535,53,94,55,68,183,212.1076477,212.10764773832508,174,3.83250835511717e-08,ok,2740,2980,241,31.986437
brc201d.map,536,53,123,269,318,304,213.63961029,213.63961030678922,195,1.6789215351309394e-08,ok,1555,1835,281,19.518694
brc201d.map,537,53,158,265,339,335,212.33809509,212.33809511662452,185,2.662451947799127e-08,ok,1589,1925,345,20.121591
brc201d.map,538,53,250,46,173,215,213.33809509,213.33809511662477,186,2.6624775273376144e-08,ok,2185,2446,262,27.486094
brc201d.map,539,53,28,199,146,57,212.35028839,212.35028842544426,173,3.544425908330595e-08,ok,2496,2667,242,29.579604
brc201d.map,540,54,172,217,284,55,217.76450195,217.7645019878173,178,3.7817301290488103e-08,ok,1530,1848,319,21.53615
brc201d.map,541,54,27,195,142,53,217.35028839,217.3502884254443,178,3.544428750501538e-08,ok,2741,2849,251,33.662057
brc201d.map,542,54,259,18,82,75,218.95331879,218.95331880577422,197,1.5774219264130807e-08,ok,2602,2835,291,34.191398
brc201d.map,543,54,253,78,168,256,217.30865784,217.30865786510176,185,2.5101769551838515e-08,ok,2370,2628,310,33.195391
brc201d.map,544,54,188,51,222,199,218.22539673,218.22539674441649,200,1.4416485782930977e-08,ok,3924,4226,303,52.493392
brc201d.map,545,54,163,244,332,322,218.88225098,218.88225099390863,199,1.3908618257119088e-08,ok,2215,2569,381,27.952497
brc201d.map,546,54,245,51,174,230,219.13708496,219.13708498984818,186,2.9848166605006554e-08,ok,1796,2176,381,22.755102
brc201d.map,547,54,305,326,188,222,218.43860016,218.43860018001297,194,2.00129761651624e-08,ok,3759,3986,228,45.254539
brc201d.map,548,54,139,58,18,186,218.86500702,218.86500705120562,182,3.120561586911208e-08,ok,3538,3827,290,44.07023
brc201d.map,549,54,252,90,172,268,216.06601715,216.0660171779823,185,2.798230980260996e-08,ok,2224,2479,280,29.199366
brc201d.map,550,55,217,193,182,74,223.78174591,223.78174593052037,201,2.0520360521913972e-08,ok,3454,3610,157,42.768785
brc201d.map,551,55,120,123,255,123,223.75230865,223.75230867899734,196,2.899733431149798e-08,ok,3907,4107,201,48.674813
brc201d.map,552,55,264,30,103,153,223.66399689,223.6639969244292,181,3.44292061527085e-08,ok,2795,3117,323,35.537251
brc201d.map,553,55,133,275,330,285,222.68124084,222.68124086713203,197,2.7132045943289995e-08,ok,2246,2535,290,29.691865
brc201d.map,554,55,168,22,58,186,220.24978332,220.24978336205612,178,4.205611503493856e-08,ok,3141,3547,407,39.7818
brc201d.map,555,55,233,55,182,227,220.23759003,220.2375900532365,190,2.323648118363053e-08,ok,3041,3434,434,38.799596
brc201d.map,556,55,148,61,17,203,220.17871551,220.17871555019053,180,4.019054244963627e-08,ok,2513,2810,302,31.507883
brc201d.map,557,55,15,199,159,62,222.4213562,222.42135623730985,181,3.730986009031767e-08,ok,2372,2592,221,30.770857
brc201d.map,558,55,241,168,149,59,221.66904755,221.6690475583123,208,8.312298405144247e-09,ok,3393,3605,219,43.614206
brc201d.map,559,55,171,227,324,304,221.25483398,221.25483399593898,208,1.593897991369886e-08,ok,2806,3232,427,34.575861
brc201d.map,560,56,183,75,212,188,224.36753235,224.36753236814752,202,1.8147517266697832e-08,ok,4721,5031,311,73.801363
brc201d.map,561,56,187,70,223,204,226.22539673,226.2253967444165,208,1.4416514204640407e-08,ok,4039,4330,292,61.05728
brc201d.map,562,56,245,168,152,22,225.7106781,225.710678118655,205,1.8655015310287126e-08,ok,2829,3109,281,33.807443
brc201d.map,563,56,292,351,130,269,226.26702728,226.2670273047592,201,2.4759202688073856e-08,ok,1644,1885,267,23.353615
brc201d.map,564,56,185,225,317,327,226.61017303,226.61017305526653,203,2.5266530201406567e-08,ok,2838,3161,337,36.265818
brc201d.map,565,56,151,268,346,278,224.82337646,224.8233764908631,195,3.086310584876628e-08,ok,2584,2910,327,35.190355
brc201d.map,566,56,229,198,177,45,227.81118317,227.81118318204324,210,1.2043244623782812e-08,ok,3463,3643,209,42.046734
brc201d.map,567,56,70,85,80,169,226.83556976,226.8355697996831,185,3.9683101249465835e-08,ok,2621,2808,227,29.812353
brc201d.map,568,56,274,58,99,159,227.96551208,227.96551211459422,194,3.459422259766143e-08,ok,3329,3675,347,44.177479
brc201d.map,569,56,191,227,226,47,225.06601715,225.0660171779822,194,2.798219611577224e-08,ok,3008,3175,176,48.942217
brc201d.map,570,57,202,217,309,307,231.12489166,231.1248916810278,210,2.1027801722084405e-08,ok,2785,3111,327,34.118775
brc201d.map,571,57,251,89,74,90,228.22539673,228.22539674441649,210,1.4416485782930977e-08,ok,3866,4181,316,47.270955
brc201d.map,572,57,70,176,80,80,229.4213562,229.42135623730974,188,3.730974640347995e-08,ok,3427,3601,175,46.248276
brc201d.map,573,57,292,49,78,67,229.25483398,229.25483399593918,216,1.593917886566487e-08,ok,2908,3163,321,39.213182
brc201d.map,574,57,205,202,291,303,231.61017303,231.61017305526644,208,2.5266444936278276e-08,ok,3578,3810,280,52.696661
brc201d.map,575,57,270,42,174,227,228.86500702,228.8650070512061,192,3.12060990381724e-08,ok,2095,2437,343,42.017955
brc201d.map,576,57,179,226,328,304,228.74011536,228.74011537017753,213,1.0177529929933371e-08,ok,2662,3030,369,49.429573
brc201d.map,577,57,89,57,57,187,228.35028839,228.35028842544446,189,3.5444458035271964e-08,ok,2966,3216,251,61.69214
brc201d.map,578,57,65,176,81,74,229.17871551,229.17871555019042,189,4.019042876279855e-08,ok,3308,3483,176,46.785426
brc201d.map,579,57,191,66,26,196,228.80613251,228.80613254816006,182,3.8160067106218776e-08,ok,3119,3410,292,39.70933
brc201d.map,580,58,259,36,95,168,233.90663757,233.9066376115485,190,4.154850330451154e-08,ok,3121,3440,320,59.533897
brc201d.map,581,58,207,309,260,135,234.32085113,234.32085117392174,190,4.3921744463659707e-08,ok,3333,3601,278,44.495636
brc201d.map,582,58,281,370,158,257,232.65180359,232.65180361560945,202,2.5609466547393822e-08,ok,1795,1983,189,26.763166
brc201d.map,583,58,36,186,102,61,235.93607483,235.93607486307127,197,3.307127371954266e-08,ok,3141,3264,132,43.670104
brc201d.map,584,58,27,183,136,32,235.86500702,235.8650070512058,199,3.120578639936866e-08,ok,2954,3084,241,43.995159
brc201d.map,585,58,313,298,185,209,235.7106781,235.71067811865512,215,1.8655128997124848e-08,ok,4535,4793,259,80.247303
brc201d.map,586,58,249,308,242,169,235.27922058,235.27922061357913,198,3.357914124535455e-08,ok,3259,3612,354,40.106672
brc201d.map,587,58,166,241,268,53,234.35028839,234.35028842544403,195,3.544403170963051e-08,ok,1972,2309,382,24.65506
brc201d.map,588,58,173,230,226,53,234.79393921,234.79393923933998,200,2.933998644039093e-08,ok,3297,3451,167,40.27541
brc201d.map,589,58,201,199,298,309,233.95331879,233.953318805774,212,1.5773991890455363e-08,ok,2827,3139,313,31.587062
brc201d.map,590,59,296,53,74,75,237.74011536,237.74011537017788,222,1.0177870990446536e-08,ok,3396,3672,348,46.540801
brc201d.map,591,59,281,308,214,185,236.16652222,236.16652224137084,208,2.137085175490938e-08,ok,4178,4505,328,64.954937
brc201d.map,592,59,273,53,175,245,236.69343414,236.69343417595223,199,3.595224029595556e-08,ok,2894,3169,331,38.393644
brc201d.map,593,59,171,46,215,198,239.19595947,239.1959594928937,216,2.289371536789986e-08,ok,5378,5764,387,69.395107
brc201d.map,594,59,17,208,188,79,236.14927826,236.14927829866772,191,3.866773568006465e-08,ok,2689,2914,327,33.287363
brc201d.map,595,59,155,265,257,75,236.35028839,236.35028842544412,197,3.54441169747588e-08,ok,2545,2850,314,33.115088
brc201d.map,596,59,16,235,150,75,236.59292908,236.5929291125638,196,3.2563804097662796e-08,ok,2674,2860,187,33.472646
brc201d.map,597,59,236,171,144,46,236.29646454,236.29646455628188,216,1.6281887837976683e-08,ok,3840,3999,294,44.093414
brc201d.map,598,59,18,242,163,91,239.76450195,239.76450198781765,200,3.781764235100127e-08,ok,2830,2974,268,34.494252
brc201d.map,599,59,258,48,90,176,236.83556976,236.83556979968307,195,3.9683072827756405e-08,ok,3302,3610,309,43.038265
brc201d.map,600,60,158,37,218,183,242.0243866,242.02438661763983,218,1.7639820271142526e-08,ok,6197,6443,269,77.693351
brc201d.map,601,60,70,89,69,176,242.97770538,242.97770542341414,197,4.341413273323269e-08,ok,2826,3039,214,35.588359
brc201d.map,602,60,172,227,287,357,241.36753235,241.36753236814735,219,1.814734673644125e-08,ok,3994,4128,220,49.132141
brc201d.map,603,60,169,44,31,202,241.26197662,241.26197667087595,187,5.087593990538153e-08,ok,3710,4066,390,46.622197
brc201d.map,604,60,341,337,165,234,243.26702728,243.26702730475913,218,2.4759117422945565e-08,ok,4057,4328,272,66.731391
brc201d.map,605,60,16,184,117,48,243.83556976,243.83556979968307,202,3.9683072827756405e-08,ok,3042,3179,204,37.486052
brc201d.map,606,60,170,235,268,36,243.69343414,243.69343417595164,206,3.5951643440057524e-08,ok,2118,2469,389,29.609369
brc201d.map,607,60,139,50,234,173,243.29646454,243.29646455628182,223,1.6281830994557822e-08,ok,6107,6367,261,78.570859
brc201d.map,608,60,222,309,252,140,241.00714264,241.00714267493694,200,3.493693156997324e-08,ok,3418,3670,253,44.976832
brc201d.map,609,60,115,120,23,299,241.99494934,241.99494936611666,213,2.611665195217938e-08,ok,2364,2561,198,29.153824
brc201d.map,610,61,208,206,173,47,247.68124084,247.68124086713203,222,2.7132045943289995e-08,ok,4016,4227,216,48.773568
brc201d.map,611,61,203,224,193,49,246.92388153,246.92388155425124,220,2.4251249897133675e-08,ok,3803,3988,186,46.905845
brc201d.map,612,61,254,47,165,252,245.96551208,245.96551211459447,212,3.45944783930463e-08,ok,2728,3093,366,39.40557
brc201d.map,613,61,117,56,16,193,244.24978332,244.24978336205606,202,4.2056058191519696e-08,ok,3846,4127,286,52.502312
brc201d.map,614,61,236,306,255,152,245.49242401,245.49242404917567,202,3.91756600492954e-08,ok,3227,3613,387,40.422018
brc201d.map,615,61,300,305,211,197,246.68124084,246.6812408671323,221,2.713230173867487e-08,ok,5572,5792,221,81.363173
brc201d.map,616,61,76,172,259,41,247.22034607,247.22034611053317,200,4.053316615681979e-08,ok,2876,3146,295,41.698232
brc201d.map,617,61,121,115,250,151,245.50966797,245.50966799187808,219,2.187806558140437e-08,ok,4562,4824,263,61.541805
brc201d.map,618,61,138,52,236,176,245.63961029,245.63961030678945,227,1.6789442724984838e-08,ok,6154,6420,267,78.283666
brc201d.map,619,61,177,291,251,87,244.55129852,244.5512985522209,211,3.22209245950944e-08,ok,2543,2804,262,32.57156
brc201d.map,620,62,226,48,40,183,251.87720032,251.87720036002563,203,4.0025639691521064e-08,ok,3563,3824,319,47.732007
brc201d.map,621,62,188,60,198,224,250.26702728,250.26702730475938,225,2.4759373218330438e-08,ok,5234,5659,426,68.226085
brc201d.map,622,62,89,172,276,50,250.4213562,250.42135623730968,209,3.730968956006109e-08,ok,2686,3021,336,33.649722
brc201d.map,623,62,329,287,175,213,248.12489166,248.12489168102815,227,2.102814278259757e-08,ok,4112,4369,258,50.626724
brc201d.map,624,62,180,34,23,194,250.22034607,250.22034611053328,203,4.053327984365751e-08,ok,4250,4609,360,51.609101
brc201d.map,625,62,185,69,206,221,250.68124084,250.68124086713243,225,2.713244384722202e-08,ok,5151,5513,363,60.47461
brc201d.map,626,62,99,59,21,183,251.86500702,251.8650070512058,215,3.120578639936866e-08,ok,3473,3736,265,39.17112
brc201d.map,627,62,214,197,162,37,251.33809509,251.33809511662452,224,2.662451947799127e-08,ok,4080,4287,225,47.710396
brc201d.map,628,62,266,66,78,176,249.32085113,249.32085117392177,205,4.392177288536914e-08,ok,3271,3670,403,41.209632
brc201d.map,629,62,164,82,220,199,249.26702728,249.26702730475915,224,2.4759145844654995e-08,ok,5486,5839,354,61.196104
brc201d.map,630,63,336,304,201,226,253.46803741,253.46803743153592,234,2.1535925043281168e-08,ok,5512,5631,160,66.666304
brc201d.map,631,63,153,79,209,182,254.78174591,254.78174593052051,232,2.0520502630461124e-08,ok,7382,7667,286,83.739106
brc201d.map,632,63,257,116,84,87,254.22539673,254.22539674441646,236,1.4416457361221546e-08,ok,6029,6290,315,84.816179
brc201d.map,633,63,15,229,146,52,255.66399689,255.66399692442928,213,3.4429291417836794e-08,ok,3020,3195,182,35.972706
brc201d.map,634,63,163,258,252,46,253.79393921,253.79393923933995,219,2.93399580186815e-08,ok,2306,2643,338,30.34508
brc201d.map,635,63,193,60,19,214,254.19090881,254.19090885901042,202,4.90104241634981e-08,ok,4084,4251,325,50.439883
brc201d.map,636,63,198,227,337,323,254.78174591,254.7817459305203,232,2.052027525678568e-08,ok,3568,3913,405,42.897379
brc201d.map,637,63,172,48,195,205,255.58073578,255.58073580374412,227,2.3744121335766977e-08,ok,6497,6859,363,78.366847
brc201d.map,638,63,225,54,35,186,254.63455963,254.63455967290636,207,4.290635047254909e-08,ok,3618,3898,302,45.256541
brc201d.map,639,63,344,298,168,218,254.81118317,254.8111831820434,237,1.2043415154039394e-08,ok,4523,4759,237,57.082944
brc201d.map,640,64,260,118,78,87,256.29646454,256.29646455628193,236,1.6281944681395544e-08,ok,4703,5026,324,59.378879
brc201d.map,641,64,161,27,18,196,256.49242401,256.4924240491755,213,3.917551794074825e-08,ok,5068,5435,370,61.6597
brc201d.map,642,64,144,94,21,275,256.35028839,256.3502884254442,217,3.544420223988709e-08,ok,2683,2850,205,31.910275
brc201d.map,643,64,214,49,26,192,257.19090881,257.1909088590104,205,4.901039574178867e-08,ok,3709,4010,302,46.38044
brc201d.map,644,64,18,208,110,57,257.39191894,257.3919189857871,211,4.578708967528655e-08,ok,3371,3484,142,59.255323
brc201d.map,645,64,349,286,174,225,256.12489166,256.1248916810281,235,2.102808593917871e-08,ok,4205,4433,229,57.816009
brc201d.map,646,64,172,230,199,59,259.7228714,259.72287142747444,227,2.7474470698507503e-08,ok,3972,4133,162,54.684032
brc201d.map,647,64,187,222,346,298,256.53910522,256.53910524340097,235,2.340095761610428e-08,ok,3894,4217,358,57.720928
brc201d.map,648,64,182,215,344,305,256.56854248,256.56854249492375,240,1.4923728031135397e-08,ok,3132,3524,393,35.699621
brc201d.map,649,64,165,87,16,256,258.24978332,258.2497833620559,216,4.2055887661263114e-08,ok,3004,3212,267,41.802797
brc201d.map,650,65,247,49,154,263,261.59292908,261.59292911256415,221,3.256417357988539e-08,ok,2925,3326,403,39.452531
brc201d.map,651,65,329,316,210,210,263.50966797,263.5096679918787,237,2.187869085901184e-08,ok,5485,5650,166,72.215286
brc201d.map,652,65,251,52,54,185,262.04877319,262.04877323527967,214,4.527964847511612e-08,ok,3540,3844,343,48.478327
brc201d.map,653,65,292,53,94,170,261.1076477,261.1076477383254,223,3.8325424611684866e-08,ok,4208,4515,308,54.10896
brc201d.map,654,65,264,78,179,295,262.69343414,262.69343417595206,225,3.595204134398955e-08,ok,3314,3479,316,44.63512
brc201d.map,655,65,14,192,209,55,261.70562744,261.705627484772,212,4.477197990127024e-08,ok,2995,3246,311,40.096484
brc201d.map,656,65,49,187,69,79,263.80613251,263.8061325481602,217,3.81601807930565e-08,ok,3945,4148,204,58.18198
brc201d.map,657,65,157,94,17,272,262.93607483,262.9360748630711,224,3.307110318928608e-08,ok,2626,2858,233,33.766164
brc201d.map,658,65,257,147,85,54,263.42640686,263.4264068711931,251,1.1193094451300567e-08,ok,3794,4069,295,43.778981
brc201d.map,659,65,256,48,60,181,261.04877319,261.04877323527967,213,4.527964847511612e-08,ok,3595,3892,351,45.462904
brc201d.map,660,66,138,42,227,191,264.36753235,264.36753236814735,242,1.814737515815068e-08,ok,6746,7000,255,78.968066
brc201d.map,661,66,154,279,272,64,267.97770538,267.97770542341385,222,4.341387693784782e-08,ok,3421,3750,333,43.034523
brc201d.map,662,66,228,59,28,192,265.04877319,265.04877323527955,217,4.52795347882784e-08,ok,3673,3989,317,50.568292
brc201d.map,663,66,217,311,258,114,265.32085113,265.32085117392177,221,4.392177288536914e-08,ok,3584,3854,292,43.120651
brc201d.map,664,66,147,39,12,224,264.49242401,264.4924240491755,221,3.917551794074825e-08,ok,4768,5004,392,56.025387
brc201d.map,665,66,274,118,215,315,267.60512237,267.6051224213835,215,5.1383494792389683e-08,ok,3627,3791,214,44.650405
brc201d.map,666,66,217,203,295,282,266.23759003,266.2375900532361,236,2.3236111701407935e-08,ok,5338,5416,199,61.601337
brc201d.map,667,66,212,190,309,292,266.7228714,266.7228714274748,234,2.7474811759020668e-08,ok,4241,4490,262,45.852472
brc201d.map,668,66,186,43,178,212,264.13708496,264.13708498984823,231,2.9848251870134845e-08,ok,7417,7712,302,94.452922
brc201d.map,669,66,270,53,66,183,267.80613251,267.80613254816046,221,3.81604650101508e-08,ok,3808,4200,393,46.541429
brc201d.map,670,67,259,66,54,181,268.39191894,268.39191898578736,222,4.5787373892380856e-08,ok,3992,4316,363,50.679937
brc201d.map,671,67,178,212,341,269,269.82337646,269.8233764908632,240,3.086319111389457e-08,ok,4477,4807,331,52.453397
brc201d.map,672,67,19,241,137,51,270.7350647,270.73506473629493,226,3.629492084655794e-08,ok,3437,3538,169,41.462616
brc201d.map,673,67,157,75,197,202,269.4091629,269.4091629284903,240,2.8490262593550142e-08,ok,7481,7880,400,83.92173
brc201d.map,674,67,320,303,222,204,270.92388153,270.92388155425175,244,2.4251733066193992e-08,ok,5991,6147,165,67.530437
brc201d.map,675,67,29,201,87,71,268.29141388,268.29141392239876,219,4.239876716383151e-08,ok,3752,3905,154,42.378276
brc201d.map,676,67,56,178,259,72,268.80613251,268.8061325481602,222,3.81601807930565e-08,ok,3504,3664,200,42.404513
brc201d.map,677,67,302,321,224,184,270.37972565,270.3797256769675,236,2.6967484245687956e-08,ok,5980,6213,234,72.468321
brc201d.map,678,67,197,207,336,320,269.19595947,269.19595949289334,246,2.2893345885677263e-08,ok,3719,4060,405,41.739859
brc201d.map,679,67,134,58,17,243,268.39191894,268.3919189857871,222,4.578708967528655e-08,ok,4548,4785,345,99.921059
brc201d.map,680,68,229,199,312,302,272.4091629,272.40916292848993,243,2.8489921533036977e-08,ok,3736,4060,325,65.629335
brc201d.map,681,68,148,274,254,47,275.00714264,275.0071426749365,234,3.4936533666041214e-08,ok,2443,2868,426,31.564131
brc201d.map,682,68,63,177,262,30,272.77669525,272.7766952966374,221,4.663741037802538e-08,ok,3595,3824,280,44.739056
brc201d.map,683,68,180,32,194,224,275.96551208,275.9655121145944,242,3.459439312791801e-08,ok,7219,7535,379,87.411967
brc201d.map,684,68,221,59,17,205,274.4335495,274.4335495461299,221,4.6129855491017224e-08,ok,3736,4068,338,52.535114
brc201d.map,685,68,258,105,89,176,272.83556976,272.83556979968336,231,3.968335704485071e-08,ok,6092,6455,367,106.661881
brc201d.map,686,68,166,19,208,211,274.20815277,274.20815280171354,239,3.17135118166334e-08,ok,6509,6824,316,77.839228
brc201d.map,687,68,261,152,82,65,273.49747467,273.49747468305856,259,1.3058581771474564e-08,ok,4095,4393,299,48.88172
brc201d.map,688,68,57,178,263,78,275.46298675,275.4629867976526,227,4.765257699546055e-08,ok,3649,3828,239,43.816748
brc201d.map,689,68,216,194,316,294,272.30865784,272.3086578651017,240,2.5101655865000794e-08,ok,4311,4579,309,47.259677
brc201d.map,690,69,267,61,133,273,278.04877319,278.04877323527984,230,4.52798190053727e-08,ok,3781,4011,392,44.914972
brc201d.map,691,69,221,52,13,193,276.36248169,276.3624817342643,225,4.4264311327424366e-08,ok,4018,4351,335,48.352479
brc201d.map,692,69,164,285,262,50,279.69343414,279.69343417595184,242,3.5951813970314106e-08,ok,3067,3437,390,36.988531
brc201d.map,693,69,204,215,159,35,277.30865784,277.3086578651016,245,2.5101599021581933e-08,ok,4562,4783,246,51.628842
brc201d.map,694,69,170,280,235,55,276.20815277,276.20815280171325,241,3.1713227599539096e-08,ok,4087,4248,214,64.752852
brc201d.map,695,69,168,9,201,201,278.03657989,278.03657992645975,242,3.6459766761254286e-08,ok,6438,6754,317,87.967906
brc201d.map,696,69,201,223,172,89,279.55129852,279.5512985522209,246,3.222089617338497e-08,ok,5056,5304,249,62.887718
brc201d.map,697,69,10,259,153,61,278.32085113,278.32085117392177,234,4.392177288536914e-08,ok,2939,3158,223,38.571829
brc201d.map,698,69,278,59,178,288,279.49242401,279.4924240491756,236,3.917563162758597e-08,ok,3639,3828,303,46.776795
brc201d.map,699,69,228,51,19,191,276.94826813,276.94826817189124,226,4.1891269120242214e-08,ok,3993,4315,323,52.299442
brc201d.map,700,70,79,71,21,194,281.39191894,281.3919189857873,235,4.5787317048961995e-08,ok,3717,3988,273,46.060638
brc201d.map,701,70,39,177,255,63,280.39191894,280.3919189857872,234,4.5787203362124274e-08,ok,3214,3467,254,41.10426
brc201d.map,702,70,261,52,134,268,282.32085113,282.320851173922,238,4.392200025904458e-08,ok,4273,4513,386,54.14571
brc201d.map,703,70,137,33,18,232,280.14927826,280.14927829866787,235,3.8667849366902374e-08,ok,5198,5401,359,65.356084
brc201d.map,704,70,225,51,18,205,281.33304443,281.33304448274157,225,5.274159775581211e-08,ok,4071,4352,316,52.6017
brc201d.map,705,70,120,51,222,188,281.85281372,281.85281374238605,257,2.2386075215763412e-08,ok,7308,7579,272,93.015951
brc201d.map,706,70,234,177,103,53,282.05382385,282.0538238691626,263,1.916259861900471e-08,ok,4746,4976,244,61.896291
brc201d.map,707,70,157,96,15,290,280.93607483,280.9360748630711,242,3.307110318928608e-08,ok,2614,2884,271,31.5071
brc201d.map,708,70,198,202,326,271,280.48023071,280.4802307403554,249,3.0355408853210974e-08,ok,5541,5713,256,78.139927
brc201d.map,709,70,230,180,306,325,282.52186127,282.5218613006982,244,3.069823151236051e-08,ok,3885,4171,321,51.596913
brc201d.map,710,71,160,88,198,218,284.45079346,284.45079348883297,248,2.8832971565861953e-08,ok,7008,7428,450,86.348002
brc201d.map,711,71,216,196,126,55,284.68124084,284.6812408671321,259,2.7132102786708856e-08,ok,4940,5151,226,61.849025
brc201d.map,712,71,17,251,138,47,285.14927826,285.14927829866804,240,3.8668019897158956e-08,ok,3575,3687,169,46.16517
brc201d.map,713,71,162,37,11,233,286.22034607,286.22034611053346,239,4.053345037391409e-08,ok,5790,6151,398,91.025985
brc201d.map,714,71,343,325,212,205,287.06601715,287.06601717798276,256,2.7982764549960848e-08,ok,5622,5792,182,75.096577
brc201d.map,715,71,56,182,261,24,287.4335495,287.4335495461298,234,4.6129798647598363e-08,ok,4126,4288,270,70.196605
brc201d.map,716,71,125,55,223,200,286.78174591,286.7817459305206,264,2.0520587895589415e-08,ok,7579,7830,252,108.837499
brc201d.map,717,71,195,70,172,241,286.79393921,286.79393923934083,252,2.9340810669964412e-08,ok,7299,7754,464,92.410311
brc201d.map,718,71,141,102,204,191,285.62236633,285.6223663640866,250,3.408661086723441e-08,ok,7832,8163,332,100.322679
brc201d.map,719,71,150,24,202,210,286.69343414,286.6934341759522,249,3.595215503082727e-08,ok,7376,7782,407,111.716888
brc201d.map,720,72,34,182,254,41,289.53405456,289.5340546095183,239,4.951829168930999e-08,ok,3659,3908,300,56.148019
brc201d.map,721,72,202,207,139,38,288.89444427,288.8944443027285,257,3.272850790381199e-08,ok,4566,4804,239,56.6183
brc201d.map,722,72,36,198,259,62,291.77669525,291.77669529663746,240,4.663746722144424e-08,ok,3248,3540,293,49.60578
brc201d.map,723,72,328,303,228,188,291.55129852,291.5512985522215,258,3.222152145099244e-08,ok,5679,5915,237,80.771167
brc201d.map,724,72,175,49,178,236,291.37972565,291.3797256769676,257,2.6967597932525678e-08,ok,8223,8584,379,176.913642
brc201d.map,725,72,235,175,111,125,289.86500702,289.8650070512062,253,3.120618430330069e-08,ok,5104,5473,370,107.168849
brc201d.map,726,72,276,48,53,185,289.70562744,289.7056274847722,240,4.4772207274945686e-08,ok,4621,4966,389,71.485246
brc201d.map,727,72,208,190,342,308,289.09545441,289.095454429505,263,1.950502337422222e-08,ok,3259,3652,394,40.673189
brc201d.map,728,72,163,25,182,216,291.66399689,291.66399692442945,249,3.4429433526383946e-08,ok,7833,8216,384,108.587925
brc201d.map,729,72,327,299,221,188,289.30865784,289.30865786510213,257,2.510211061235168e-08,ok,5915,6133,219,74.631036
brc201d.map,730,73,182,222,169,93,295.76450195,295.76450198781737,256,3.7817358133906964e-08,ok,5542,5763,222,83.514713
brc201d.map,731,73,182,49,165,239,292.76450195,292.764501987818,253,3.781798341151443e-08,ok,7803,8210,408,120.69077
brc201d.map,732,73,175,84,181,231,293.69343414,293.6934341759524,256,3.5952382404502714e-08,ok,7810,8213,448,108.675439
brc201d.map,733,73,136,56,19,268,294.80613251,294.8061325481602,248,3.81601807930565e-08,ok,4954,5200,319,67.574793
brc201d.map,734,73,230,194,123,111,293.13708496,293.1370849898482,260,2.9848195026715985e-08,ok,5302,5641,340,78.364494
brc201d.map,735,73,247,159,111,151,293.13708496,293.13708498984835,260,2.984836555697257e-08,ok,6711,7009,301,91.136308
brc201d.map,736,73,155,275,265,30,294.66399689,294.663996924429,252,3.442897877903306e-08,ok,3474,3879,425,53.977845
brc201d.map,737,73,270,65,194,303,292.97770538,292.97770542341425,247,4.341427484177984e-08,ok,4047,4231,296,51.355864
brc201d.map,738,73,134,27,201,199,293.79393921,293.7939392393405,259,2.9340469609451247e-08,ok,7796,8067,272,98.803129
brc201d.map,739,73,348,350,211,219,295.03657989,295.03657992645975,259,3.6459766761254286e-08,ok,5697,5824,188,72.461404
brc201d.map,740,74,236,177,315,325,297.00714264,297.0071426749368,256,3.493681788313552e-08,ok,4171,4479,337,50.216997
brc201d.map,741,74,12,226,88,61,299.87720032,299.8772003600258,251,4.002583864348708e-08,ok,3846,3984,139,45.74759
brc201d.map,742,74,256,19,170,276,298.37972565,298.3797256769677,264,2.69677116193634e-08,ok,3365,3702,338,45.404914
brc201d.map,743,74,182,67,14,271,299.36248169,299.36248173426424,248,4.4264254484005505e-08,ok,4019,4232,277,50.273105
brc201d.map,744,74,313,328,232,173,298.59292908,298.59292911256415,258,3.256417357988539e-08,ok,6471,6746,276,84.378609
brc201d.map,745,74,136,26,202,207,296.86500702,296.865007051206,260,3.1206013773044106e-08,ok,7516,7861,346,97.677604
brc201d.map,746,74,254,57,18,182,297.7350647,297.73506473629493,253,3.629492084655794e-08,ok,4072,4424,353,56.008152
brc201d.map,747,74,17,217,79,66,299.87720032,299.87720036002577,251,4.0025781800068216e-08,ok,4058,4224,167,47.757977
brc201d.map,748,74,260,34,178,287,296.62236633,296.622366364087,261,3.408700877116644e-08,ok,4444,4650,312,56.610718
brc201d.map,749,74,352,280,207,207,297.37972565,297.37972567696744,263,2.6967427402269095e-08,ok,5614,5769,156,67.607057
brc201d.map,750,75,224,55,132,268,301.7350647,301.73506473629527,257,3.629526190707111e-08,ok,7681,7950,470,94.213517
brc201d.map,751,75,229,190,116,120,300.27922058,300.27922061357924,263,3.357922651048284e-08,ok,5667,6029,363,65.959882
brc201d.map,752,75,188,307,239,58,303.76450195,303.7645019878176,264,3.781758550758241e-08,ok,4756,4944,261,59.469106
brc201d.map,753,75,145,27,8,246,300.97770538,300.9777054234142,255,4.341421799836098e-08,ok,5745,6000,303,70.308351
brc201d.map,754,75,102,59,221,193,301.95331879,301.9533188057744,280,1.577438979438739e-08,ok,7451,7727,277,85.265916
brc201d.map,755,75,39,178,269,38,300.4335495,300.43354954612994,247,4.6129912334436085e-08,ok,3513,3828,333,44.497583
brc201d.map,756,75,183,296,268,44,300.4213562,300.42135623730996,259,3.730997377715539e-08,ok,3333,3734,408,43.27959
brc201d.map,757,75,256,161,298,316,303.49242401,303.4924240491752,260,3.9175233723653946e-08,ok,4203,4498,296,49.707081
brc201d.map,758,75,260,128,82,179,302.56349182,302.5634918610415,257,4.1041460008273134e-08,ok,6861,7250,390,83.802823
brc201d.map,759,75,346,314,226,197,303.4091629,303.4091629284905,274,2.8490489967225585e-08,ok,5983,6158,176,72.773888
brc201d.map,760,76,254,107,252,312,306.07821045,306.0782104868023,263,3.6802305203309515e-08,ok,4377,4626,260,51.603164
brc201d.map,761,76,94,50,21,237,304.87720032,304.8772003600258,256,4.002583864348708e-08,ok,4748,4942,314,58.672663
brc201d.map,762,76,204,58,13,253,307.50461731,307.50461735799536,252,4.799534281119122e-08,ok,4681,4878,286,56.643561
brc201d.map,763,76,224,184,336,294,305.62236633,305.6223663640865,270,3.408649718039669e-08,ok,4963,5268,320,57.031227
brc201d.map,764,76,278,49,182,304,307.14927826,307.1492782986681,262,3.866807674057782e-08,ok,4235,4422,284,55.688539
brc201d.map,765,76,226,193,340,288,305.69343414,305.693434175952,268,3.595198450057069e-08,ok,5172,5480,333,61.730584
brc201d.map,766,76,24,275,182,65,306.4335495,306.4335495461302,253,4.613019655153039e-08,ok,3264,3568,305,43.049492
brc201d.map,767,76,143,68,24,294,307.97770538,307.9777054234139,262,4.341393378126668e-08,ok,3987,4270,288,47.907147
brc201d.map,768,76,346,284,214,195,304.62236633,304.6223663640868,269,3.4086838240909856e-08,ok,5844,6039,196,69.192542
brc201d.map,769,76,182,303,255,40,305.62236633,305.62236636408653,270,3.408655402381555e-08,ok,2544,2958,415,31.087765
brc201d.map,770,77,20,183,267,51,311.63455963,311.63455967290656,264,4.2906549424515106e-08,ok,3463,3800,338,44.057361
brc201d.map,771,77,164,251,182,42,308.07821045,308.07821048680205,265,3.680207782963407e-08,ok,5495,5662,205,66.551108
brc201d.map,772,77,226,202,284,365,309.93607483,309.9360748630714,271,3.307138740638038e-08,ok,5370,5469,198,63.399638
brc201d.map,773,77,316,307,249,167,309.93607483,309.9360748630719,271,3.307189899715013e-08,ok,6241,6513,273,74.049342
brc201d.map,774,77,237,176,327,297,308.76450195,308.7645019878175,269,3.7817471820744686e-08,ok,4850,5132,326,56.640982
brc201d.map,775,77,256,84,28,186,310.87720032,310.877200360026,262,4.002600917374366e-08,ok,5479,5945,476,69.902986
brc201d.map,776,77,177,89,17,298,311.00714264,311.0071426749367,270,3.4936704196297796e-08,ok,3298,3595,298,51.523954
brc201d.map,777,77,15,222,78,77,311.26197662,311.26197667087615,257,5.087616727905697e-08,ok,4379,4566,188,73.294466
brc201d.map,778,77,105,49,207,190,310.58073578,310.580735803744,282,2.3744007648929255e-08,ok,8027,8264,238,100.89008
brc201d.map,779,77,89,56,218,187,311.43860016,311.438600180013,287,2.00129761651624e-08,ok,7200,7479,280,88.40955
brc201d.map,780,78,254,69,220,307,312.24978332,312.2497833620564,270,4.205639925203286e-08,ok,5572,5781,254,70.409621
brc201d.map,781,78,192,77,15,280,313.80613251,313.80613254816024,267,3.816023763647536e-08,ok,3839,4085,266,53.483775
brc201d.map,782,78,177,37,179,255,315.4213562,315.4213562373103,274,3.731031483766856e-08,ok,9138,9383,302,115.847833
brc201d.map,783,78,259,27,25,180,314.60512237,314.6051224213839,262,5.138389269632171e-08,ok,4584,4915,345,65.087225
brc201d.map,784,78,258,118,268,314,313.56349182,313.5634918610408,268,4.1040777887246804e-08,ok,4462,4738,277,53.612066
brc201d.map,785,78,169,273,189,61,314.79393921,314.7939392393401,280,2.9340071705519222e-08,ok,5368,5514,147,63.758901
brc201d.map,786,78,174,42,8,259,314.16147156,314.1614716074877,257,4.7487731080764206e-08,ok,6014,6230,325,75.022665
brc201d.map,787,78,183,80,18,292,315.14927826,315.14927829866775,270,3.866773568006465e-08,ok,3837,4089,264,46.155363
brc201d.map,788,78,230,177,338,320,315.45079346,315.4507934888327,279,2.883268734876765e-08,ok,4450,4810,393,51.622676
brc201d.map,789,78,236,165,320,291,314.83556976,314.83556979968296,273,3.968295914091868e-08,ok,5028,5296,285,59.945251
brc201d.map,790,79,199,55,176,283,316.03657989,316.0365799264601,280,3.646010782176745e-08,ok,7900,8214,392,152.786318
brc201d.map,791,79,342,289,218,175,316.1076477,316.1076477383255,278,3.832553829852259e-08,ok,5612,5850,239,99.470133
brc201d.map,792,79,172,249,169,35,318.66399689,318.66399692442894,276,3.44289219356142e-08,ok,5657,5859,203,67.454694
brc201d.map,793,79,171,99,25,307,316.49242401,316.4924240491753,273,3.917534741049167e-08,ok,3709,3971,268,43.54047
brc201d.map,794,79,13,271,157,38,317.97770538,317.97770542341425,272,4.341427484177984e-08,ok,4057,4233,222,47.833077
brc201d.map,795,79,300,288,255,157,317.80613251,317.80613254816075,271,3.8160749227245105e-08,ok,5953,6288,336,66.860522
brc201d.map,796,79,91,50,213,188,317.33809509,317.3380951166247,290,2.6624661586538423e-08,ok,7619,7851,233,133.395698
brc201d.map,797,79,342,349,215,186,318.59292908,318.59292911256404,278,3.256405989304767e-08,ok,5723,5942,220,71.871628
brc201d.map,798,79,10,236,84,67,317.19090881,317.19090885901073,265,4.9010736802301835e-08,ok,4277,4432,161,50.637108
brc201d.map,799,79,184,301,300,49,318.77669525,318.7766952966376,267,4.663763775170082e-08,ok,4237,4471,338,78.919066
brc201d.map,800,80,231,174,338,325,320.93607483,320.9360748630713,282,3.307133056296152e-08,ok,4664,5012,387,60.764929
brc201d.map,801,80,148,20,185,231,321.32085113,321.3208511739218,277,4.3921829728788e-08,ok,8962,9261,346,110.39431
brc201d.map,802,80,294,304,261,136,323.97770538,323.9777054234144,278,4.3414445372036425e-08,ok,7409,7634,297,86.0371
brc201d.map,803,80,160,89,171,242,323.56349182,323.56349186104126,278,4.104123263459769e-08,ok,9630,10032,429,110.969743
brc201d.map,804,80,257,99,32,188,323.119841,323.1198410471454,273,4.714542001238442e-08,ok,6942,7323,382,84.654226
brc201d.map,805,80,234,169,100,159,322.24978332,322.2497833620566,280,4.2056569782289444e-08,ok,7464,7803,340,89.138498
brc201d.map,806,80,173,45,11,270,320.16147156,320.1614716074877,263,4.7487731080764206e-08,ok,5451,5741,300,67.910831
brc201d.map,807,80,172,284,195,53,320.20815277,320.2081528017133,285,3.1713284442957956e-08,ok,5559,5721,178,73.232692
brc201d.map,808,80,328,313,238,162,320.86500702,320.86500705120636,284,3.120635483355727e-08,ok,6786,7018,258,82.525452
brc201d.map,809,80,34,193,254,99,321.94826813,321.9482681718913,271,4.1891325963661075e-08,ok,5304,5468,218,85.504063
brc201d.map,810,81,165,258,172,41,325.07821045,325.0782104868021,282,3.680213467305293e-08,ok,5769,5956,217,73.006157
brc201d.map,811,81,209,206,116,121,324.97770538,324.97770542341425,279,4.341427484177984e-08,ok,5960,6294,335,67.528141
brc201d.map,812,81,212,184,78,60,326.36753235,326.3675323681473,304,1.814731831473182e-08,ok,5057,5363,307,58.593749
brc201d.map,813,81,17,247,228,49,327.57568512,327.5756851698613,270,4.9861284878716106e-08,ok,4268,4552,285,52.077479
brc201d.map,814,81,301,59,44,195,325.53405456,325.5340546095187,275,4.9518689593242016e-08,ok,5019,5358,418,63.937957
brc201d.map,815,81,265,313,253,99,327.07821045,327.0782104868026,284,3.680264626382268e-08,ok,6156,6519,364,75.478757
brc201d.map,816,81,170,67,23,307,326.94826813,326.9482681718911,276,4.189109858998563e-08,ok,4347,4608,295,51.609691
brc201d.map,817,81,267,55,12,207,327.91883087,327.9188309203689,272,5.036889660914312e-08,ok,4977,5381,405,63.69444
brc201d.map,818,81,303,332,261,153,326.94826813,326.9482681718918,276,4.189183755443082e-08,ok,6161,6490,330,78.128306
brc201d.map,819,81,253,140,62,173,326.24978332,326.24978336205675,284,4.2056740312546026e-08,ok,8049,8388,411,95.380227
brc201d.map,820,82,211,207,113,121,328.14927826,328.14927829866804,283,3.8668019897158956e-08,ok,6125,6456,332,71.365626
brc201d.map,821,82,14,209,252,80,329.33304443,329.33304448274157,273,5.274159775581211e-08,ok,5312,5473,274,70.129567
brc201d.map,822,82,183,230,134,51,330.1076477,330.10764773832494,292,3.832496986433398e-08,ok,6380,6569,209,77.552909
brc201d.map,823,82,194,80,24,292,328.63455963,328.63455967290645,281,4.2906435737677384e-08,ok,4374,4600,286,52.114215
brc201d.map,824,82,181,84,17,310,329.07821045,329.0782104868022,286,3.6802248359890655e-08,ok,3554,3872,319,42.699339
brc201d.map,825,82,165,274,183,41,330.07821045,330.07821048680216,287,3.6802191516471794e-08,ok,5778,5947,198,74.495127
brc201d.map,826,82,210,52,12,266,329.40411224,329.40411229460705,271,5.4607028232567245e-08,ok,4973,5189,245,60.522664
brc201d.map,827,82,233,182,349,285,328.07821045,328.07821048680233,285,3.6802362046728376e-08,ok,5610,5923,327,71.280761
brc201d.map,828,82,285,304,254,118,328.90663757,328.90663761154883,285,4.1548844365024706e-08,ok,6910,7188,279,79.181141
brc201d.map,829,82,179,231,143,99,330.39191894,330.391918985787,284,4.578703283186769e-08,ok,5921,6209,289,65.717603
brc201d.map,830,83,265,53,20,220,334.67619018,334.67619023324954,280,5.324955054675229e-08,ok,5994,6194,365,72.252608
brc201d.map,831,83,186,71,26,299,332.19090881,332.1909088590105,280,4.901050942862639e-08,ok,4648,4888,273,54.286807
brc201d.map,832,83,11,251,79,57,334.29141388,334.29141392239904,285,4.239905138092581e-08,ok,4228,4399,179,51.868459
brc201d.map,833,83,16,208,260,29,333.96046142,333.9604614807113,271,6.071127245377284e-08,ok,4882,5080,315,65.943504
brc201d.map,834,83,163,267,175,39,332.7350647,332.73506473629453,288,3.629452294262592e-08,ok,5801,5988,207,70.747297
brc201d.map,835,83,203,313,295,54,332.16147156,332.16147160748795,275,4.748795845443965e-08,ok,5030,5254,350,64.765707
brc201d.map,836,83,169,290,188,67,335.27922058,335.27922061357884,298,3.3578828606550815e-08,ok,5791,5930,186,68.959631
brc201d.map,837,83,254,165,327,294,332.14927826,332.1492782986677,287,3.866767883664579e-08,ok,5184,5469,325,78.496346
brc201d.map,838,83,246,164,82,173,333.14927826,333.14927829866843,288,3.866841780109098e-08,ok,7480,7860,384,90.515028
brc201d.map,839,83,212,205,90,53,332.16652222,332.16652224137067,304,2.13706812246528e-08,ok,5756,6014,269,66.889033
brc201d.map,840,84,138,34,170,235,336.90663757,336.9066376115489,293,4.154890120844357e-08,ok,9081,9460,380,112.649783
brc201d.map,841,84,72,178,265,153,337.46298675,337.4629867976525,289,4.765246330862283e-08,ok,6441,6675,279,98.526233
brc201d.map,842,84,237,50,13,246,336.8183258,336.8183258569803,278,5.698029781342484e-08,ok,5190,5400,357,67.10654
brc201d.map,843,84,13,267,91,59,336.63455963,336.6345596729067,289,4.290666311135283e-08,ok,4234,4373,199,54.168907
brc201d.map,844,84,181,51,177,286,339.1076477,339.1076477383256,301,3.832565198536031e-08,ok,9636,9903,361,125.027377
brc201d.map,845,84,181,38,159,276,338.39191894,338.3919189857876,292,4.57876012660563e-08,ok,9552,9931,380,127.580178
brc201d.map,846,84,18,292,194,51,338.16147156,338.16147160748835,281,4.7488356358371675e-08,ok,3386,3762,377,49.544797
brc201d.map,847,84,15,236,250,53,337.74725799,337.74725804511496,281,5.5114981023507426e-08,ok,4123,4427,321,52.787161
brc201d.map,848,84,181,59,167,287,336.79393921,336.7939392393409,302,2.9340867513383273e-08,ok,9007,9434,440,119.760057
brc201d.map,849,84,321,295,257,150,337.87720032,337.87720036002634,289,4.0026350234256824e-08,ok,6330,6677,348,76.64396
brc201d.map,850,85,156,7,19,269,343.97770538,343.97770542341425,298,4.341427484177984e-08,ok,7166,7372,270,104.728235
brc201d.map,851,85,134,266,186,53,340.56349182,340.56349186104075,295,4.1040721043827944e-08,ok,5343,5525,199,67.393267
brc201d.map,852,85,177,237,131,51,342.59292908,342.5929291125635,302,3.256354830227792e-08,ok,6510,6712,223,81.14758
brc201d.map,853,85,128,274,188,61,342.56349182,342.56349186104075,297,4.1040721043827944e-08,ok,5288,5427,207,64.321366
brc201d.map,854,85,154,252,158,91,343.4335495,343.43354954612965,290,4.612962811734178e-08,ok,5851,6103,253,66.355583
brc201d.map,855,85,163,283,177,68,342.17871551,342.1787155501905,302,4.019045718450798e-08,ok,5824,5989,170,69.130874
brc201d.map,856,85,179,296,189,51,341.93607483,341.9360748630713,303,3.307133056296152e-08,ok,5946,6124,193,79.983918
brc201d.map,857,85,259,158,68,180,343.63455963,343.6345596729071,296,4.290706101528485e-08,ok,8065,8410,366,102.020568
brc201d.map,858,85,135,265,189,46,340.46298675,340.4629867976525,292,4.765246330862283e-08,ok,5586,5765,210,71.262468
brc201d.map,859,85,228,310,246,50,340.7350647,340.73506473629493,296,3.629492084655794e-08,ok,4541,4808,268,57.827728
brc201d.map,860,86,169,249,156,9,346.60512237,346.6051224213835,294,5.1383494792389683e-08,ok,5798,6006,209,75.001721
brc201d.map,861,86,206,201,112,147,347.70562744,347.70562748477215,298,4.4772150431526825e-08,ok,7694,8016,323,115.497465
brc201d.map,862,86,150,22,162,246,344.19090881,344.19090885901085,292,4.901085048913956e-08,ok,9377,9771,395,189.37065
brc201d.map,863,86,145,274,174,77,347.36248169,347.3624817342641,296,4.4264140797167784e-08,ok,5760,5946,187,101.359597
brc201d.map,864,86,101,156,225,193,345.39191894,345.3919189857869,299,4.578691914502997e-08,ok,7451,7789,339,126.4939
brc201d.map,865,86,257,149,297,349,345.94826813,345.9482681718911,295,4.189109858998563e-08,ok,5761,5880,245,102.705384
brc201d.map,866,86,299,48,210,310,344.40411224,344.40411229460744,286,5.460742613649927e-08,ok,5529,5720,299,111.995107
brc201d.map,867,86,7,245,75,84,344.06096649,344.06096654409976,284,5.4099757562653394e-08,ok,4676,4857,182,82.887522
brc201d.map,868,86,113,52,183,226,346.69343414,346.69343417595235,309,3.595232556108385e-08,ok,9180,9503,363,185.28039
brc201d.map,869,86,159,262,168,92,344.70562744,344.70562748477175,295,4.47717525275948e-08,ok,6148,6375,228,113.055968
brc201d.map,870,87,23,293,110,50,348.19090881,348.190908859011,296,4.901102101939614e-08,ok,4354,4468,203,69.13802
brc201d.map,871,87,173,253,145,96,351.63455963,351.6345596729063,304,4.29062652074208e-08,ok,6315,6588,274,109.887883
brc201d.map,872,87,243,161,347,290,349.14927826,349.14927829866775,304,3.866773568006465e-08,ok,5725,6050,350,101.489129
brc201d.map,873,87,13,225,272,52,349.98989868,349.9898987322341,292,5.2234099712222815e-08,ok,4100,4459,362,73.732454
brc201d.map,874,87,126,274,185,66,349.63455963,349.63455967290633,302,4.290632205083966e-08,ok,5457,5605,183,84.854316
brc201d.map,875,87,206,218,120,135,349.39191894,349.3919189857873,303,4.5787317048961995e-08,ok,7482,7793,312,88.60238
brc201d.map,876,87,169,15,12,276,349.60512237,349.6051224213838,297,5.138377900948399e-08,ok,7471,7719,333,93.045387
brc201d.map,877,87,146,41,167,255,348.90663757,348.9066376115489,305,4.154890120844357e-08,ok,10164,10469,342,125.228114
brc201d.map,878,87,258,161,68,184,349.04877319,349.0487732352802,301,4.5280160065885866e-08,ok,8154,8529,398,96.526491
brc201d.map,879,87,283,367,243,164,349.53405456,349.5340546095186,299,4.9518575906404294e-08,ok,6246,6540,295,76.887605
brc201d.map,880,88,150,23,153,250,353.26197662,353.2619766708764,299,5.0876394652732415e-08,ok,9745,10100,405,120.728057
brc201d.map,881,88,351,288,246,164,352.22034607,352.22034611053385,305,4.053384827784612e-08,ok,6076,6373,298,70.083579
brc201d.map,882,88,162,266,161,18,355.4335495,355.43354954612977,302,4.61297418041795e-08,ok,5731,5975,245,71.691181
brc201d.map,883,88,150,276,162,68,355.56349182,355.5634918610407,310,4.104066420040908e-08,ok,5780,5963,184,70.520644
brc201d.map,884,88,161,238,128,47,355.46298675,355.4629867976523,307,4.7652292778366245e-08,ok,6785,7060,276,112.453002
brc201d.map,885,88,300,310,265,112,352.80613251,352.80613254816075,306,3.8160749227245105e-08,ok,7428,7706,279,137.004298
brc201d.map,886,88,335,275,252,155,353.09040375,353.0904037956227,298,4.5622698507941095e-08,ok,6300,6627,328,73.015151
brc201d.map,887,88,153,75,167,270,354.4213562,354.42135623731036,313,3.731037168108742e-08,ok,10569,10908,340,125.147779
brc201d.map,888,88,20,292,142,19,353.7350647,353.7350647362951,309,3.6295091376814526e-08,ok,4156,4319,226,58.91519
brc201d.map,889,88,156,22,156,260,354.67619018,354.6761902332495,300,5.324949370333343e-08,ok,10109,10490,384,153.011732
brc201d.map,890,89,151,263,156,31,357.77669525,357.7766952966373,306,4.663729669118766e-08,ok,6144,6374,231,75.403165
brc201d.map,891,89,203,193,74,88,357.03657989,357.0365799264597,321,3.6459709917835426e-08,ok,7836,8161,326,102.281041
brc201d.map,892,89,342,338,253,157,356.4335495,356.4335495461304,303,4.613036708178697e-08,ok,6097,6422,326,105.354992
brc201d.map,893,89,149,98,162,259,359.01933594,359.01933598375706,306,4.3757040657510515e-08,ok,11079,11442,398,140.897466
brc201d.map,894,89,351,284,244,161,356.04877319,356.04877323528,308,4.5279989535629284e-08,ok,6620,6925,306,79.820208
brc201d.map,895,89,335,272,257,157,356.74725799,356.74725804511513,300,5.511515155376401e-08,ok,6149,6462,314,86.739092
brc201d.map,896,89,152,10,170,260,357.84776306,357.84776310850316,304,4.850318191529368e-08,ok,9929,10235,307,138.234157
brc201d.map,897,89,197,225,94,46,357.27922058,357.27922061357884,320,3.3578828606550815e-08,ok,7194,7482,291,94.198246
brc201d.map,898,89,154,258,157,11,359.40411224,359.404112294607,301,5.4606971389148384e-08,ok,5829,6047,219,76.921999
brc201d.map,899,89,253,59,17,257,358.4335495,358.4335495461301,305,4.613008286469267e-08,ok,6159,6433,317,85.102235
brc201d.map,900,90,185,207,90,74,360.20815277,360.2081528017133,325,3.1713284442957956e-08,ok,7548,7792,247,92.087962
brc201d.map,901,90,20,307,155,28,360.97770538,360.97770542341453,315,4.341455905887415e-08,ok,4181,4400,234,54.012951
brc201d.map,902,90,296,55,232,313,361.74725799,361.7472580451151,305,5.511509471034515e-08,ok,6057,6251,289,77.229303
brc201d.map,903,90,123,110,172,235,361.84776306,361.84776310850316,308,4.850318191529368e-08,ok,10587,10962,382,122.817214
brc201d.map,904,90,182,292,172,34,363.80613251,363.8061325481603,317,3.816029447989422e-08,ok,6308,6510,203,75.792033
brc201d.map,905,90,171,273,163,13,362.87720032,362.8772003600257,314,4.0025724956649356e-08,ok,6155,6340,186,73.651847
brc201d.map,906,90,248,110,301,327,362.29141388,362.2914139223988,313,4.239882400725037e-08,ok,5933,6232,331,72.210182
brc201d.map,907,90,334,305,255,135,360.90663757,360.90663761154923,317,4.154924226895673e-08,ok,7112,7344,245,87.041569
brc201d.map,908,90,258,155,344,333,361.01933594,361.0193359837566,308,4.375658591015963e-08,ok,5224,5572,374,64.336249
brc201d.map,909,90,247,51,13,261,361.40411224,361.4041122946073,303,5.460725560624269e-08,ok,6057,6339,294,78.131572
brc201d.map,910,91,325,316,268,130,365.29141388,365.2914139223995,316,4.23995061282767e-08,ok,7579,7805,284,107.517938
brc201d.map,911,91,136,275,170,25,367.98989868,367.9898987322339,310,5.223387233854737e-08,ok,5861,6044,184,84.297518
brc201d.map,912,91,16,283,76,59,366.39191894,366.3919189857875,320,4.578754442263744e-08,ok,4249,4418,189,51.60498
brc201d.map,913,91,156,250,127,53,367.46298675,367.4629867976524,319,4.7652349621785106e-08,ok,6734,6941,222,77.804087
brc201d.map,914,91,220,309,208,49,366.63455963,366.6345596729066,319,4.2906606267933967e-08,ok,6423,6595,205,83.461319
brc201d.map,915,91,149,10,161,261,365.57568512,365.5756851698611,308,4.986111434845952e-08,ok,10239,10561,348,138.454349
brc201d.map,916,91,14,230,284,53,366.16147156,366.161471607488,309,4.748801529785851e-08,ok,4139,4518,385,48.448635
brc201d.map,917,91,170,94,149,277,365.01933594,365.01933598375723,312,4.37572111877671e-08,ok,11120,11510,391,140.441594
brc201d.map,918,91,153,63,142,272,366.87720032,366.87720036002634,318,4.0026350234256824e-08,ok,11328,11679,428,138.490639
brc201d.map,919,91,196,205,72,83,366.59292908,366.59292911256375,326,3.2563775675953366e-08,ok,7278,7634,357,90.347331
brc201d.map,920,92,244,305,264,39,370.63455963,370.6345596729068,323,4.290677679819055e-08,ok,5684,6169,517,85.847358
brc201d.map,921,92,12,270,73,88,371.8183258,371.81832585698055,313,5.6980525187100284e-08,ok,4837,5033,211,75.240418
brc201d.map,922,92,154,82,157,281,371.46298675,371.46298679765306,323,4.7653031742811436e-08,ok,11333,11704,373,131.943234
brc201d.map,923,92,250,61,270,309,369.66399689,369.66399692442957,327,3.442954721322167e-08,ok,7500,7809,310,89.875911
brc201d.map,924,92,257,103,310,318,371.80613251,371.8061325481602,325,3.81601807930565e-08,ok,6258,6587,367,76.137075
brc201d.map,925,92,230,61,249,312,371.56349182,371.5634918610415,326,4.1041460008273134e-08,ok,8438,8710,283,108.473284
brc201d.map,926,92,176,224,88,56,370.93607483,370.93607486307104,332,3.3071046345867217e-08,ok,6439,6701,321,75.438097
brc201d.map,927,92,219,314,201,57,371.39191894,371.39191898578724,325,4.5787260205543134e-08,ok,6509,6692,185,81.115493
brc201d.map,928,92,261,128,326,333,371.84776306,371.8477631085028,318,4.8502840854780516e-08,ok,5601,5911,364,67.091108
brc201d.map,929,92,251,141,28,188,368.29141388,368.29141392239956,319,4.239956297169556e-08,ok,8885,9237,353,108.391376
brc201d.map,930,93,210,214,108,161,374.70562744,374.7056274847722,325,4.4772207274945686e-08,ok,8428,8704,277,106.049961
brc201d.map,931,93,59,182,237,174,373.60512237,373.6051224213836,321,5.1383608479227405e-08,ok,7340,7653,314,81.740985
brc201d.map,932,93,268,117,11,209,375.37467499,375.37467504308495,312,5.308493200573139e-08,ok,8796,9230,435,115.191464
brc201d.map,933,93,165,256,123,49,375.39191894,375.3919189857869,329,4.578691914502997e-08,ok,7023,7247,225,81.718291
brc201d.map,934,93,253,115,327,307,372.24978332,372.249783362056,330,4.2056001348100835e-08,ok,5679,6076,398,64.707505
brc201d.map,935,93,160,72,128,267,373.87720032,373.87720036002634,325,4.0026350234256824e-08,ok,12825,13060,352,151.503958
brc201d.map,936,93,254,139,345,330,374.53405456,374.53405460951797,324,4.9517950628796825e-08,ok,5502,5883,393,65.640887
brc201d.map,937,93,92,63,17,304,372.63455963,372.63455967290656,325,4.2906549424515106e-08,ok,4745,5064,320,55.431819
brc201d.map,938,93,335,323,257,127,374.87720032,374.87720036002634,326,4.0026350234256824e-08,ok,7188,7425,253,91.697376
brc201d.map,939,93,147,13,151,264,374.64675293,374.64675298172665,315,5.172665851205238e-08,ok,10648,10990,400,133.050459
brc201d.map,940,94,160,13,154,280,378.16147156,378.1614716074881,321,4.748812898469623e-08,ok,10692,11043,352,154.779877
brc201d.map,941,94,23,302,225,57,378.74725799,378.74725804511525,322,5.511526524060173e-08,ok,4610,4860,251,55.76223
brc201d.map,942,94,16,258,262,78,379.64675293,379.6467529817268,320,5.1726829042308964e-08,ok,5706,5887,279,72.384276
brc201d.map,943,94,198,316,195,75,377.56349182,377.56349186104103,332,4.104100526092225e-08,ok,7281,7442,183,109.483561
brc201d.map,944,94,222,52,23,301,376.8183258,376.8183258569802,318,5.698018412658712e-08,ok,5816,6114,299,69.055552
brc201d.map,945,94,202,213,106,160,376.84776306,376.84776310850316,323,4.850318191529368e-08,ok,8468,8742,279,96.416481
brc201d.map,946,94,22,201,261,137,378.16147156,378.1614716074878,321,4.748778792418307e-08,ok,6655,6902,254,79.275019
brc201d.map,947,94,21,227,261,108,376.16147156,376.161471607488,319,4.748801529785851e-08,ok,6402,6585,337,76.478636
brc201d.map,948,94,202,309,178,46,379.87720032,379.8772003600259,331,4.002589548690594e-08,ok,6750,6952,205,84.391759
brc201d.map,949,94,10,269,253,67,378.40411224,378.4041122946075,320,5.460748297991813e-08,ok,5583,5741,235,72.043273
brc201d.map,950,95,292,59,14,237,380.91883087,380.91883092036903,325,5.036901029598084e-08,ok,6997,7206,396,87.936461
brc201d.map,951,95,172,280,135,55,382.00714264,382.00714267493674,341,3.493676103971666e-08,ok,7084,7286,209,88.323852
brc201d.map,952,95,147,24,155,277,380.26197662,380.2619766708764,326,5.0876394652732415e-08,ok,10775,11129,356,151.506557
brc201d.map,953,95,155,78,181,297,382.32085113,382.32085117392205,338,4.392205710246344e-08,ok,11579,11796,332,136.504516
brc201d.map,954,95,205,220,68,88,381.59292908,381.59292911256375,341,3.2563775675953366e-08,ok,7597,7986,390,90.74114
brc201d.map,955,95,120,134,176,236,382.91883087,382.9188309203685,327,5.0368498705211096e-08,ok,11171,11534,401,134.630247
brc201d.map,956,95,273,66,15,258,383.16147156,383.1614716074881,326,4.748812898469623e-08,ok,8849,9252,404,133.726808
brc201d.map,957,95,16,248,284,59,380.84776306,380.84776310850333,327,4.850335244555026e-08,ok,4118,4502,385,54.866514
brc201d.map,958,95,75,88,18,281,380.33304443,380.3330444827418,324,5.274182512948755e-08,ok,4911,5172,262,59.333215
brc201d.map,959,95,98,61,170,243,382.00714264,382.00714267493726,341,3.4937272630486405e-08,ok,9711,10080,370,115.903969
brc201d.map,960,96,172,265,119,52,384.24978332,384.249783362056,342,4.2056001348100835e-08,ok,7149,7357,229,85.606708
brc201d.map,961,96,180,295,166,15,384.53405456,384.5340546095183,334,4.951829168930999e-08,ok,6594,6763,171,80.208398
brc201d.map,962,96,163,17,186,296,387.84776306,387.8477631085033,334,4.85032956021314e-08,ok,11209,11408,361,162.758315
brc201d.map,963,96,202,225,79,93,387.1076477,387.1076477383251,349,3.832514039459056e-08,ok,9170,9425,268,114.233707
brc201d.map,964,96,149,43,131,272,386.84776306,386.84776310850344,333,4.8503466132387985e-08,ok,12156,12444,424,148.672393
brc201d.map,965,96,140,37,171,289,387.24978332,387.24978336205646,345,4.205645609545172e-08,ok,10250,10610,361,126.289538
brc201d.map,966,96,262,151,25,188,384.77669525,384.77669529663814,333,4.663814934247057e-08,ok,9027,9382,356,137.51279
brc201d.map,967,96,268,126,340,323,385.4335495,385.43354954612965,332,4.612962811734178e-08,ok,5895,6301,449,108.12296
brc201d.map,968,96,23,287,247,53,387.40411224,387.4041122946076,329,5.460759666675585e-08,ok,4826,5113,304,58.729618
brc201d.map,969,96,332,332,266,119,387.33304443,387.3330444827422,331,5.274222303341958e-08,ok,7351,7621,271,104.415654
brc201d.map,970,97,261,41,22,271,390.54624786,390.5462479183383,328,5.8338287090009544e-08,ok,7486,7703,291,102.3822
brc201d.map,971,97,21,272,263,43,391.71782074,391.7178207935924,330,5.359243004932068e-08,ok,5263,5573,353,71.147875
brc201d.map,972,97,258,311,260,32,389.14927826,389.1492782986682,344,3.866819042741554e-08,ok,6528,7019,518,106.140128
brc201d.map,973,97,61,180,215,177,391.33304443,391.33304448274157,335,5.274159775581211e-08,ok,9539,9809,271,113.074696
brc201d.map,974,97,151,89,179,296,389.04877319,389.0487732352799,341,4.527987584879156e-08,ok,11747,11975,338,165.406792
brc201d.map,975,97,127,109,173,266,388.01933594,388.01933598375695,335,4.3756926970672794e-08,ok,11597,11928,332,148.691676
brc201d.map,976,97,137,278,150,96,389.47518005,389.4751801064725,329,5.647251555274124e-08,ok,6377,6647,271,82.283515
brc201d.map,977,97,131,48,157,274,389.119841,389.11984104714554,339,4.714553369922214e-08,ok,10988,11337,351,140.236779
brc201d.map,978,97,178,229,111,147,391.8183258,391.8183258569802,333,5.698018412658712e-08,ok,8433,8759,327,99.471836
brc201d.map,979,97,271,121,330,278,389.30360718,389.30360723121873,328,5.121876256453106e-08,ok,7384,7681,298,84.514924
brc201d.map,980,98,168,284,139,101,392.77669525,392.7766952966375,341,4.66375240648631e-08,ok,7013,7293,285,82.944691
brc201d.map,981,98,119,52,162,271,394.39191894,394.39191898578764,348,4.578765810947516e-08,ok,10780,11129,350,133.444148
brc201d.map,982,98,173,249,94,65,393.00714264,393.0071426749365,352,3.4936533666041214e-08,ok,7087,7352,266,84.759248
brc201d.map,983,98,251,72,301,297,394.22034607,394.2203461105336,347,4.0533620904170675e-08,ok,8763,9061,341,105.14919
brc201d.map,984,98,145,22,135,276,393.88939361,393.8893936688461,333,5.884606935069314e-08,ok,11501,11812,418,146.201594
brc201d.map,985,98,267,125,345,329,393.50461731,393.50461735799524,338,4.79952291243535e-08,ok,6177,6598,427,111.491343
brc201d.map,986,98,171,279,133,106,394.60512237,394.6051224213837,342,5.1383722166065127e-08,ok,7101,7384,284,82.186859
brc201d.map,987,98,141,97,161,284,392.01933594,392.01933598375706,339,4.3757040657510515e-08,ok,11989,12358,370,138.988155
brc201d.map,988,98,251,80,312,304,394.32085113,394.32085117392177,350,4.392177288536914e-08,ok,7808,8183,376,92.461615
brc201d.map,989,98,194,54,234,313,394.22034607,394.22034611053397,347,4.053396196468384e-08,ok,11447,11744,300,139.303223
brc201d.map,990,99,53,184,227,188,398.57568512,398.5756851698609,341,4.986088697478408e-08,ok,8324,8662,339,93.171951
brc201d.map,991,99,299,318,263,69,397.29141388,397.29141392239933,348,4.2399335598020116e-08,ok,7721,8055,361,94.678724
brc201d.map,992,99,167,250,90,60,397.83556976,397.83556979968273,356,3.968273176724324e-08,ok,6701,6982,282,77.017729
brc201d.map,993,99,99,153,175,224,399.03152923,399.0315292925767,334,6.257670293052797e-08,ok,10804,11168,365,125.664899
brc201d.map,994,99,262,118,8,233,397.96046142,397.9604614807119,335,6.07118977313803e-08,ok,10313,10534,380,127.487142
brc201d.map,995,99,132,109,149,271,397.96046142,397.9604614807115,335,6.071149982744828e-08,ok,12341,12719,379,146.820582
brc201d.map,996,99,75,78,22,304,397.91883087,397.91883092036875,342,5.036872607888654e-08,ok,5338,5615,278,67.957254
brc201d.map,997,99,278,309,233,50,399.22034607,399.22034611053374,352,4.05337345910084e-08,ok,8580,8792,255,113.772749
brc201d.map,998,99,254,128,19,229,396.09040375,396.090403795623,341,4.56229827250354e-08,ok,10247,10452,373,143.544912
brc201d.map,999,99,149,266,118,53,396.53405456,396.5340546095179,346,4.9517893785377964e-08,ok,7114,7327,222,107.940824
brc201d.map,1000,100,187,67,233,305,401.46298675,401.4629867976533,353,4.765325911648688e-08,ok,12331,12585,327,172.744769
brc201d.map,1001,100,236,187,48,190,401.33304443,401.3330444827422,345,5.274222303341958e-08,ok,9057,9421,368,143.451426
brc201d.map,1002,100,130,111,145,270,403.20310211,403.2031021678308,339,5.783084588983911e-08,ok,12625,12989,411,148.766901
brc201d.map,1003,100,176,285,122,53,402.49242401,402.4924240491754,359,3.917540425391053e-08,ok,7446,7653,208,97.69226
brc201d.map,1004,100,196,306,154,31,402.84776306,402.84776310850316,349,4.850318191529368e-08,ok,7122,7345,224,104.388796
brc201d.map,1005,100,273,115,333,275,400.37467499,400.37467504308427,337,5.308424988470506e-08,ok,7695,8028,334,91.034119
brc201d.map,1006,100,255,105,334,280,401.26197662,401.26197667087615,347,5.087616727905697e-08,ok,8520,8881,362,131.216285
brc201d.map,1007,100,279,305,270,44,403.119841,403.1198410471454,353,4.714542001238442e-08,ok,8035,8439,405,98.697357
brc201d.map,1008,100,267,56,16,283,400.09040375,400.09040379562254,345,4.562252797768451e-08,ok,9050,9503,454,120.208525
brc201d.map,1009,100,253,94,330,290,403.29141388,403.29141392239893,354,4.239893769408809e-08,ok,8660,8996,360,125.106655
brc201d.map,1010,101,252,164,19,199,404.4335495,404.4335495461306,351,4.6130594455462415e-08,ok,9393,9776,384,113.443799
brc201d.map,1011,101,169,77,216,309,404.94826813,404.9482681718918,354,4.189183755443082e-08,ok,12619,12895,331,153.936146
brc201d.map,1012,101,23,295,258,62,405.16147156,405.16147160748835,348,4.7488356358371675e-08,ok,5024,5299,276,61.631539
brc201d.map,1013,101,225,310,176,73,405.70562744,405.70562748477215,356,4.4772150431526825e-08,ok,8416,8673,258,102.502831
brc201d.map,1014,101,77,59,173,248,405.93607483,405.9360748630718,367,3.307178531031241e-08,ok,10021,10314,360,121.421315
brc201d.map,1015,101,74,168,208,216,406.8183258,406.81832585698015,348,5.698012728316826e-08,ok,9481,9877,397,106.268166
brc201d.map,1016,101,209,194,59,184,407.20310211,407.20310216783093,343,5.783095957667683e-08,ok,9027,9375,350,145.674127
brc201d.map,1017,101,203,318,171,93,407.91883087,407.9188309203687,352,5.036866923546768e-08,ok,8642,8956,315,107.18977
brc201d.map,1018,101,342,281,273,117,404.30360718,404.3036072312194,343,5.121944468555739e-08,ok,7317,7613,297,87.435863
brc201d.map,1019,101,118,141,168,246,404.06096649,404.0609665440996,344,5.409958703239681e-08,ok,11890,12276,387,140.004003
brc201d.map,1020,102,131,266,124,59,408.53405456,408.534054609518,358,4.9518007472215686e-08,ok,6648,6892,250,80.939922
brc201d.map,1021,102,188,66,241,303,408.87720032,408.8772003600264,360,4.0026407077675685e-08,ok,12604,12834,244,186.451382
brc201d.map,1022,102,260,66,309,296,410.70562744,410.70562748477226,361,4.4772264118364546e-08,ok,9336,9641,347,121.762848
brc201d.map,1023,102,333,327,255,90,410.70562744,410.70562748477255,361,4.477254833545885e-08,ok,7162,7462,301,100.46926
brc201d.map,1024,102,117,128,173,267,410.40411224,410.40411229460716,352,5.460714191940497e-08,ok,12090,12412,323,148.515229
brc201d.map,1025,102,257,95,292,356,409.01933594,409.01933598375683,356,4.375681328383507e-08,ok,7948,8081,281,97.505058
brc201d.map,1026,102,161,73,213,315,410.77669525,410.7766952966381,359,4.663809249905171e-08,ok,12519,12751,328,154.272759
brc201d.map,1027,102,159,77,203,318,408.01933594,408.01933598375734,355,4.375732487460482e-08,ok,12039,12328,371,173.001363
brc201d.map,1028,102,26,308,84,89,410.40411224,410.40411229460767,352,5.4607653510174714e-08,ok,5438,5624,242,73.210065
brc201d.map,1029,102,222,315,171,77,411.4335495,411.43354954613005,358,4.6130026021273807e-08,ok,8581,8852,272,109.015558
brc201d.map,1030,103,14,307,75,94,413.16147156,413.1614716074884,356,4.7488413201790536e-08,ok,5156,5371,292,63.78315
brc201d.map,1031,103,171,274,99,55,412.4213562,412.4213562373098,371,3.730980324689881e-08,ok,7320,7561,282,90.407365
brc201d.map,1032,103,189,207,73,177,415.68838348,415.6883835420694,349,6.206937541719526e-08,ok,8877,9240,395,106.568615
brc201d.map,1033,103,34,177,236,189,415.26197662,415.2619766708762,361,5.087622412247583e-08,ok,8099,8391,293,93.73284
brc201d.map,1034,103,204,314,157,93,413.64675293,413.64675298172665,354,5.172665851205238e-08,ok,8407,8747,341,104.600804
brc201d.map,1035,103,115,55,174,292,414.83556976,414.83556979968347,373,3.968347073168843e-08,ok,10836,11153,330,153.121052
brc201d.map,1036,103,181,254,75,61,415.59292908,415.59292911256347,375,3.256349145885906e-08,ok,6918,7221,304,81.083832
brc201d.map,1037,103,282,54,20,282,415.74725799,415.7472580451151,359,5.511509471034515e-08,ok,11059,11328,375,144.017683
brc201d.map,1038,103,343,276,261,107,412.40411224,412.40411229460756,354,5.460753982333699e-08,ok,7396,7667,279,124.817405
brc201d.map,1039,103,24,226,252,147,412.50461731,412.5046173579955,357,4.7995513341447804e-08,ok,7038,7273,293,86.727532
brc201d.map,1040,104,178,51,239,306,416.04877319,416.0487732352802,368,4.5280160065885866e-08,ok,12741,12994,271,160.236369
brc201d.map,1041,104,262,59,300,332,419.77669525,419.77669529663785,368,4.6637865125376265e-08,ok,9010,9241,313,111.802546
brc201d.map,1042,104,204,56,270,306,418.97770538,418.9777054234147,373,4.341472958913073e-08,ok,11735,12046,312,163.941772
brc201d.map,1043,104,14,195,238,170,419.57568512,419.575685169861,362,4.98610006616218e-08,ok,7871,8149,279,106.347018
brc201d.map,1044,104,194,58,259,308,416.32085113,416.3208511739223,372,4.3922284476138884e-08,ok,11902,12154,325,144.642891
brc201d.map,1045,104,264,58,310,314,418.04877319,418.0487732352799,370,4.527987584879156e-08,ok,8171,8571,401,102.499641
brc201d.map,1046,104,164,259,83,66,417.56349182,417.56349186104075,372,4.1040721043827944e-08,ok,7405,7693,289,92.722507
brc201d.map,1047,104,320,287,262,75,418.4335495,418.43354954613045,365,4.613042392520583e-08,ok,7642,7964,343,98.398202
brc201d.map,1048,104,248,57,307,329,419.77669525,419.77669529663797,368,4.663797881221399e-08,ok,8669,9020,366,113.194207
brc201d.map,1049,104,206,54,267,316,416.46298675,416.4629867976533,368,4.765325911648688e-08,ok,11364,11706,343,138.889393
brc201d.map,1050,105,312,307,268,58,420.46298675,420.4629867976533,372,4.765325911648688e-08,ok,8004,8359,373,99.107795
brc201d.map,1051,105,158,12,203,316,421.37467499,421.37467504308466,358,5.3084647788637085e-08,ok,11668,11928,318,157.95944
brc201d.map,1052,105,24,293,259,83,420.88939361,420.8893936688463,360,5.8846296724368585e-08,ok,6229,6396,190,101.515232
brc201d.map,1053,105,260,68,325,298,423.87720032,423.87720036002605,375,4.002606601716252e-08,ok,9561,9894,389,115.748437
brc201d.map,1054,105,291,310,223,47,423.87720032,423.8772003600262,375,4.00262365474191e-08,ok,9361,9532,252,136.063827
brc201d.map,1055,105,197,50,263,305,421.87720032,421.87720036002634,373,4.0026350234256824e-08,ok,12130,12386,324,168.585601
brc201d.map,1056,105,187,65,255,310,421.39191894,421.39191898578775,375,4.578777179631288e-08,ok,12225,12506,332,146.626795
brc201d.map,1057,105,14,259,253,122,421.74725799,421.7472580451151,365,5.511509471034515e-08,ok,6715,6911,279,80.771856
brc201d.map,1058,105,131,33,187,307,421.70562744,421.7056274847724,372,4.477237780520227e-08,ok,11640,11857,274,141.826999
brc201d.map,1059,105,165,71,232,312,423.70562744,423.70562748477255,374,4.477254833545885e-08,ok,13066,13279,316,160.424249
brc201d.map,1060,106,298,302,294,60,427.40411224,427.40411229460767,369,5.4607653510174714e-08,ok,9301,9431,316,112.956259
brc201d.map,1061,106,239,57,301,288,427.29141388,427.29141392239933,378,4.2399335598020116e-08,ok,11997,12257,319,185.654359
brc201d.map,1062,106,262,62,323,309,424.14927826,424.14927829866815,379,3.866813358399668e-08,ok,8220,8645,426,105.914785
brc201d.map,1063,106,120,139,172,272,425.57568512,425.575685169861,368,4.98610006616218e-08,ok,12197,12505,309,144.806839
brc201d.map,1064,106,336,298,258,76,426.04877319,426.0487732352802,378,4.5280160065885866e-08,ok,7393,7713,355,129.812556
brc201d.map,1065,106,174,240,97,161,424.27416992,424.274169979696,358,5.969599214949994e-08,ok,8798,9156,359,129.85242
brc201d.map,1066,106,300,333,249,51,426.70562744,426.7056274847725,377,4.477249149203999e-08,ok,7761,8065,305,100.326769
brc201d.map,1067,106,58,180,205,214,427.03152923,427.0315292925768,362,6.25768166173657e-08,ok,9553,9960,408,121.362373
brc201d.map,1068,106,255,67,323,328,424.119841,424.1198410471454,374,4.714542001238442e-08,ok,8553,8932,406,106.233895
brc201d.map,1069,106,154,27,216,314,427.8183258,427.81832585698066,369,5.6980638873938005e-08,ok,12644,12847,281,195.787366
brc201d.map,1070,107,121,140,157,271,431.37467499,431.3746750430845,368,5.30844772583805e-08,ok,12617,12941,326,154.217334
brc201d.map,1071,107,295,304,221,53,429.04877319,429.04877323527995,381,4.527993269221042e-08,ok,9545,9688,242,118.267126
brc201d.map,1072,107,217,309,147,41,429.60512237,429.6051224213839,377,5.138389269632171e-08,ok,8039,8231,250,96.938652
brc201d.map,1073,107,320,305,242,58,430.56349182,430.5634918610416,385,4.1041573695110856e-08,ok,8664,8834,213,108.004776
brc201d.map,1074,107,15,196,229,175,428.30360718,428.3036072312189,367,5.1218933094787644e-08,ok,8198,8485,288,95.216039
brc201d.map,1075,107,233,315,173,88,428.50461731,428.5046173579957,373,4.7995683871704387e-08,ok,9975,10211,237,120.666842
brc201d.map,1076,107,316,298,267,57,428.77669525,428.7766952966381,377,4.663809249905171e-08,ok,7973,8328,366,95.885381
brc201d.map,1077,107,214,55,291,307,429.97770538,429.9777054234147,384,4.341472958913073e-08,ok,11268,11643,376,137.33989
brc201d.map,1078,107,345,291,256,82,431.119841,431.1198410471456,381,4.7145590542641e-08,ok,7230,7538,337,102.801355
brc201d.map,1079,107,264,66,329,304,429.04877319,429.04877323527984,381,4.52798190053727e-08,ok,8915,9332,418,107.918851
brc201d.map,1080,108,314,305,283,54,433.50461731,433.5046173579961,378,4.799608177563641e-08,ok,8036,8416,381,105.396625
brc201d.map,1081,108,149,36,222,315,435.50461731,435.5046173579959,380,4.799591124537983e-08,ok,12905,13087,276,186.012762
brc201d.map,1082,108,322,310,261,51,434.14927826,434.14927829866855,389,3.8668531487928703e-08,ok,7757,8130,377,106.011414
brc201d.map,1083,108,333,285,267,75,433.74725799,433.74725804511525,377,5.511526524060173e-08,ok,7978,8275,333,100.856636
brc201d.map,1084,108,183,74,260,307,435.70562744,435.70562748477255,386,4.477254833545885e-08,ok,13120,13371,320,216.975152
brc201d.map,1085,108,159,242,101,166,435.8305191,435.83051916580007,365,6.580006584044895e-08,ok,9171,9464,294,105.804847
brc201d.map,1086,108,318,325,274,60,432.74725799,432.74725804511536,376,5.511537892743945e-08,ok,8018,8375,362,104.048738
brc201d.map,1087,108,298,297,267,36,433.94826813,433.94826817189175,383,4.189178071101196e-08,ok,8208,8597,400,125.355376
brc201d.map,1088,108,330,309,263,59,434.56349182,434.56349186104165,389,4.1041630538529716e-08,ok,7824,8180,363,96.669864
brc201d.map,1089,108,348,343,257,90,433.16147156,433.1614716074883,376,4.7488299514952814e-08,ok,7278,7572,328,92.469926
brc201d.map,1090,109,338,322,259,68,437.29141388,437.2914139223995,388,4.23995061282767e-08,ok,7502,7841,370,94.049278
brc201d.map,1091,109,165,244,100,167,436.75945129,436.75945135393465,368,6.393463536369381e-08,ok,9273,9582,310,111.79825
brc201d.map,1092,109,189,229,72,179,436.58787842,436.58787847868103,367,5.8681052905740216e-08,ok,9238,9602,399,115.070205
brc201d.map,1093,109,319,308,273,48,439.119841,439.11984104714577,389,4.7145761072897585e-08,ok,8224,8602,383,102.092824
brc201d.map,1094,109,307,294,275,45,436.74725799,436.74725804511525,380,5.511526524060173e-08,ok,8306,8694,389,105.949608
brc201d.map,1095,109,327,329,273,65,437.98989868,437.9898987322346,380,5.223461130299256e-08,ok,7928,8272,345,107.674913
brc201d.map,1096,109,61,187,185,208,436.8305191,436.83051916580024,366,6.580023637070553e-08,ok,11083,11354,272,150.084218
brc201d.map,1097,109,185,67,267,306,437.04877319,437.0487732352802,389,4.5280160065885866e-08,ok,13140,13401,297,191.861014
brc201d.map,1098,109,17,237,248,160,438.57568512,438.5756851698612,381,4.9861171191878384e-08,ok,7414,7655,294,93.334345
brc201d.map,1099,109,122,117,180,305,439.06096649,439.06096654409964,379,5.409964387581567e-08,ok,13316,13512,308,165.586511
brc201d.map,1100,110,184,211,55,180,441.58787842,441.5878784786811,372,5.868110974915908e-08,ok,9591,9916,363,121.207129
brc201d.map,1101,110,172,44,256,309,440.70562744,440.7056274847725,391,4.477249149203999e-08,ok,12924,13156,338,161.037366
brc201d.map,1102,110,212,49,298,301,443.94826813,443.94826817189187,393,4.189189439784968e-08,ok,12320,12596,311,179.908144
brc201d.map,1103,110,308,303,299,50,443.64675293,443.6467529817271,384,5.172711325940327e-08,ok,8891,9104,295,135.650686
brc201d.map,1104,110,247,304,184,92,441.53405456,441.5340546095185,391,4.951846221956657e-08,ok,10734,10910,196,133.073647
brc201d.map,1105,110,178,219,63,180,442.90158691,442.90158697766583,370,6.766583737771725e-08,ok,9473,9810,339,121.101156
brc201d.map,1106,110,258,79,346,343,442.57568512,442.5756851698612,385,4.9861171191878384e-08,ok,8187,8622,436,101.073651
brc201d.map,1107,110,218,196,24,187,440.54624786,440.5462479183386,378,5.833862815052271e-08,ok,9701,10062,367,116.780036
brc201d.map,1108,110,164,18,236,311,442.64675293,442.64675298172676,383,5.17267721988901e-08,ok,12926,13136,273,169.820391
brc201d.map,1109,110,35,186,200,196,441.85995636,441.8599564173232,376,5.7323177315993235e-08,ok,10220,10571,352,121.794706
brc201d.map,1110,111,221,204,31,198,444.85995636,444.8599564173235,379,5.732346153308754e-08,ok,9733,10092,360,117.868019
brc201d.map,1111,111,256,54,330,284,447.01933594,447.0193359837573,394,4.375726803118596e-08,ok,11249,11633,390,142.099745
brc201d.map,1112,111,221,306,139,50,444.67619018,444.67619023324943,390,5.324943685991457e-08,ok,9460,9738,287,135.655875
brc201d.map,1113,111,112,127,131,264,444.07315979,444.0731598529196,372,6.291963927651523e-08,ok,14072,14227,315,169.932764
brc201d.map,1114,111,335,280,260,62,447.33304443,447.3330444827421,391,5.2742109346581856e-08,ok,7610,7960,370,92.428993
brc201d.map,1115,111,70,173,181,232,444.17366485,444.1736649163078,375,6.630779125771369e-08,ok,11555,11883,383,156.946318
brc201d.map,1116,111,170,269,85,87,445.04877319,445.04877323527944,397,4.5279421101440676e-08,ok,11025,11264,293,135.816064
brc201d.map,1117,111,267,314,185,40,444.19090881,444.19090885901096,392,4.901096417597728e-08,ok,10217,10358,205,131.549915
brc201d.map,1118,111,161,23,240,304,446.47518005,446.47518010647303,386,5.647302714351099e-08,ok,13327,13508,239,180.913421
brc201d.map,1119,111,124,268,115,126,446.00209198,446.0020920410541,376,6.105409511292237e-08,ok,7438,7759,322,99.285802
brc201d.map,1120,112,257,69,343,344,450.74725799,450.7472580451151,394,5.511509471034515e-08,ok,9036,9421,404,113.827877
brc201d.map,1121,112,320,319,227,55,449.29141388,449.2914139223995,400,4.23995061282767e-08,ok,9396,9523,203,122.996778
brc201d.map,1122,112,20,237,243,170,449.40411224,449.4041122946074,391,5.460736929308041e-08,ok,7720,7984,269,91.269545
brc201d.map,1123,112,206,60,302,318,450.63455963,450.63455967290713,403,4.2907117858703714e-08,ok,12111,12451,396,158.819583
brc201d.map,1124,112,247,107,22,298,451.40411224,451.4041122946077,393,5.4607710353593575e-08,ok,11882,12152,300,143.608004
brc201d.map,1125,112,242,163,7,238,449.20310211,449.2031021678313,385,5.783130063719e-08,ok,10975,11201,368,132.392437
brc201d.map,1126,112,346,283,263,71,449.33304443,449.33304448274214,393,5.2742166190000717e-08,ok,7707,8037,357,89.975542
brc201d.map,1127,112,274,313,192,76,448.80613251,448.8061325481606,402,3.816057869698852e-08,ok,10494,10639,246,167.821977
brc201d.map,1128,112,300,303,209,48,448.53405456,448.53405460951865,398,4.9518632749823155e-08,ok,9947,10101,239,127.758068
brc201d.map,1129,112,329,321,257,46,449.04877319,449.0487732352802,401,4.5280160065885866e-08,ok,7410,7790,416,96.454543
brc201d.map,1130,113,216,50,301,289,452.19090881,452.1909088590112,400,4.901119154965272e-08,ok,13432,13662,275,185.040385
brc201d.map,1131,113,117,141,132,267,452.58787842,452.58787847868103,383,5.8681052905740216e-08,ok,13663,13859,366,177.492225
brc201d.map,1132,113,202,318,128,112,453.68838348,453.68838354206946,387,6.206943226061412e-08,ok,10254,10589,359,125.813565
brc201d.map,1133,113,264,65,347,324,452.19090881,452.1909088590109,400,4.901090733255842e-08,ok,9339,9764,455,114.472166
brc201d.map,1134,113,105,160,156,266,453.41630554,453.41630560342713,383,6.342713732010452e-08,ok,12519,12843,342,147.345088
brc201d.map,1135,113,314,303,257,25,453.39191894,453.39191898578775,407,4.578777179631288e-08,ok,7960,8332,432,95.051479
brc201d.map,1136,113,232,313,149,14,453.78888855,453.7888886054578,390,5.545780368265696e-08,ok,8270,8629,360,102.216477
brc201d.map,1137,113,224,315,137,25,454.06096649,454.06096654409976,394,5.4099757562653394e-08,ok,8590,8902,313,105.359073
brc201d.map,1138,113,17,193,207,195,455.34523773,455.3452377915618,387,6.156176368676824e-08,ok,9304,9662,359,117.136141
brc201d.map,1139,113,332,292,272,53,453.33304443,453.33304448274225,397,5.274227987683844e-08,ok,8125,8495,372,100.666679
brc201d.map,1140,114,153,60,253,314,459.36248169,459.3624817342649,408,4.4264936605031835e-08,ok,13419,13648,358,180.19157
brc201d.map,1141,114,255,132,16,284,456.74725799,456.7472580451155,400,5.511549261427717e-08,ok,11457,11745,301,148.410005
brc201d.map,1142,114,303,304,200,51,458.87720032,458.8772003600263,410,4.0026293390837964e-08,ok,10052,10188,204,128.56068
brc201d.map,1143,114,101,157,160,274,458.41630554,458.4163056034271,388,6.342708047668566e-08,ok,12615,12945,331,153.614997
brc201d.map,1144,114,223,316,125,60,457.60512237,457.60512242138384,405,5.138383585290285e-08,ok,9702,10017,316,145.361876
brc201d.map,1145,114,201,48,302,315,458.53405456,458.53405460951876,408,4.9518746436660876e-08,ok,12146,12493,385,147.840527
brc201d.map,1146,114,258,37,326,331,459.60512237,459.6051224213843,407,5.1384290600253735e-08,ok,9429,9822,406,129.470089
brc201d.map,1147,114,44,194,203,224,457.65894623,457.6589462905465,386,6.054648338249535e-08,ok,9924,10331,408,122.470643
brc201d.map,1148,114,186,212,44,192,456.55844116,456.55844122715837,382,6.715839617754682e-08,ok,9963,10304,370,129.415574
brc201d.map,1149,114,256,307,154,65,457.46298675,457.462986797653,409,4.7652974899392575e-08,ok,10162,10353,253,130.475497
brc201d.map,1150,115,269,45,291,350,460.74725799,460.7472580451152,404,5.511520839718287e-08,ok,10294,10445,295,125.06877
brc201d.map,1151,115,263,52,339,286,460.09040375,460.09040379562276,405,4.5622755351359956e-08,ok,11417,11816,407,134.836025
brc201d.map,1152,115,169,83,270,310,461.84776306,461.8477631085035,408,4.8503522975806845e-08,ok,13285,13552,335,157.91845
brc201d.map,1153,115,26,286,254,132,461.64675293,461.6467529817269,402,5.1726885885727825e-08,ok,6787,7000,214,80.192005
brc201d.map,1154,115,185,221,45,182,461.07315979,461.0731598529197,389,6.291969611993409e-08,ok,9906,10226,321,119.561767
brc201d.map,1155,115,222,202,13,203,462.51681061,462.5168106668159,395,5.6815906646079384e-08,ok,10138,10522,389,206.677106
brc201d.map,1156,115,264,32,327,318,462.70562744,462.70562748477255,413,4.477254833545885e-08,ok,9453,9873,438,129.648892
brc201d.map,1157,115,207,54,314,305,461.22034607,461.22034611053397,414,4.053396196468384e-08,ok,12223,12604,382,159.110881
brc201d.map,1158,115,242,310,142,44,461.26197662,461.2619766708765,407,5.087650833957014e-08,ok,10431,10621,248,175.603149
brc201d.map,1159,115,174,101,254,310,460.01933594,460.0193359837573,407,4.375726803118596e-08,ok,13405,13645,322,170.241991
brc201d.map,1160,116,313,314,198,59,467.56349182,467.56349186104154,422,4.1041516851691995e-08,ok,9844,9981,187,124.032378
brc201d.map,1161,116,118,267,91,73,464.26197662,464.2619766708761,410,5.087611043563811e-08,ok,8638,8880,256,118.62871
brc201d.map,1162,116,144,272,77,95,466.23253937,466.23253941935315,407,4.935316155751934e-08,ok,10296,10541,261,119.58242
brc201d.map,1163,116,338,268,276,59,466.68838348,466.6883835420697,400,6.206965963428956e-08,ok,8030,8391,363,93.913996
brc201d.map,1164,116,82,95,169,285,466.46298675,466.46298679765306,418,4.7653031742811436e-08,ok,10545,10896,365,153.08926
brc201d.map,1165,116,235,171,9,244,465.27416992,465.27416997969675,399,5.969673111394513e-08,ok,11291,11534,408,135.592801
brc201d.map,1166,116,152,277,74,93,465.98989868,465.98989873223394,408,5.223392918196623e-08,ok,10010,10302,293,150.252237
brc201d.map,1167,116,233,314,134,27,464.8183258,464.81832585698055,406,5.6980525187100284e-08,ok,9531,9858,328,114.557383
brc201d.map,1168,116,217,189,17,222,465.41630554,465.41630560342765,395,6.342764891087427e-08,ok,11009,11201,372,127.47141
brc201d.map,1169,116,149,70,256,314,464.119841,464.11984104714566,414,4.7145647386059863e-08,ok,13586,13831,366,160.930987
brc201d.map,1170,117,223,200,16,217,469.34523773,469.3452377915621,401,6.156210474728141e-08,ok,10935,11146,390,136.740256
brc201d.map,1171,117,281,365,257,49,469.16147156,469.16147160748824,412,4.7488242671533953e-08,ok,7309,7683,402,89.145624
brc201d.map,1172,117,212,197,20,218,470.24473266,470.24473272817374,399,6.817373332523857e-08,ok,11061,11245,371,137.406306
brc201d.map,1173,117,339,312,267,35,470.46298675,470.4629867976534,422,4.76533728033246e-08,ok,8256,8645,418,104.927787
brc201d.map,1174,117,195,313,124,133,470.93102417,470.9310242291888,403,5.9188778323004954e-08,ok,12324,12567,303,150.307717
brc201d.map,1175,117,106,157,133,268,471.73001404,471.730014102412,398,6.241197070266935e-08,ok,13551,13755,388,170.64392
brc201d.map,1176,117,188,52,302,298,471.94826813,471.9482681718919,421,4.1891951241268544e-08,ok,13785,14025,327,173.770246
brc201d.map,1177,117,293,48,339,303,470.64675293,470.64675298172676,411,5.17267721988901e-08,ok,9207,9628,422,115.736859
brc201d.map,1178,117,337,279,257,42,468.50461731,468.50461735799587,413,4.799585440196097e-08,ok,7422,7810,424,92.644112
brc201d.map,1179,117,193,316,91,61,469.87720032,469.8772003600259,421,4.002589548690594e-08,ok,8528,8848,321,106.974138
brc201d.map,1180,118,308,314,187,63,475.22034607,475.2203461105339,428,4.053390512126498e-08,ok,9962,10086,206,127.186351
brc201d.map,1181,118,262,315,154,26,474.64675293,474.6467529817268,415,5.1726829042308964e-08,ok,10532,10799,268,135.418775
brc201d.map,1182,118,60,175,163,242,472.45793609,472.45793616377006,395,7.377008159892284e-08,ok,11349,11735,387,129.188546
brc201d.map,1183,118,323,301,205,49,475.94826813,475.9482681718919,425,4.1891951241268544e-08,ok,10026,10174,199,123.908914
brc201d.map,1184,118,331,298,213,53,475.53405456,475.5340546095188,425,4.951880328007974e-08,ok,9781,9924,204,122.49583
brc201d.map,1185,118,189,310,80,62,473.63455963,473.63455967290656,426,4.2906549424515106e-08,ok,8527,8867,341,106.14973
brc201d.map,1186,118,99,149,130,276,472.70057678,472.70057685088915,394,7.088914344421937e-08,ok,13358,13605,419,161.352164
brc201d.map,1187,118,163,87,275,309,474.09040375,474.09040379562276,419,4.5622755351359956e-08,ok,13475,13756,319,204.130291
brc201d.map,1188,118,197,59,311,329,472.77669525,472.7766952966382,421,4.663820618588943e-08,ok,12644,12988,360,155.791697
brc201d.map,1189,118,147,40,258,303,472.67619018,472.6761902332497,418,5.324972107700887e-08,ok,13659,13875,318,174.408432
brc201d.map,1190,119,307,318,185,52,479.119841,479.1198410471456,429,4.7145590542641e-08,ok,10091,10256,215,126.679073
brc201d.map,1191,119,185,308,110,146,478.10259704,478.1025971044426,411,6.444264499805286e-08,ok,11886,12249,365,155.010091
brc201d.map,1192,119,210,312,119,130,478.00209198,478.0020920410543,408,6.105432248659781e-08,ok,11569,11875,307,156.340162
brc201d.map,1193,119,309,294,188,55,479.36248169,479.3624817342649,428,4.4264936605031835e-08,ok,9920,10073,208,140.761559
brc201d.map,1194,119,229,303,114,56,476.4335495,476.43354954613017,423,4.613013970811153e-08,ok,10541,10801,292,178.172287
brc201d.map,1195,119,172,261,72,180,478.97265472,478.97265478953136,404,6.953138154131011e-08,ok,10501,10907,444,149.736051
brc201d.map,1196,119,305,302,184,65,476.87720032,476.8772003600263,428,4.0026293390837964e-08,ok,10005,10128,251,132.853231
brc201d.map,1197,119,187,220,33,190,476.21529541,476.21529547665074,400,6.665072760370094e-08,ok,10164,10510,347,139.349389
brc201d.map,1198,119,250,42,343,269,478.23253937,478.232539419354,419,4.9354014208802255e-08,ok,12622,12979,358,172.849126
brc201d.map,1199,119,329,322,207,60,478.87720032,478.8772003600264,430,4.0026407077675685e-08,ok,9886,9990,188,140.110058
brc201d.map,1200,120,316,311,188,51,482.63455963,482.63455967290713,435,4.2907117858703714e-08,ok,10124,10285,189,174.874735
brc201d.map,1201,120,141,92,259,306,483.40411224,483.4041122946075,425,5.460748297991813e-08,ok,14444,14692,346,173.254281
brc201d.map,1202,120,207,216,16,207,481.97265472,481.97265478953165,407,6.953166575840442e-08,ok,10435,10786,381,133.181026
brc201d.map,1203,120,37,187,178,228,480.21529541,480.2152954766508,404,6.66507844471198e-08,ok,11277,11623,374,140.149578
brc201d.map,1204,120,164,280,85,171,483.38686828,483.3868683519045,408,7.190453743532998e-08,ok,10685,11156,472,140.271147
brc201d.map,1205,120,261,305,144,25,483.23253937,483.2325394193537,424,4.935372999170795e-08,ok,10799,11041,264,167.366954
brc201d.map,1206,120,269,312,153,90,480.57568512,480.57568516986134,423,4.9861341722134966e-08,ok,10393,10626,331,129.76758
brc201d.map,1207,120,296,45,342,294,481.61731567,481.61731573020404,417,6.020405862727785e-08,ok,10267,10625,398,124.921236
brc201d.map,1208,120,282,311,173,22,480.91883087,480.918830920369,425,5.036895345256198e-08,ok,10684,10816,290,135.067744
brc201d.map,1209,120,186,84,294,316,480.53405456,480.5340546095188,430,4.951880328007974e-08,ok,13535,13828,313,208.300624
brc201d.map,1210,121,345,351,264,45,485.47518005,485.4751801064731,425,5.647308398692985e-08,ok,7957,8336,406,107.399083
brc201d.map,1211,121,268,35,350,319,484.77669525,484.776695296638,433,4.663803565563285e-08,ok,9945,10373,474,142.129465
brc201d.map,1212,121,86,171,140,271,487.42849884,487.42849891224716,405,7.224718956422294e-08,ok,13082,13352,398,153.527221
brc201d.map,1213,121,186,209,20,204,484.87214966,484.8721497261433,407,6.614328640353051e-08,ok,10611,10933,378,127.419462
brc201d.map,1214,121,291,51,350,285,485.27416992,485.27416997969647,419,5.969644689685083e-08,ok,11234,11641,415,135.798234
brc201d.map,1215,121,305,327,178,64,487.01933594,487.0193359837573,434,4.375726803118596e-08,ok,10011,10144,247,126.0917
brc201d.map,1216,121,186,89,295,319,487.77669525,487.77669529663814,436,4.663814934247057e-08,ok,13693,13953,305,170.462045
brc201d.map,1217,121,172,37,296,314,485.67619018,485.6761902332497,431,5.324972107700887e-08,ok,13113,13423,369,166.079531
brc201d.map,1218,121,124,52,247,305,484.67619018,484.67619023324977,430,5.324977792042773e-08,ok,13731,13946,217,168.905004
brc201d.map,1219,121,18,308,252,137,485.33304443,485.3330444827422,429,5.274222303341958e-08,ok,6926,7132,217,81.812579
brc201d.map,1220,122,57,179,167,257,490.45793609,490.45793616377006,413,7.377008159892284e-08,ok,12293,12588,338,165.58074
brc201d.map,1221,122,319,303,185,63,488.63455963,488.6345596729071,441,4.290706101528485e-08,ok,9966,10094,204,133.165571
brc201d.map,1222,122,186,50,321,303,491.70562744,491.7056274847726,442,4.477260517887771e-08,ok,13592,13919,328,189.125755
brc201d.map,1223,122,218,53,351,323,491.77669525,491.77669529663814,440,4.663814934247057e-08,ok,12587,12988,445,161.351178
brc201d.map,1224,122,67,182,170,267,490.45793609,490.45793616376994,413,7.376996791208512e-08,ok,12269,12571,305,179.533279
brc201d.map,1225,122,341,301,260,18,488.63455963,488.63455967290713,441,4.2907117858703714e-08,ok,7694,8118,425,95.890099
brc201d.map,1226,122,346,350,268,43,488.54624786,488.5462479183386,426,5.833862815052271e-08,ok,8172,8556,390,121.948516
brc201d.map,1227,122,340,340,219,49,489.06096649,489.0609665441001,429,5.410009862316656e-08,ok,9589,9747,204,134.583782
brc201d.map,1228,122,162,267,66,175,491.87214966,491.87214972614305,414,6.614305902985507e-08,ok,10844,11199,367,143.106579
brc201d.map,1229,122,201,51,334,299,490.94826813,490.9482681718919,440,4.1891951241268544e-08,ok,13568,13921,413,165.134676
brc201d.map,1230,123,250,311,117,51,494.26197662,494.2619766708765,440,5.087650833957014e-08,ok,11411,11626,229,142.964885
brc201d.map,1231,123,203,203,17,232,495.21529541,495.21529547665097,419,6.665095497737639e-08,ok,11474,11682,391,170.206441
brc201d.map,1232,123,211,188,13,242,492.07315979,492.07315985292,420,6.292003718044725e-08,ok,11557,11797,411,137.434203
brc201d.map,1233,123,301,331,179,38,494.40411224,494.4041122946077,436,5.4607710353593575e-08,ok,10416,10576,237,131.236108
brc201d.map,1234,123,161,255,56,185,494.42849884,494.42849891224716,412,7.224718956422294e-08,ok,10572,10970,408,141.151564
brc201d.map,1235,123,309,297,178,77,493.91883087,493.9188309203691,438,5.0369067139399704e-08,ok,10032,10191,250,147.200839
brc201d.map,1236,123,338,331,207,50,494.33304443,494.3330444827422,438,5.274222303341958e-08,ok,9966,10114,185,125.187892
brc201d.map,1237,123,194,228,19,204,495.11479034,495.11479041326254,416,7.326252671191469e-08,ok,10619,10955,379,154.076211
brc201d.map,1238,123,343,309,205,48,493.04877319,493.04877323528035,445,4.528033059614245e-08,ok,10046,10199,184,146.414465
brc201d.map,1239,123,163,269,66,180,495.5290039,495.5290039756355,416,7.563545523225912e-08,ok,10985,11393,419,133.279328
brc201d.map,1240,124,325,285,188,53,499.91883087,499.91883092036903,444,5.036901029598084e-08,ok,10026,10183,179,134.95623
brc201d.map,1241,124,183,48,319,296,496.4335495,496.4335495461305,443,4.613048076862469e-08,ok,14050,14318,310,169.119642
brc201d.map,1242,124,172,260,56,188,496.11479034,496.1147904132624,417,7.326241302507697e-08,ok,10790,11197,408,129.594718
brc201d.map,1243,124,17,218,205,221,498.38686828,498.3868683519046,423,7.190459427874885e-08,ok,9714,10109,399,124.002802
brc201d.map,1244,124,165,89,298,315,498.40411224,498.40411229460756,440,5.460753982333699e-08,ok,13717,14031,338,189.830275
brc201d.map,1245,124,174,34,306,299,496.98989868,496.9898987322345,439,5.223449761615484e-08,ok,13817,14065,332,193.017589
brc201d.map,1246,124,201,56,337,283,498.50461731,498.50461735799615,443,4.799613861905527e-08,ok,14337,14648,327,174.085092
brc201d.map,1247,124,22,208,178,216,499.77164459,499.7716446627549,419,7.275491498148767e-08,ok,11130,11413,284,144.440539
brc201d.map,1248,124,341,278,258,16,499.33304443,499.3330444827421,443,5.2742109346581856e-08,ok,7597,8025,447,92.731504
brc201d.map,1249,124,267,311,133,33,496.09040375,496.0904037956227,441,4.5622698507941095e-08,ok,10905,11132,286,155.25418
brc201d.map,1250,125,244,311,106,49,500.09040375,500.0904037956227,445,4.5622698507941095e-08,ok,11529,11761,234,199.20385
brc201d.map,1251,125,183,63,299,350,503.19090881,503.1909088590113,451,4.9011305236490443e-08,ok,14900,15029,341,295.534285
brc201d.map,1252,125,14,251,217,196,502.65894623,502.65894629054685,431,6.054682444300852e-08,ok,8806,9173,368,106.868784
brc201d.map,1253,125,184,43,324,294,503.33304443,503.3330444827422,447,5.274222303341958e-08,ok,14148,14423,316,178.188404
brc201d.map,1254,125,308,322,169,78,502.74725799,502.7472580451153,446,5.511532208402059e-08,ok,10169,10348,253,134.228169
brc201d.map,1255,125,178,29,307,291,503.47518005,503.4751801064732,443,5.647319767376757e-08,ok,13969,14210,378,217.75398
brc201d.map,1256,125,174,26,305,305,500.33304443,500.3330444827421,444,5.2742109346581856e-08,ok,13271,13589,408,169.70313
brc201d.map,1257,125,195,54,337,328,502.4335495,502.43354954613056,449,4.6130537612043554e-08,ok,13682,14072,415,178.653478
brc201d.map,1258,125,71,83,201,316,502.30360718,502.3036072312193,441,5.121933099871967e-08,ok,12050,12319,287,179.254334
brc201d.map,1259,125,16,263,225,188,502.51681061,502.51681066681584,435,5.681584980266052e-08,ok,8479,8808,330,108.944496
brc201d.map,1260,126,178,232,20,197,505.35743103,505.35743110038175,425,7.03817590874678e-08,ok,10610,10987,380,135.524439
brc201d.map,1261,126,208,311,81,91,506.40411224,506.40411229460733,448,5.460731244966155e-08,ok,13438,13731,315,166.426329
brc201d.map,1262,126,153,66,299,299,504.36248169,504.362481734265,453,4.4264993448450696e-08,ok,14261,14507,358,175.116749
brc201d.map,1263,126,174,38,296,282,506.57568512,506.57568516986146,449,4.986145540897269e-08,ok,15182,15262,314,210.166192
brc201d.map,1264,126,207,184,15,254,505.58787842,505.58787847868143,436,5.868145080967224e-08,ok,11781,12031,304,170.385647
brc201d.map,1265,126,212,199,14,250,506.73001404,506.7300141024124,433,6.241236860660138e-08,ok,11809,12049,352,143.523338
brc201d.map,1266,126,91,166,117,263,505.01428528,505.01428534987406,423,6.987403367020306e-08,ok,14245,14418,273,168.665213
brc201d.map,1267,126,152,19,289,304,506.1320343,506.1320343559654,444,5.5965415413083974e-08,ok,13544,13821,337,181.523513
brc201d.map,1268,126,321,329,179,68,504.50461731,504.504617357996,449,4.799596808879869e-08,ok,10060,10199,210,197.989095
brc201d.map,1269,126,191,81,321,297,504.53405456,504.5340546095189,454,4.95188601234986e-08,ok,14180,14452,305,160.612305
brc201d.map,1270,127,167,235,22,197,510.91378021,510.91378028648575,426,7.648571909157909e-08,ok,10695,11087,395,126.283021
brc201d.map,1271,127,179,248,31,193,510.77164459,510.77164466275474,430,7.275474445123109e-08,ok,10924,11310,388,132.552209
brc201d.map,1272,127,338,339,191,57,511.91883087,511.91883092036903,456,5.036901029598084e-08,ok,9853,10011,186,118.935369
brc201d.map,1273,127,189,70,289,353,511.33304443,511.3330444827423,455,5.27423367202573e-08,ok,15359,15459,296,180.031754
brc201d.map,1274,127,187,91,315,301,508.53405456,508.5340546095188,458,4.951880328007974e-08,ok,14051,14338,308,168.135628
brc201d.map,1275,127,191,52,345,312,508.63455963,508.6345596729071,461,4.290706101528485e-08,ok,12956,13381,436,163.91548
brc201d.map,1276,127,344,289,194,58,509.19090881,509.19090885901113,457,4.901113470623386e-08,ok,9849,10009,172,143.629915
brc201d.map,1277,127,202,60,352,288,509.60512237,509.6051224213844,457,5.1384404287091456e-08,ok,14495,14841,419,166.22348
brc201d.map,1278,127,202,313,96,159,508.94321747,508.94321753800887,429,6.800888741054223e-08,ok,12199,12561,363,140.070531
brc201d.map,1279,127,174,234,14,187,510.87214966,510.87214972614305,433,6.614305902985507e-08,ok,10498,10885,396,124.731846
brc201d.map,1280,128,305,331,160,73,512.16147156,512.1614716074884,455,4.7488356358371675e-08,ok,10185,10353,248,162.216078
brc201d.map,1281,128,230,306,117,144,512.8305191,512.8305191658006,442,6.580069111805642e-08,ok,12196,12447,254,158.830801
brc201d.map,1282,128,181,298,70,169,515.97265472,515.9726547895316,441,6.95315520715667e-08,ok,12888,13228,413,184.325476
brc201d.map,1283,128,344,275,197,54,513.64675293,513.6467529817269,454,5.1726829042308964e-08,ok,9847,9999,178,122.36652
brc201d.map,1284,128,146,29,297,304,515.98989868,515.9898987322345,458,5.223444077273598e-08,ok,13573,13828,291,233.550202
brc201d.map,1285,128,167,256,39,197,514.91378021,514.9137802864858,430,7.648577593499795e-08,ok,11144,11562,419,158.881002
brc201d.map,1286,128,145,91,297,309,515.74725799,515.7472580451151,459,5.511515155376401e-08,ok,14066,14408,349,234.706856
brc201d.map,1287,128,312,302,155,67,513.70562744,513.7056274847725,464,4.477260517887771e-08,ok,10069,10242,252,134.626764
brc201d.map,1288,128,347,290,192,62,514.60512237,514.6051224213842,462,5.138417691341601e-08,ok,9930,10034,174,127.493734
brc201d.map,1289,128,82,82,227,310,515.57568512,515.5756851698613,458,4.9861341722134966e-08,ok,13159,13387,257,203.539249
brc201d.map,1290,129,171,36,326,303,517.50461731,517.5046173579959,462,4.799596808879869e-08,ok,13422,13773,352,160.524254
brc201d.map,1291,129,72,182,130,264,518.98484802,518.9848480983513,432,7.835137694200967e-08,ok,14032,14191,307,167.100753
brc201d.map,1292,129,145,58,304,313,518.19090881,518.1909088590111,466,4.9011077862815e-08,ok,13557,13899,395,171.923663
brc201d.map,1293,129,298,299,147,47,518.98989868,518.9898987322346,461,5.22345544595737e-08,ok,11364,11515,260,138.154136
brc201d.map,1294,129,315,320,161,36,518.57568512,518.5756851698616,461,4.986156909581041e-08,ok,10706,10899,236,133.212668
brc201d.map,1295,129,130,266,67,178,519.1564209,519.1564209736051,433,7.360517884080764e-08,ok,10745,11129,403,123.019772
brc201d.map,1296,129,282,310,123,59,516.53405456,516.5340546095185,466,4.9518575906404294e-08,ok,10722,10960,361,128.902765
brc201d.map,1297,129,217,310,105,160,519.97265472,519.9726547895316,445,6.95315520715667e-08,ok,12392,12669,278,142.251062
brc201d.map,1298,129,320,302,165,40,516.26197662,516.2619766708767,462,5.087667886982672e-08,ok,10406,10631,227,124.167305
brc201d.map,1299,129,119,137,242,305,517.41630554,517.4163056034272,447,6.342713732010452e-08,ok,15501,15668,293,192.305845
brc201d.map,1300,130,325,320,166,74,520.26197662,520.2619766708767,466,5.087667886982672e-08,ok,10106,10276,226,157.968451
brc201d.map,1301,130,120,118,266,316,523.8305191,523.8305191658004,453,6.580046374438098e-08,ok,15456,15696,336,180.362481
brc201d.map,1302,130,162,32,319,316,521.57568512,521.5756851698613,464,4.9861341722134966e-08,ok,13435,13767,333,201.236651
brc201d.map,1303,130,136,39,294,319,521.50461731,521.5046173579959,466,4.799596808879869e-08,ok,13850,14098,349,224.650564
brc201d.map,1304,130,159,8,301,314,520.96046142,520.9604614807115,458,6.071149982744828e-08,ok,13316,13640,325,206.983853
brc201d.map,1305,130,328,315,172,85,520.91883087,520.9188309203693,465,5.036929451307515e-08,ok,10145,10326,227,125.287284
brc201d.map,1306,130,348,333,191,51,520.74725799,520.7472580451152,464,5.511526524060173e-08,ok,9852,10032,181,124.22461
brc201d.map,1307,130,159,87,310,290,520.96046142,520.9604614807117,458,6.071172720112372e-08,ok,14750,15007,318,186.175822
brc201d.map,1308,130,190,52,338,268,520.1320343,520.1320343559657,458,5.596575647359714e-08,ok,14814,15108,295,185.998631
brc201d.map,1309,130,123,121,265,309,522.51681061,522.5168106668156,455,5.681556558556622e-08,ok,15294,15538,365,203.204125
brc201d.map,1310,131,49,185,174,282,524.70057678,524.7005768508893,446,7.088931397447595e-08,ok,12625,12898,343,164.869189
brc201d.map,1311,131,332,323,169,43,525.91883087,525.9188309203691,470,5.0369180826237425e-08,ok,10198,10412,226,149.305746
brc201d.map,1312,131,322,311,155,82,527.84776306,527.8477631085037,474,4.850369350606343e-08,ok,10350,10546,217,130.020416
brc201d.map,1313,131,338,291,178,41,525.40411224,525.4041122946077,467,5.4607653510174714e-08,ok,10290,10491,214,122.921055
brc201d.map,1314,131,344,300,176,49,526.36248169,526.3624817342651,475,4.426510713528842e-08,ok,10186,10375,231,123.487765
brc201d.map,1315,131,179,32,331,336,527.78888855,527.788888605458,464,5.54580310563324e-08,ok,13844,14177,369,181.497581
brc201d.map,1316,131,86,67,250,303,526.91883087,526.918830920369,471,5.0369067139399704e-08,ok,13845,14059,242,181.541083
brc201d.map,1317,131,64,173,126,272,524.08535309,524.0853531617397,440,7.173969152063364e-08,ok,13498,13740,354,157.917404
brc201d.map,1318,131,114,49,276,315,525.74725799,525.7472580451152,469,5.511526524060173e-08,ok,13549,13834,290,162.33366
brc201d.map,1319,131,103,158,223,312,525.62950897,525.6295090390237,449,6.902371296746423e-08,ok,14956,15137,318,176.733795
brc201d.map,1320,132,324,282,165,38,531.1320343,531.1320343559656,469,5.596564278675942e-08,ok,10652,10840,235,125.008001
brc201d.map,1321,132,92,47,258,306,529.33304443,529.333044482742,473,5.2742052503162995e-08,ok,13632,13872,299,160.764358
brc201d.map,1322,132,99,60,271,307,530.36248169,530.362481734265,479,4.4264993448450696e-08,ok,13577,13842,319,161.207706
brc201d.map,1323,132,350,289,179,55,531.4335495,531.4335495461304,478,4.613036708178697e-08,ok,9860,10057,211,118.12115
brc201d.map,1324,132,78,71,244,308,528.50461731,528.5046173579959,473,4.799596808879869e-08,ok,13475,13686,224,199.911178
brc201d.map,1325,132,195,200,13,258,529.04372253,529.0437226013971,452,7.139715307857841e-08,ok,11939,12223,289,171.416658
brc201d.map,1326,132,300,316,133,35,530.33304443,530.3330444827421,474,5.2742166190000717e-08,ok,10816,11039,274,140.960299
brc201d.map,1327,132,317,310,142,66,529.63455963,529.6345596729071,482,4.2907117858703714e-08,ok,10231,10422,215,129.435141
brc201d.map,1328,132,335,279,180,35,529.61731567,529.6173157302042,465,6.02041154706967e-08,ok,10517,10643,206,165.752192
brc201d.map,1329,132,221,180,18,293,528.51681061,528.5168106668159,461,5.6815906646079384e-08,ok,12403,12685,304,166.334468
brc201d.map,1330,133,36,195,169,275,535.25692596,535.2569260369935,452,7.699350135226268e-08,ok,12089,12427,339,148.704309
brc201d.map,1331,133,120,268,62,184,535.81327514,535.8132752230977,448,8.309768873004941e-08,ok,10903,11316,414,138.35729
brc201d.map,1332,133,168,277,37,177,532.5290039,532.5290039756355,453,7.563551207567798e-08,ok,12901,13228,393,152.619986
brc201d.map,1333,133,174,231,23,229,535.49956665,535.4995667241128,451,7.411279057123465e-08,ok,12717,12955,443,145.220923
brc201d.map,1334,133,21,210,171,248,533.91378021,533.9137802864859,449,7.648588962183567e-08,ok,11980,12300,342,167.981207
brc201d.map,1335,133,347,317,177,81,534.67619018,534.6761902332499,480,5.3249891607265454e-08,ok,10205,10370,214,143.523835
brc201d.map,1336,133,334,297,160,64,534.01933594,534.0193359837574,481,4.375738171802368e-08,ok,10298,10457,218,125.091514
brc201d.map,1337,133,119,138,256,313,532.41630554,532.4163056034272,462,6.342713732010452e-08,ok,15323,15547,372,197.962694
brc201d.map,1338,133,223,189,15,292,533.75945129,533.7594513539352,465,6.393520379788242e-08,ok,12311,12632,322,153.567461
brc201d.map,1339,133,324,297,150,73,535.26197662,535.2619766708767,481,5.087667886982672e-08,ok,10173,10361,219,126.097015
brc201d.map,1340,134,348,324,189,84,536.60512237,536.6051224213843,484,5.1384290600253735e-08,ok,10602,10758,158,199.03865
brc201d.map,1341,134,141,27,316,308,539.16147156,539.1614716074881,482,4.748812898469623e-08,ok,13281,13623,343,165.456032
brc201d.map,1342,134,345,313,168,33,539.91883087,539.9188309203693,484,5.036929451307515e-08,ok,10556,10748,222,129.003353
brc201d.map,1343,134,182,36,341,271,537.10259704,537.1025971044429,470,6.444292921514716e-08,ok,14589,14921,333,170.80127
brc201d.map,1344,134,157,69,335,294,538.84776306,538.8477631085036,485,4.8503579819225706e-08,ok,14709,15019,360,182.206357
brc201d.map,1345,134,168,73,330,273,536.71782074,536.7178207935926,475,5.3592657422996126e-08,ok,15515,15775,363,244.294413
brc201d.map,1346,134,178,67,351,286,536.33304443,536.3330444827423,480,5.274227987683844e-08,ok,14798,15124,364,188.972183
brc201d.map,1347,134,351,280,189,75,536.40411224,536.4041122946076,478,5.460753982333699e-08,ok,10364,10507,175,176.302172
brc201d.map,1348,134,132,50,302,324,537.06096649,537.0609665441001,477,5.41000417797477e-08,ok,13991,14279,338,168.328353
brc201d.map,1349,134,347,312,170,41,536.19090881,536.1909088590113,484,4.9011305236490443e-08,ok,10417,10634,226,135.586485
brc201d.map,1350,135,329,325,159,91,540.37467499,540.3746750430851,477,5.308504569256911e-08,ok,10181,10406,226,122.955609
brc201d.map,1351,135,138,271,37,182,542.39906158,542.3990616607244,455,8.072447599261068e-08,ok,11510,11897,388,134.406601
brc201d.map,1352,135,304,292,138,104,543.34523773,543.3452377915622,475,6.156221843411913e-08,ok,10580,10852,273,145.45738
brc201d.map,1353,135,159,250,13,206,541.95541076,541.9554108468286,450,8.682866337039741e-08,ok,11648,12077,437,144.016504
brc201d.map,1354,135,148,17,320,300,543.61731567,543.6173157302039,479,6.020388809702126e-08,ok,13716,13988,293,164.12365
brc201d.map,1355,135,344,301,166,38,540.50461731,540.5046173579962,485,4.7996195462474134e-08,ok,10635,10821,216,127.620944
brc201d.map,1356,135,308,300,132,49,540.98989868,540.9898987322346,483,5.22345544595737e-08,ok,11360,11547,240,134.624436
brc201d.map,1357,135,228,308,92,165,541.35743103,541.3574311003821,461,7.03820433045621e-08,ok,12353,12721,369,145.161831
brc201d.map,1358,135,57,187,122,268,540.05591583,540.0559159102169,451,8.021686426218366e-08,ok,13719,13947,281,157.616892
brc201d.map,1359,135,181,63,349,353,541.30360718,541.3036072312196,480,5.1219672059232835e-08,ok,14786,15126,353,174.481889
brc201d.map,1360,136,149,11,302,339,544.00209198,544.0020920410543,474,6.105426564317895e-08,ok,14657,14804,316,184.19186
brc201d.map,1361,136,166,255,17,211,545.64170227,545.6417023478438,457,7.784376521158265e-08,ok,12704,13042,426,155.032153
brc201d.map,1362,136,142,97,315,328,547.10259704,547.1025971044427,480,6.444270184147172e-08,ok,15023,15344,364,176.176016
brc201d.map,1363,136,334,281,159,39,545.37467499,545.374675043085,482,5.308493200573139e-08,ok,10722,10886,218,132.466437
brc201d.map,1364,136,172,21,339,292,545.54624786,545.5462479183386,483,5.833862815052271e-08,ok,14378,14686,355,180.418136
brc201d.map,1365,136,346,351,177,76,547.4457428,547.4457428549504,482,5.4950419325905386e-08,ok,10055,10214,213,125.23537
brc201d.map,1366,136,309,327,141,104,546.34523773,546.3452377915622,478,6.156221843411913e-08,ok,10843,11097,265,128.675572
brc201d.map,1367,136,172,20,332,277,545.75945129,545.7594513539352,477,6.393520379788242e-08,ok,14468,14768,319,176.540043
brc201d.map,1368,136,154,79,341,309,545.77669525,545.776695296638,494,4.663797881221399e-08,ok,13609,14022,414,155.205122
brc201d.map,1369,136,149,31,331,307,544.91883087,544.9188309203689,489,5.036895345256198e-08,ok,13335,13704,370,156.805051
brc201d.map,1370,137,28,180,151,278,548.32799377,548.3279938488593,463,7.885921604611212e-08,ok,12710,13058,349,145.51585
brc201d.map,1371,137,300,299,115,49,550.40411224,550.4041122946077,492,5.4607653510174714e-08,ok,11575,11777,259,143.051827
brc201d.map,1372,137,345,333,167,34,548.78888855,548.788888605458,485,5.54580310563324e-08,ok,10590,10782,222,136.895165
brc201d.map,1373,137,138,26,320,297,551.1320343,551.1320343559654,489,5.5965415413083974e-08,ok,14052,14385,334,174.421144
brc201d.map,1374,137,21,196,152,269,551.71277008,551.7127701597094,461,7.970936621859437e-08,ok,12513,12853,357,150.475855
brc201d.map,1375,137,342,312,152,76,548.77669525,548.7766952966382,497,4.663820618588943e-08,ok,10266,10456,207,139.01248
brc201d.map,1376,137,153,17,327,329,550.17366485,550.1736649163081,481,6.630807547480799e-08,ok,13957,14289,387,171.128806
brc201d.map,1377,137,74,179,210,306,548.32799377,548.3279938488589,463,7.885887498559896e-08,ok,14769,14952,353,188.08755
brc201d.map,1378,137,348,321,163,81,549.57568512,549.5756851698616,492,4.986156909581041e-08,ok,10223,10420,217,123.310131
brc201d.map,1379,137,329,285,152,25,551.51681061,551.516810666816,484,5.6816020332917105e-08,ok,10860,11100,241,132.469363
brc201d.map,1380,138,297,301,103,56,555.67619018,555.6761902332496,501,5.324955054675229e-08,ok,11002,11281,280,133.926943
brc201d.map,1381,138,151,68,342,332,554.74725799,554.7472580451154,498,5.511537892743945e-08,ok,14566,14943,378,185.070315
brc201d.map,1382,138,150,67,342,286,555.33304443,555.3330444827423,499,5.274227987683844e-08,ok,15221,15539,376,187.851661
brc201d.map,1383,138,141,66,290,355,555.98989868,555.9898987322347,498,5.223466814641142e-08,ok,16006,16157,343,242.305218
brc201d.map,1384,138,341,315,155,21,554.71782074,554.7178207935928,493,5.359277110983385e-08,ok,10686,10928,243,177.558483
brc201d.map,1385,138,172,101,346,315,554.91883087,554.9188309203689,499,5.036895345256198e-08,ok,13859,14263,405,180.112854
brc201d.map,1386,138,149,96,330,324,553.03152923,553.0315292925771,488,6.257710083446e-08,ok,14853,15219,391,239.934566
brc201d.map,1387,138,97,59,291,305,552.77669525,552.7766952966381,501,4.663809249905171e-08,ok,13783,14061,323,172.967759
brc201d.map,1388,138,37,176,184,294,553.8427124,553.8427124746205,471,7.462051598849939e-08,ok,13451,13623,324,165.844888
brc201d.map,1389,138,13,210,162,263,555.95541076,555.9554108468287,464,8.682877705723513e-08,ok,12360,12672,330,185.176524
brc201d.map,1390,139,166,20,339,343,559.00209198,559.0020920410544,489,6.105437933001667e-08,ok,14695,15006,382,244.549083
brc201d.map,1391,139,289,358,143,65,557.8183258,557.8183258569808,499,5.698075256077573e-08,ok,10310,10500,242,184.237859
brc201d.map,1392,139,161,10,334,289,557.34523773,557.345237791562,489,6.156199106044369e-08,ok,14520,14815,320,199.018619
brc201d.map,1393,139,18,233,159,242,557.12698364,557.1269837220827,466,8.208269264287082e-08,ok,11042,11432,391,134.35115
brc201d.map,1394,139,335,319,140,39,557.91883087,557.9188309203691,502,5.0369180826237425e-08,ok,10572,10816,245,173.680345
brc201d.map,1395,139,211,212,13,288,558.55844116,558.5584412271586,484,6.71585667078034e-08,ok,13261,13602,348,181.760929
brc201d.map,1396,139,127,273,34,179,557.64170227,557.6417023478438,469,7.784376521158265e-08,ok,11870,12230,379,207.924556
brc201d.map,1397,139,149,37,335,278,558.4457428,558.4457428549505,493,5.495053301274311e-08,ok,14837,15154,318,247.358014
brc201d.map,1398,139,132,53,330,308,558.01933594,558.0193359837573,505,4.375726803118596e-08,ok,13558,13941,384,250.90071
brc201d.map,1399,139,201,204,17,291,556.04372253,556.0437226013971,479,7.139715307857841e-08,ok,13173,13517,350,154.522015
brc201d.map,1400,140,170,215,9,258,563.08535309,563.0853531617397,479,7.173969152063364e-08,ok,13651,13924,367,163.849072
brc201d.map,1401,140,281,369,170,94,561.34523773,561.3452377915621,493,6.156210474728141e-08,ok,10537,10750,248,142.408173
brc201d.map,1402,140,132,62,332,297,560.84776306,560.8477631085036,507,4.8503579819225706e-08,ok,14642,14965,362,185.310471
brc201d.map,1403,140,146,45,290,358,561.03152923,561.0315292925773,496,6.257721452129772e-08,ok,15799,15926,329,210.607248
brc201d.map,1404,140,168,95,343,271,560.8305191,560.8305191658008,490,6.580080480489414e-08,ok,15447,15818,411,210.064939
brc201d.map,1405,140,117,53,316,305,560.26197662,560.2619766708766,506,5.0876565182989e-08,ok,13810,14148,339,226.799777
brc201d.map,1406,140,304,313,121,119,560.58787842,560.5878784786815,491,5.86815076530911e-08,ok,10809,11093,286,125.579666
brc201d.map,1407,140,342,323,146,41,561.40411224,561.4041122946078,503,5.4607767197012436e-08,ok,10949,11088,231,137.784272
brc201d.map,1408,140,339,279,155,25,561.00209198,561.0020920410545,491,6.10544930168544e-08,ok,10758,10992,235,130.905048
brc201d.map,1409,140,190,205,21,282,560.11479034,560.1147904132627,481,7.326264039875241e-08,ok,13896,14170,340,173.970222
brc201d.map,1410,141,336,307,128,56,567.19090881,567.1909088590113,515,4.9011305236490443e-08,ok,11123,11344,222,142.702899
brc201d.map,1411,141,20,278,185,214,565.01428528,565.0142853498746,483,6.987465894781053e-08,ok,10749,11085,337,127.022075
brc201d.map,1412,141,270,306,99,150,566.28636322,566.2863632885167,488,6.851666967122583e-08,ok,11686,12048,363,141.589535
brc201d.map,1413,141,149,26,348,312,564.40411224,564.4041122946076,506,5.460753982333699e-08,ok,13355,13760,406,166.33844
brc201d.map,1414,141,291,348,141,15,566.58787842,566.5878784786815,497,5.86815076530911e-08,ok,11060,11337,278,142.11813
brc201d.map,1415,141,329,284,140,97,565.58787842,565.5878784786815,496,5.86815076530911e-08,ok,10635,10887,253,129.963444
brc201d.map,1416,141,149,89,337,271,567.24473266,567.2447327281739,496,6.817390385549515e-08,ok,15901,16229,347,185.078026
brc201d.map,1417,141,123,133,292,317,565.07315979,565.0731598529196,493,6.291963927651523e-08,ok,15679,15929,356,204.699782
brc201d.map,1418,141,189,305,38,178,564.49956665,564.499566724113,480,7.41130179449101e-08,ok,14174,14437,304,206.482325
brc201d.map,1419,141,26,294,198,202,564.94321747,564.9432175380091,485,6.800905794079881e-08,ok,9984,10373,390,136.89288
brc201d.map,1420,142,109,59,299,339,571.16147156,571.1614716074885,514,4.7488470045209397e-08,ok,15260,15393,290,181.741107
brc201d.map,1421,142,344,316,133,62,569.77669525,569.7766952966382,518,4.663820618588943e-08,ok,10569,10788,220,125.627027
brc201d.map,1422,142,339,303,141,101,568.37467499,568.3746750430852,505,5.308515937940683e-08,ok,10550,10824,275,124.634978
brc201d.map,1423,142,343,294,145,22,570.03152923,570.0315292925775,505,6.257744189497316e-08,ok,11009,11249,241,141.07727
brc201d.map,1424,142,146,46,345,287,569.78888855,569.7888886054579,506,5.545791736949468e-08,ok,15109,15441,383,202.604918
brc201d.map,1425,142,159,6,347,315,569.37467499,569.3746750430846,506,5.3084590945218224e-08,ok,13419,13811,393,197.688201
brc201d.map,1426,142,186,218,12,275,568.08535309,568.0853531617397,484,7.173969152063364e-08,ok,13810,14199,390,169.183192
brc201d.map,1427,142,300,337,120,104,569.75945129,569.7594513539354,501,6.393543117155787e-08,ok,11036,11296,280,136.665433
brc201d.map,1428,142,31,193,190,300,571.22748871,571.2274887854709,483,7.547089353465708e-08,ok,13593,13771,379,174.78255
brc201d.map,1429,142,126,51,334,310,568.84776306,568.8477631085035,515,4.8503466132387985e-08,ok,13504,13905,402,161.574227
brc201d.map,1430,143,121,126,309,304,573.00209198,573.0020920410542,503,6.105415195634123e-08,ok,15637,15944,327,209.555329
brc201d.map,1431,143,309,329,117,119,575.62950897,575.6295090390244,499,6.902439508849056e-08,ok,10872,11189,319,160.913894
brc201d.map,1432,143,345,321,142,25,572.54624786,572.5462479183388,510,5.833885552419815e-08,ok,11024,11239,218,186.916071
brc201d.map,1433,143,187,313,37,188,574.32799377,574.3279938488594,489,7.885932973294985e-08,ok,13747,14073,336,182.458107
brc201d.map,1434,143,145,94,343,336,574.17366485,574.1736649163082,505,6.630818916164571e-08,ok,15368,15756,422,258.619653
brc201d.map,1435,143,140,62,338,267,573.61731567,573.6173157302044,509,6.020434284437215e-08,ok,15722,16049,438,223.408492
brc201d.map,1436,143,183,255,19,242,575.1564209,575.1564209736051,489,7.360517884080764e-08,ok,14765,15050,454,203.253969
brc201d.map,1437,143,139,52,342,281,574.61731567,574.6173157302043,510,6.020422915753443e-08,ok,15300,15623,332,186.649859
brc201d.map,1438,143,344,291,145,19,573.51681061,573.516810666816,506,5.6816020332917105e-08,ok,10992,11253,262,146.287289
brc201d.map,1439,143,188,305,29,188,574.74220733,574.7422074112324,489,8.123231509671314e-08,ok,13801,14139,340,184.184898
brc201d.map,1440,144,345,295,132,50,579.64675293,579.6467529817271,520,5.172705641598441e-08,ok,11350,11537,217,193.367779
brc201d.map,1441,144,12,258,171,239,576.64170227,576.6417023478441,488,7.784410627209581e-08,ok,11577,11929,364,153.193624
brc201d.map,1442,144,135,62,346,335,577.64675293,577.6467529817271,518,5.172705641598441e-08,ok,14737,15117,381,194.048078
brc201d.map,1443,144,339,338,139,20,578.65894623,578.6589462905471,507,6.054710866010282e-08,ok,11149,11382,234,152.004785
brc201d.map,1444,144,133,99,325,339,576.75945129,576.7594513539351,508,6.39350901110447e-08,ok,16565,16806,368,235.046408
brc201d.map,1445,144,110,54,323,319,576.33304443,576.3330444827421,520,5.2742166190000717e-08,ok,13707,14089,385,198.22747
brc201d.map,1446,144,29,196,192,300,576.47012939,576.4701294725901,487,8.25900769996224e-08,ok,13783,13965,387,159.742588
brc201d.map,1447,144,329,336,132,99,576.41630554,576.4163056034278,506,6.342770575429313e-08,ok,10819,11075,257,129.595292
brc201d.map,1448,144,188,311,30,186,578.91378021,578.9137802864861,494,7.648611699551111e-08,ok,13754,14091,338,165.069243
brc201d.map,1449,144,280,371,151,23,577.90158691,577.9015869776663,505,6.766629212506814e-08,ok,10846,11092,247,139.980989
brc201d.map,1450,145,147,15,346,346,583.62950897,583.629509039024,507,6.90240540279774e-08,ok,14355,14696,375,175.804241
brc201d.map,1451,145,9,264,176,239,581.81327514,581.813275223098,494,8.309802979056258e-08,ok,11819,12158,364,137.289892
brc201d.map,1452,145,325,275,122,54,582.37467499,582.374675043085,519,5.308493200573139e-08,ok,11307,11495,214,133.244523
brc201d.map,1453,145,102,58,324,302,582.4335495,582.4335495461305,529,4.613048076862469e-08,ok,14027,14388,362,166.650534
brc201d.map,1454,145,312,314,91,55,581.84776306,581.8477631085036,528,4.8503579819225706e-08,ok,11187,11461,275,138.620361
brc201d.map,1455,145,120,140,304,311,581.17366485,581.1736649163079,512,6.630784810113255e-08,ok,15416,15742,330,190.478764
brc201d.map,1456,145,127,52,339,289,580.30360718,580.3036072312195,519,5.121955837239511e-08,ok,15100,15417,323,172.937335
brc201d.map,1457,145,10,234,160,262,581.02647857,581.0264786586944,487,8.869437806424685e-08,ok,12389,12708,345,141.100798
brc201d.map,1458,145,100,61,321,313,580.60512237,580.6051224213842,528,5.138417691341601e-08,ok,13730,14107,378,162.23122
brc201d.map,1459,145,313,297,97,49,582.23253937,582.232539419354,523,4.9353957365383394e-08,ok,11654,11873,247,141.250405
brc201d.map,1460,146,120,59,347,313,585.77669525,585.7766952966381,534,4.663809249905171e-08,ok,13730,14148,419,163.599524
brc201d.map,1461,146,83,63,307,297,587.74725799,587.7472580451152,531,5.511526524060173e-08,ok,14399,14666,322,208.695971
brc201d.map,1462,146,134,44,283,367,585.10259704,585.1025971044428,518,6.444281552830944e-08,ok,16378,16540,331,212.273277
brc201d.map,1463,146,113,122,317,322,585.97265472,585.9726547895314,511,6.953132469789125e-08,ok,15824,16145,356,194.559693
brc201d.map,1464,146,301,296,79,56,586.33304443,586.3330444827421,530,5.2742166190000717e-08,ok,11228,11508,281,176.571386
brc201d.map,1465,146,302,285,94,47,586.47518005,586.4751801064733,526,5.6473368204024155e-08,ok,11869,12152,284,160.596314
brc201d.map,1466,146,301,292,83,59,585.09040375,585.0904037956228,530,4.562286903819768e-08,ok,10762,11074,313,134.946304
brc201d.map,1467,146,197,312,26,180,585.98484802,585.9848480983517,499,7.835171800252283e-08,ok,13960,14282,323,199.312834
brc201d.map,1468,146,316,292,96,56,585.98989868,585.9898987322346,528,5.22345544595737e-08,ok,11127,11400,274,140.888219
brc201d.map,1469,146,137,61,346,350,585.20310211,585.2031021678313,521,5.7831243793771137e-08,ok,15214,15554,385,189.042601
brc201d.map,1470,147,333,292,121,107,589.41630554,589.4163056034279,519,6.342781944113085e-08,ok,11018,11280,263,134.705388
brc201d.map,1471,147,16,214,130,267,589.34018707,589.3401871576791,492,8.767915460339282e-08,ok,13697,13898,347,165.677123
brc201d.map,1472,147,76,90,289,314,589.71782074,589.7178207935924,528,5.359243004932068e-08,ok,13698,13992,295,192.438647
brc201d.map,1473,147,304,288,118,135,588.38686828,588.386868351905,513,7.190499218268087e-08,ok,11815,12133,319,226.498278
brc201d.map,1474,147,96,48,318,293,590.30360718,590.3036072312194,529,5.121944468555739e-08,ok,14718,14991,327,212.4195
brc201d.map,1475,147,36,184,211,311,588.05591583,588.0559159102171,499,8.02170916358591e-08,ok,14495,14697,357,175.398062
brc201d.map,1476,147,102,149,295,317,591.11479034,591.1147904132622,512,7.326218565140152e-08,ok,15685,15946,361,183.893784
brc201d.map,1477,147,235,307,57,184,591.05591583,591.0559159102173,502,8.021731900953455e-08,ok,13289,13622,334,160.406584
brc201d.map,1478,147,85,168,269,314,591.67113952,591.6711395993665,508,7.936648671602597e-08,ok,15337,15579,307,187.761701
brc201d.map,1479,147,348,332,135,96,588.34523773,588.3452377915622,520,6.156221843411913e-08,ok,10746,10991,246,139.386442
brc201d.map,1480,148,321,297,93,51,593.40411224,593.4041122946078,535,5.4607767197012436e-08,ok,11537,11760,254,139.708576
brc201d.map,1481,148,176,282,21,234,593.98484802,593.9848480983516,507,7.835160431568511e-08,ok,15308,15499,407,214.680805
brc201d.map,1482,148,23,231,146,276,594.09754638,594.09754647056,498,9.055997907125857e-08,ok,12624,12980,357,196.278738
brc201d.map,1483,148,21,223,133,267,593.8549057,593.8549057834406,499,8.344056823261781e-08,ok,13727,13900,384,155.025095
brc201d.map,1484,148,298,286,91,72,592.40411224,592.4041122946078,534,5.4607767197012436e-08,ok,12410,12633,278,146.246222
brc201d.map,1485,148,341,285,128,105,592.48737335,592.4873734152933,520,6.529330676130485e-08,ok,10890,11157,297,130.018464
brc201d.map,1486,148,241,303,60,180,594.05591583,594.0559159102173,505,8.021731900953455e-08,ok,13277,13586,320,158.568669
brc201d.map,1487,148,188,312,17,187,593.32799377,593.3279938488593,508,7.885921604611212e-08,ok,13857,14225,369,166.88242
brc201d.map,1488,148,297,320,75,80,592.37467499,592.3746750430848,529,5.308481831889367e-08,ok,12044,12368,325,149.681042
brc201d.map,1489,148,338,312,103,61,594.19090881,594.1909088590113,542,4.9011305236490443e-08,ok,11133,11362,236,196.20381
brc201d.map,1490,149,119,129,327,326,599.80108185,599.8010819142776,524,6.427762855309993e-08,ok,16129,16453,355,212.468687
brc201d.map,1491,149,97,47,326,288,599.78888855,599.788888605458,536,5.54580310563324e-08,ok,14956,15246,303,202.710685
brc201d.map,1492,149,41,197,218,311,596.02647857,596.0264786586943,502,8.869426437740913e-08,ok,14835,15036,330,259.383052
brc201d.map,1493,149,21,270,172,249,597.81327514,597.813275223098,510,8.309802979056258e-08,ok,12097,12383,359,169.233742
brc201d.map,1494,149,13,209,119,264,597.82546844,597.8254685319177,498,9.191774097416783e-08,ok,14134,14302,270,178.759499
brc201d.map,1495,149,117,124,293,349,598.87214966,598.8721497261431,521,6.614311587327393e-08,ok,17402,17490,353,217.921856
brc201d.map,1496,149,271,307,81,167,596.01428528,596.0142853498746,514,6.987465894781053e-08,ok,12863,13163,363,174.266537
brc201d.map,1497,149,243,308,57,180,596.98484802,596.9848480983519,510,7.835194537619827e-08,ok,13344,13650,346,200.481388
brc201d.map,1498,149,39,188,221,308,596.29855652,596.2985565973364,506,7.733638085483108e-08,ok,15019,15179,340,204.770945
brc201d.map,1499,149,319,330,115,132,598.11479034,598.114790413263,519,7.326298145926557e-08,ok,11421,11728,308,142.144974
brc201d.map,1500,150,91,71,323,322,603.23253937,603.2325394193539,544,4.935384367854567e-08,ok,14211,14548,338,173.014433
brc201d.map,1501,150,16,279,166,241,600.05591583,600.0559159102174,511,8.021743269637227e-08,ok,11451,11827,377,142.727078
brc201d.map,1502,150,90,55,328,292,603.8183258,603.8183258569808,545,5.698075256077573e-08,ok,14869,15160,304,172.852569
brc201d.map,1503,150,46,182,234,307,600.22748871,600.2274887854709,512,7.547089353465708e-08,ok,15322,15511,308,179.072252
brc201d.map,1504,150,88,50,324,326,603.88939361,603.8893936688463,543,5.8846353567787446e-08,ok,14285,14619,387,171.861121
brc201d.map,1505,150,17,306,184,223,601.18585815,601.1858582251285,520,7.51285824662773e-08,ok,11233,11576,395,139.366457
brc201d.map,1506,150,328,336,97,53,603.54624786,603.5462479183387,541,5.833874183736043e-08,ok,11425,11641,241,142.321721
brc201d.map,1507,150,282,306,90,170,602.01428528,602.0142853498746,520,6.987465894781053e-08,ok,12543,12898,356,150.856362
brc201d.map,1508,150,50,187,238,307,602.29855652,602.2985565973363,512,7.733626716799336e-08,ok,15380,15557,284,182.455135
brc201d.map,1509,150,24,224,128,270,600.92597351,600.9259735953061,504,8.530616923962953e-08,ok,13622,13843,354,203.272734
brc201d.map,1510,151,115,142,324,317,607.73001404,607.730014102412,534,6.241202754608821e-08,ok,15626,15982,357,189.316007
brc201d.map,1511,151,342,274,122,106,604.45793609,604.4579361637705,527,7.377047950285487e-08,ok,11007,11267,262,144.784547
brc201d.map,1512,151,100,48,341,313,604.33304443,604.3330444827421,548,5.2742166190000717e-08,ok,13725,14124,400,163.012665
brc201d.map,1513,151,138,276,17,236,606.16861419,606.1686142824252,508,9.242523901775712e-08,ok,15095,15335,462,177.17316
brc201d.map,1514,151,86,89,303,317,605.1320343,605.1320343559655,543,5.5965529099921696e-08,ok,13696,14037,342,162.535848
brc201d.map,1515,151,21,204,205,308,605.8549057,605.8549057834405,511,8.344045454578009e-08,ok,14264,14455,391,253.450638
brc201d.map,1516,151,322,319,116,141,605.1442276,605.1442276647858,531,6.478580871771555e-08,ok,12050,12341,292,169.31767
brc201d.map,1517,151,16,291,169,237,606.81327514,606.8132752230982,519,8.309825716423802e-08,ok,11364,11733,370,140.032876
brc201d.map,1518,151,21,294,174,235,606.98484802,606.9848480983519,520,7.835194537619827e-08,ok,11475,11825,371,216.952483
brc201d.map,1519,151,165,268,11,255,605.5411972,605.5411972844556,514,8.44555643197964e-08,ok,15538,15780,346,192.654623
brc201d.map,1520,152,337,293,95,49,609.88939361,609.8893936688464,549,5.884646725462517e-08,ok,11664,11887,251,146.642936
brc201d.map,1521,152,117,144,325,301,609.90158691,609.9015869776658,537,6.766583737771725e-08,ok,15941,16276,359,196.85147
brc201d.map,1522,152,270,310,71,180,610.57063446,610.5706345359788,524,7.597884632559726e-08,ok,12934,13289,388,161.602066
brc201d.map,1523,152,106,161,308,309,611.1442276,611.1442276647851,537,6.478512659668922e-08,ok,15337,15667,375,183.369558
brc201d.map,1524,152,116,131,326,335,608.11479034,608.1147904132624,529,7.326241302507697e-08,ok,16685,16956,355,201.840604
brc201d.map,1525,152,61,178,258,305,608.39906158,608.3990616607246,521,8.07245896794484e-08,ok,15517,15716,309,186.57735
brc201d.map,1526,152,73,61,321,304,608.01933594,608.0193359837573,555,4.375726803118596e-08,ok,13904,14222,319,169.504223
brc201d.map,1527,152,17,231,127,266,609.34018707,609.3401871576793,512,8.767938197706826e-08,ok,13874,14049,292,158.942768
brc201d.map,1528,152,78,169,278,316,608.91378021,608.9137802864858,524,7.648577593499795e-08,ok,15492,15756,326,182.489441
brc201d.map,1529,152,14,306,170,216,608.25692596,608.2569260369941,525,7.699406978645129e-08,ok,11425,11670,262,136.278282
brc201d.map,1530,153,116,124,342,287,613.11479034,613.1147904132624,534,7.326241302507697e-08,ok,16873,17171,340,200.807172
brc201d.map,1531,153,91,68,337,325,614.06096649,614.0609665441001,554,5.41000417797477e-08,ok,14430,14789,412,183.973355
brc201d.map,1532,153,73,79,314,294,612.61731567,612.6173157302042,548,6.02041154706967e-08,ok,14627,14890,313,204.595567
brc201d.map,1533,153,83,179,284,310,615.08535309,615.0853531617396,531,7.173957783379592e-08,ok,15314,15588,331,190.801664
brc201d.map,1534,153,52,183,251,305,612.47012939,612.4701294725901,523,8.25900769996224e-08,ok,15510,15695,291,187.689748
brc201d.map,1535,153,21,278,166,253,612.29855652,612.2985565973368,522,7.733672191534424e-08,ok,12156,12489,334,142.180983
brc201d.map,1536,153,25,278,160,251,615.02647857,615.0264786586946,521,8.869460543792229e-08,ok,11788,12170,383,138.914038
brc201d.map,1537,153,305,291,69,85,612.51681061,612.516810666816,545,5.6816020332917105e-08,ok,12288,12646,359,155.898101
brc201d.map,1538,153,22,192,219,315,615.02647857,615.0264786586944,521,8.869437806424685e-08,ok,14817,15039,329,186.619968
brc201d.map,1539,153,95,55,344,320,612.33304443,612.3330444827421,556,5.2742166190000717e-08,ok,14013,14422,412,231.914337
brc201d.map,1540,154,153,263,14,268,617.8549057,617.8549057834404,523,8.344034085894236e-08,ok,15637,15915,312,203.319745
brc201d.map,1541,154,338,320,121,141,619.48737335,619.4873734152934,547,6.529342044814257e-08,ok,12200,12437,253,182.330844
brc201d.map,1542,154,309,317,103,163,618.70057678,618.70057685089,540,7.088999609550228e-08,ok,12557,12824,268,167.329667
brc201d.map,1543,154,327,333,110,138,616.60007171,616.6000717875016,535,7.750168151687831e-08,ok,11733,12062,330,159.030398
brc201d.map,1544,154,18,215,193,316,616.44069214,616.4406922210674,522,8.106735549517907e-08,ok,13795,14013,401,172.858349
brc201d.map,1545,154,90,49,327,274,617.4457428,617.4457428549505,552,5.495053301274311e-08,ok,15920,16190,291,191.739385
brc201d.map,1546,154,283,361,113,123,616.25692596,616.256926036994,533,7.699395609961357e-08,ok,10885,11217,333,200.400538
brc201d.map,1547,154,90,58,341,335,619.30360718,619.3036072312195,558,5.121955837239511e-08,ok,14632,15002,371,243.798519
brc201d.map,1548,154,18,285,158,251,619.36962433,619.3696244092023,527,7.920232292235596e-08,ok,11665,12058,394,160.450127
brc201d.map,1549,154,18,191,219,311,616.95541076,616.9554108468288,525,8.682889074407285e-08,ok,14879,15067,328,206.417612
brc201d.map,1550,155,121,266,14,238,623.58282776,623.5828278447984,525,8.479844382236479e-08,ok,15094,15338,458,221.637806
brc201d.map,1551,155,123,132,343,331,620.87214966,620.8721497261431,543,6.614311587327393e-08,ok,16481,16832,374,288.872743
brc201d.map,1552,155,247,302,39,183,622.71277008,622.7127701597097,532,7.970970727910753e-08,ok,13670,13991,322,165.244853
brc201d.map,1553,155,19,271,167,271,622.05591583,622.0559159102173,533,8.021731900953455e-08,ok,12315,12627,317,142.628975
brc201d.map,1554,155,339,334,119,134,620.11479034,620.114790413263,541,7.326298145926557e-08,ok,11814,12129,316,143.329981
brc201d.map,1555,155,339,313,79,62,620.01933594,620.0193359837575,567,4.37574954048614e-08,ok,11217,11492,276,141.759148
brc201d.map,1556,155,14,222,199,308,620.75440063,620.7544007200523,523,9.005236734083155e-08,ok,13876,14070,407,226.983729
brc201d.map,1557,155,111,148,326,325,620.70057678,620.7005768508893,542,7.088931397447595e-08,ok,16140,16451,388,216.502757
brc201d.map,1558,155,323,312,104,156,623.21529541,623.2152954766515,547,6.6651523411565e-08,ok,12387,12699,313,155.040018
brc201d.map,1559,155,71,170,285,306,621.67113952,621.6711395993666,538,7.93666004028637e-08,ok,15499,15762,307,191.454924
brc201d.map,1560,156,118,135,345,332,626.70057678,626.7005768508893,548,7.088931397447595e-08,ok,16535,16892,368,264.632651
brc201d.map,1561,156,95,171,305,297,627.67113952,627.6711395993665,544,7.936648671602597e-08,ok,16210,16438,349,206.004225
brc201d.map,1562,156,93,61,351,285,625.88939361,625.8893936688464,565,5.884646725462517e-08,ok,15464,15795,332,188.808889
brc201d.map,1563,156,339,288,89,74,624.96046142,624.9604614807118,562,6.071184088796144e-08,ok,12331,12573,243,150.678381
brc201d.map,1564,156,156,262,24,277,625.68333282,625.6833329081866,530,8.818653896014439e-08,ok,16372,16578,298,190.940852
brc201d.map,1565,156,274,315,60,178,626.22748871,626.2274887854712,538,7.547123459517024e-08,ok,13280,13581,347,158.853226
brc201d.map,1566,156,264,311,50,182,626.22748871,626.2274887854712,538,7.547123459517024e-08,ok,13504,13812,325,159.610918
brc201d.map,1567,156,292,355,79,73,625.85995636,625.8599564173236,560,5.732363206334412e-08,ok,11832,12122,291,143.459535
brc201d.map,1568,156,10,247,131,271,624.65389557,624.6538956566642,524,8.666415851621423e-08,ok,13558,13770,397,165.302369
brc201d.map,1569,156,283,308,66,176,626.32799377,626.3279938488595,541,7.885944341978757e-08,ok,13140,13439,314,158.970724
brc201d.map,1570,157,321,294,67,86,628.51681061,628.5168106668161,561,5.681613401975483e-08,ok,12347,12713,367,151.205569
brc201d.map,1571,157,115,131,280,370,631.91378021,631.9137802864859,547,7.648588962183567e-08,ok,17616,17736,330,226.81746
brc201d.map,1572,157,111,144,337,329,629.35743103,629.3574311003817,549,7.038170224404894e-08,ok,16349,16685,359,211.083048
brc201d.map,1573,157,109,126,279,369,631.1564209,631.1564209736052,545,7.360529252764536e-08,ok,17608,17737,340,252.700395
brc201d.map,1574,157,210,309,23,220,628.09754638,628.09754647056,532,9.055997907125857e-08,ok,15200,15368,359,192.292042
brc201d.map,1575,157,336,296,75,72,628.88939361,628.8893936688464,568,5.884646725462517e-08,ok,11827,12124,298,142.505464
brc201d.map,1576,157,165,269,23,277,628.5411972,628.5411972844556,537,8.44555643197964e-08,ok,16315,16524,292,222.384398
brc201d.map,1577,157,99,162,319,301,629.35743103,629.3574311003816,549,7.038158855721122e-08,ok,16015,16335,344,208.738066
brc201d.map,1578,157,340,275,85,52,629.10259704,629.1025971044428,562,6.444281552830944e-08,ok,11479,11717,270,153.907455
brc201d.map,1579,157,311,324,101,168,629.42849884,629.4284989122478,547,7.224787168524927e-08,ok,12648,12915,285,176.364637
brc201d.map,1580,158,14,275,149,273,635.92597351,635.9259735953063,539,8.530639661330497e-08,ok,12614,12960,349,176.656528
brc201d.map,1581,158,125,266,8,248,632.06810913,632.0681092190371,531,8.90370301931398e-08,ok,15458,15715,472,194.774473
brc201d.map,1582,158,70,90,331,318,635.85995636,635.8599564173234,570,5.732340468966868e-08,ok,13943,14333,391,180.184851
brc201d.map,1583,158,104,151,326,278,635.74220733,635.742207411232,550,8.123197403619997e-08,ok,17094,17319,332,203.568038
brc201d.map,1584,158,26,295,173,257,632.47012939,632.4701294725905,543,8.259053174697328e-08,ok,12092,12380,299,140.677907
brc201d.map,1585,158,196,307,19,239,632.26911926,632.2691193458137,537,8.581366728321882e-08,ok,15273,15486,411,186.894584
brc201d.map,1586,158,214,314,15,219,634.82546844,634.825468531918,535,9.191796834784327e-08,ok,14977,15170,375,185.409166
brc201d.map,1587,158,126,267,15,255,634.75440063,634.7544007200522,537,9.005225365399383e-08,ok,15425,15674,315,205.265818
brc201d.map,1588,158,331,336,110,151,633.67113952,633.671139599367,550,7.936705515021458e-08,ok,12319,12597,280,174.622064
brc201d.map,1589,158,14,234,195,312,633.92597351,633.9259735953062,537,8.530628292646725e-08,ok,13784,14008,390,160.61208
brc201d.map,1590,159,333,279,105,152,639.98484802,639.9848480983519,553,7.835194537619827e-08,ok,12228,12557,330,147.255718
brc201d.map,1591,159,348,329,118,144,637.45793609,637.4579361637707,560,7.377070687653031e-08,ok,12209,12452,253,157.39262
brc201d.map,1592,159,58,176,288,309,638.91378021,638.9137802864859,554,7.648588962183567e-08,ok,15317,15607,327,230.440245
brc201d.map,1593,159,283,306,56,182,639.64170227,639.6417023478443,551,7.784433364577126e-08,ok,13352,13666,348,191.938816
brc201d.map,1594,159,295,302,74,180,637.39906158,637.3990616607251,550,8.072515811363701e-08,ok,13173,13494,395,168.774718
brc201d.map,1595,159,202,308,20,239,638.26911926,638.2691193458138,543,8.581378097005654e-08,ok,15294,15503,407,268.50236
brc201d.map,1596,159,304,309,82,180,636.08535309,636.0853531617404,552,7.174037364165997e-08,ok,12718,13070,353,163.040467
brc201d.map,1597,159,114,139,345,273,637.74220733,637.7422074112321,552,8.12320877230377e-08,ok,16960,17284,325,211.449424
brc201d.map,1598,159,346,277,83,67,636.68838348,636.6883835420697,570,6.206971647770843e-08,ok,11545,11819,275,141.444853
brc201d.map,1599,159,76,69,346,325,637.88939361,637.8893936688463,577,5.8846353567787446e-08,ok,14538,14915,378,201.77709
brc201d.map,1600,160,82,179,299,292,641.22748871,641.2274887854707,553,7.547066616098164e-08,ok,16740,16915,324,224.626246
brc201d.map,1601,160,40,180,271,308,642.81327514,642.8132752230978,555,8.309780241688713e-08,ok,15367,15605,338,174.310229
brc201d.map,1602,160,339,277,77,83,643.48737335,643.4873734152932,571,6.529319307446713e-08,ok,12359,12681,323,159.682023
brc201d.map,1603,160,327,314,98,167,641.5290039,641.5290039756363,562,7.563630788354203e-08,ok,12633,12915,283,151.681103
brc201d.map,1604,160,46,192,271,305,642.19805145,642.198051533948,549,8.39480662762071e-08,ok,15530,15751,331,231.371381
brc201d.map,1605,160,348,352,87,66,641.75945129,641.7594513539352,573,6.393520379788242e-08,ok,11476,11747,272,143.590509
brc201d.map,1606,160,74,94,330,330,642.17366485,642.1736649163083,573,6.630830284848344e-08,ok,14386,14736,363,179.920222
brc201d.map,1607,160,13,301,174,264,642.98484802,642.9848480983519,556,7.835194537619827e-08,ok,12069,12383,315,156.198366
brc201d.map,1608,160,84,69,278,371,641.58787842,641.5878784786815,572,5.86815076530911e-08,ok,16785,16954,307,222.50514
brc201d.map,1609,160,165,285,21,274,640.71277008,640.7127701597095,550,7.970947990543209e-08,ok,16152,16361,304,258.000376
brc201d.map,1610,161,16,231,215,313,646.99704132,646.9970414071718,548,8.717177024664124e-08,ok,14654,14871,340,168.056722
brc201d.map,1611,161,332,319,96,163,645.42849884,645.4284989122481,563,7.224809905892471e-08,ok,12436,12781,346,147.762187
brc201d.map,1612,161,254,302,24,184,645.12698364,645.1269837220829,554,8.208280632970855e-08,ok,13787,14139,353,162.01788
brc201d.map,1613,161,154,250,13,309,646.44069214,646.4406922210673,552,8.106724180834135e-08,ok,15979,16288,310,176.293808
brc201d.map,1614,161,230,308,22,219,647.09754638,647.0975464705601,551,9.056009275809629e-08,ok,15136,15299,360,188.370742
brc201d.map,1615,161,341,317,85,92,644.54624786,644.546247918339,582,5.8338969211035874e-08,ok,14657,14873,242,200.108676
brc201d.map,1616,161,321,312,92,177,647.18585815,647.1858582251288,566,7.512880983995274e-08,ok,12832,13122,291,176.912689
brc201d.map,1617,161,87,173,319,317,645.32799377,645.3279938488589,560,7.885887498559896e-08,ok,15720,16054,339,196.055864
brc201d.map,1618,161,21,307,171,259,645.22748871,645.2274887854713,557,7.547134828200797e-08,ok,12145,12437,313,141.549474
brc201d.map,1619,161,314,318,79,173,646.39906158,646.3990616607252,559,8.072527180047473e-08,ok,12639,12999,394,152.088183
brc201d.map,1620,162,118,266,12,260,649.41125488,649.4112549695446,550,8.954464192356681e-08,ok,15555,15808,316,221.946588
brc201d.map,1621,162,103,167,340,311,651.21529541,651.2152954766507,575,6.665072760370094e-08,ok,15452,15850,399,194.489804
brc201d.map,1622,162,342,341,99,149,649.88434295,649.8843430349636,560,8.49636307975743e-08,ok,11763,12114,352,143.428187
brc201d.map,1623,162,77,90,328,269,649.8305191,649.8305191658008,579,6.580080480489414e-08,ok,16310,16533,307,202.062303
brc201d.map,1624,162,100,164,329,281,649.22748871,649.2274887854707,561,7.547066616098164e-08,ok,16635,16907,350,189.787008
brc201d.map,1625,162,301,327,72,181,650.95541076,650.9554108468293,559,8.682934549142374e-08,ok,13105,13447,394,156.713036
brc201d.map,1626,162,109,159,337,338,650.08535309,650.0853531617397,566,7.173969152063364e-08,ok,16675,16970,357,195.45089
brc201d.map,1627,162,342,279,106,153,649.57063446,649.5706345359788,563,7.597884632559726e-08,ok,12313,12630,318,151.480785
brc201d.map,1628,162,84,92,343,323,648.61731567,648.6173157302042,584,6.02041154706967e-08,ok,14373,14752,380,169.337673
brc201d.map,1629,162,70,179,307,318,650.88434295,650.8843430349631,561,8.496306236338569e-08,ok,15750,16060,332,187.84585
brc201d.map,1630,163,78,171,322,299,654.98484802,654.9848480983513,568,7.835137694200967e-08,ok,16224,16515,338,194.024529
brc201d.map,1631,163,254,304,16,185,652.71277008,652.7127701597097,562,7.970970727910753e-08,ok,13862,14239,378,166.520758
brc201d.map,1632,163,103,164,341,299,652.5290039,652.5290039756354,573,7.563539838884026e-08,ok,16338,16667,338,192.992729
brc201d.map,1633,163,193,314,12,253,654.92597351,654.9259735953062,558,8.530628292646725e-08,ok,15471,15709,326,182.806279
brc201d.map,1634,163,319,291,90,178,653.22748871,653.2274887854713,565,7.547134828200797e-08,ok,12839,13130,295,157.49383
brc201d.map,1635,163,79,179,318,315,652.81327514,652.8132752230975,565,8.309757504321169e-08,ok,15500,15841,346,207.846738
brc201d.map,1636,163,335,268,86,87,653.48737335,653.4873734152932,581,6.529319307446713e-08,ok,14826,15043,271,190.322435
brc201d.map,1637,163,267,306,33,201,655.09754638,655.0975464705602,559,9.056020644493401e-08,ok,13870,14207,373,167.9062
brc201d.map,1638,163,234,307,20,221,653.51175995,653.5117600329332,557,8.293318387586623e-08,ok,15072,15249,372,245.168816
brc201d.map,1639,163,343,305,94,164,655.77164459,655.7716446627556,575,7.2755597102514e-08,ok,12389,12747,359,169.779984
brc201d.map,1640,164,20,216,244,312,658.92597351,658.9259735953061,562,8.530616923962953e-08,ok,15288,15480,256,197.680258
brc201d.map,1641,164,18,271,190,301,657.02647857,657.0264786586946,563,8.869460543792229e-08,ok,13566,13763,379,167.307714
brc201d.map,1642,164,317,327,76,173,656.12698364,656.1269837220831,565,8.208303370338399e-08,ok,12839,13161,373,222.575885
brc201d.map,1643,164,348,316,104,165,658.87214966,658.8721497261439,581,6.614391168113798e-08,ok,12587,12856,270,221.886653
brc201d.map,1644,164,18,289,167,288,656.64170227,656.6417023478444,568,7.784444733260898e-08,ok,12339,12671,344,157.254929
brc201d.map,1645,164,348,274,97,151,659.95541076,659.9554108468292,568,8.682923180458602e-08,ok,11767,12124,358,160.97306
brc201d.map,1646,164,321,315,79,182,658.81327514,658.8132752230985,571,8.309848453791346e-08,ok,12693,13064,372,150.822461
brc201d.map,1647,164,169,285,16,294,657.81327514,657.8132752230978,570,8.309780241688713e-08,ok,15826,16121,298,182.362986
brc201d.map,1648,164,96,173,294,351,656.39906158,656.3990616607246,569,8.07245896794484e-08,ok,17268,17385,291,220.024452
brc201d.map,1649,164,23,224,234,309,656.09754638,656.0975464705599,560,9.055986538442085e-08,ok,15171,15385,314,194.300095
brc201d.map,1650,165,94,169,337,333,663.05591583,663.0559159102169,574,8.021686426218366e-08,ok,16428,16771,345,199.416763
brc201d.map,1651,165,267,310,18,187,662.88434295,662.8843430349636,573,8.49636307975743e-08,ok,13848,14212,365,169.275267
brc201d.map,1652,165,280,306,33,177,660.88434295,660.8843430349636,571,8.49636307975743e-08,ok,14338,14594,295,194.828373
brc201d.map,1653,165,333,305,87,179,663.67113952,663.6711395993674,580,7.936739621072775e-08,ok,12844,13149,307,209.118192
brc201d.map,1654,165,18,277,121,267,661.34018707,661.3401871576796,564,8.76796093507437e-08,ok,13842,14063,281,168.675958
brc201d.map,1655,165,341,306,87,166,660.01428528,660.014285349875,578,6.98750000083237e-08,ok,12550,12894,397,162.515141
brc201d.map,1656,165,254,306,14,203,661.34018707,661.3401871576796,564,8.76796093507437e-08,ok,14197,14575,379,165.546744
brc201d.map,1657,165,301,312,52,182,661.64170227,661.6417023478444,573,7.784444733260898e-08,ok,13469,13783,338,164.102109
brc201d.map,1658,165,59,173,304,328,661.12698364,661.1269837220825,570,8.208246526919538e-08,ok,15955,16199,299,191.799985
brc201d.map,1659,165,214,316,12,244,661.89653625,661.8965363437835,560,9.378345566801727e-08,ok,15375,15600,421,219.846795
brc201d.map,1660,166,64,184,299,283,667.36962433,667.3696244092017,575,7.920175448816735e-08,ok,17141,17255,321,208.328843
brc201d.map,1661,166,23,290,133,275,666.06810913,666.0681092190375,565,8.903748494049069e-08,ok,13243,13500,410,187.805481
brc201d.map,1662,166,96,160,342,344,664.5411972,664.5411972844555,573,8.445545063295867e-08,ok,16842,17151,371,220.52906
brc201d.map,1663,166,297,311,44,185,666.47012939,666.4701294725907,577,8.2590645433811e-08,ok,13628,13943,316,169.437513
brc201d.map,1664,166,76,180,319,288,666.61226501,666.612265096321,573,8.632105163997039e-08,ok,16708,16939,321,197.727981
brc201d.map,1665,166,91,170,336,285,664.29855652,664.2985565973362,574,7.733615348115563e-08,ok,16815,17093,366,208.451533
brc201d.map,1666,166,21,226,244,310,667.68333282,667.6833329081869,572,8.818688002065755e-08,ok,15273,15479,260,187.398033
brc201d.map,1667,166,292,313,42,186,664.71277008,664.7127701597099,574,7.970982096594526e-08,ok,13642,13963,322,209.506853
brc201d.map,1668,166,303,309,46,181,667.98484802,667.9848480983521,581,7.835217274987372e-08,ok,13562,13860,313,195.808796
brc201d.map,1669,166,19,310,172,277,664.98484802,664.984848098352,578,7.8352059063036e-08,ok,12146,12469,324,150.144693
brc201d.map,1670,167,299,333,56,174,669.12698364,669.1269837220831,578,8.208303370338399e-08,ok,13374,13668,327,163.559546
brc201d.map,1671,167,329,304,70,174,669.1564209,669.156420973606,583,7.360608833550941e-08,ok,13062,13359,337,161.358004
brc201d.map,1672,167,330,277,88,174,668.02647857,668.0264786586947,574,8.869471912476001e-08,ok,12671,13004,334,167.717425
brc201d.map,1673,167,297,281,61,174,669.05591583,669.0559159102177,580,8.021766007004771e-08,ok,13267,13564,345,168.248977
brc201d.map,1674,167,9,258,202,316,668.06810913,668.0681092190373,567,8.903725756681524e-08,ok,13881,14122,396,225.042621
brc201d.map,1675,167,278,310,25,197,671.02647857,671.0264786586947,577,8.869471912476001e-08,ok,13976,14332,357,212.364342
brc201d.map,1676,167,302,287,60,184,668.61226501,668.6122650963217,575,8.632173376099672e-08,ok,13175,13508,335,158.442142
brc201d.map,1677,167,322,325,67,172,668.88434295,668.8843430349638,579,8.496374448441202e-08,ok,13170,13456,347,163.298019
brc201d.map,1678,167,14,258,208,315,668.65389557,668.6538956566643,568,8.666427220305195e-08,ok,14137,14348,375,163.915594
brc201d.map,1679,167,13,305,158,282,671.61226501,671.6122650963217,578,8.632173376099672e-08,ok,12695,13033,339,147.621254
brc201d.map,1680,168,40,190,299,313,675.36962433,675.369624409202,583,7.92019818618428e-08,ok,15530,15817,338,181.533857
brc201d.map,1681,168,84,178,344,310,673.67113952,673.6711395993665,590,7.936648671602597e-08,ok,15381,15775,395,190.110454
brc201d.map,1682,168,332,277,84,179,675.51175995,675.5117600329334,579,8.293329756270396e-08,ok,12741,13078,338,192.367437
brc201d.map,1683,168,343,319,85,177,674.98484802,674.9848480983522,588,7.835228643671144e-08,ok,12703,13043,341,165.335916
brc201d.map,1684,168,63,176,323,298,673.47012939,673.4701294725901,584,8.25900769996224e-08,ok,16247,16540,326,197.634935
brc201d.map,1685,168,299,332,54,187,675.51175995,675.5117600329335,579,8.293341124954168e-08,ok,13319,13665,352,162.162158
brc201d.map,1686,168,52,186,310,313,672.71277008,672.7127701597094,582,7.970936621859437e-08,ok,15567,15883,338,181.443474
brc201d.map,1687,168,154,280,24,306,673.51175995,673.5117600329328,577,8.293272912851535e-08,ok,16558,16838,286,190.543709
brc201d.map,1688,168,226,317,16,244,672.65389557,672.6538956566642,572,8.666415851621423e-08,ok,15304,15533,395,189.279924
brc201d.map,1689,168,327,295,70,182,675.36962433,675.3696244092025,583,7.92025502960314e-08,ok,13015,13371,393,163.522463
brc201d.map,1690,169,72,174,329,280,677.09754638,677.0975464705597,581,9.05596380107454e-08,ok,16625,16899,343,214.311423
brc201d.map,1691,169,290,358,81,179,677.26911926,677.2691193458141,582,8.58141220305697e-08,ok,12605,12986,382,216.726334
brc201d.map,1692,169,18,291,118,266,678.75440063,678.7544007200528,581,9.005282208818244e-08,ok,14005,14194,273,172.932602
brc201d.map,1693,169,22,299,130,273,676.82546844,676.8254685319182,577,9.191819572151871e-08,ok,13396,13642,398,160.027377
brc201d.map,1694,169,332,287,72,172,676.36962433,676.3696244092024,584,7.920243660919368e-08,ok,13036,13325,336,162.147395
brc201d.map,1695,169,70,177,331,287,679.44069214,679.4406922210673,585,8.106724180834135e-08,ok,16703,16978,307,202.410252
brc201d.map,1696,169,73,172,289,357,679.44069214,679.4406922210674,585,8.106735549517907e-08,ok,17421,17526,351,200.691418
brc201d.map,1697,169,14,255,219,314,676.239682,676.2396820942912,576,9.4291181085282e-08,ok,14826,15042,329,195.920748
brc201d.map,1698,169,78,181,341,316,678.64170227,678.6417023478438,590,7.784376521158265e-08,ok,15693,16083,395,184.893402
brc201d.map,1699,169,300,341,60,183,676.44069214,676.440692221068,582,8.10680376162054e-08,ok,13204,13543,340,209.890509
brc201d.map,1700,170,241,310,12,238,680.41125488,680.4112549695451,581,8.95450966709177e-08,ok,15279,15496,386,190.694354
brc201d.map,1701,170,14,244,236,310,680.58282776,680.5828278447987,582,8.479867119604023e-08,ok,15194,15412,305,194.133021
brc201d.map,1702,170,9,232,248,311,683.06810913,683.0681092190372,582,8.903714387997752e-08,ok,15285,15490,253,200.978232
brc201d.map,1703,170,338,273,81,177,682.41125488,682.4112549695451,583,8.95450966709177e-08,ok,12459,12855,397,237.237251
brc201d.map,1704,170,73,174,343,321,683.05591583,683.0559159102169,594,8.021686426218366e-08,ok,16215,16567,357,228.64272
brc201d.map,1705,170,231,307,8,247,681.48232269,681.4823227814105,580,9.141047030425398e-08,ok,15516,15758,396,191.988764
brc201d.map,1706,170,338,279,78,174,680.51175995,680.5117600329334,584,8.293329756270396e-08,ok,12644,13008,393,166.274544
brc201d.map,1707,170,63,171,330,292,680.88434295,680.8843430349632,591,8.496317605022341e-08,ok,16562,16834,319,218.466865
brc201d.map,1708,170,297,354,67,176,680.78383789,680.7838379715755,588,8.15755356597947e-08,ok,13123,13425,331,185.233386
brc201d.map,1709,170,13,254,226,310,680.99704132,680.9970414071718,582,8.717177024664124e-08,ok,15011,15209,341,177.981972
brc201d.map,1710,171,325,325,59,182,684.02647857,684.0264786586949,590,8.869494649843546e-08,ok,13259,13577,347,169.360657
brc201d.map,1711,171,15,308,130,266,684.16861419,684.1686142824259,586,9.242592113878345e-08,ok,13831,13998,332,190.861407
brc201d.map,1712,171,308,296,41,186,685.44069214,685.4406922210679,591,8.106792392936768e-08,ok,13673,13988,320,178.417432
brc201d.map,1713,171,303,321,39,191,684.09754638,684.0975464705604,588,9.056032013177173e-08,ok,13732,14065,351,162.793916
brc201d.map,1714,171,297,306,29,199,687.68333282,687.6833329081873,592,8.818722108117072e-08,ok,13883,14236,354,163.692154
brc201d.map,1715,171,32,187,301,301,685.78383789,685.783837971575,593,8.157508091244381e-08,ok,15943,16227,308,185.62758
brc201d.map,1716,171,263,312,14,222,686.41125488,686.4112549695451,587,8.95450966709177e-08,ok,15040,15220,377,180.663944
brc201d.map,1717,171,308,327,40,182,686.8549057,686.854905783441,592,8.344102297996869e-08,ok,13652,13967,317,163.742743
brc201d.map,1718,171,201,307,13,286,686.75440063,686.7544007200524,589,9.005248102766927e-08,ok,15851,16142,302,219.487406
brc201d.map,1719,171,307,326,39,185,687.68333282,687.6833329081873,592,8.818722108117072e-08,ok,13685,14007,324,168.315977
brc201d.map,1720,172,18,302,189,302,688.61226501,688.6122650963217,595,8.632173376099672e-08,ok,13563,13762,384,203.508408
brc201d.map,1721,172,70,175,333,272,689.16861419,689.1686142824252,591,9.242523901775712e-08,ok,17035,17292,349,200.264134
brc201d.map,1722,172,20,221,270,313,690.34018707,690.3401871576792,593,8.767926829023054e-08,ok,15342,15575,318,180.626469
brc201d.map,1723,172,64,183,334,331,690.92597351,690.9259735953059,594,8.530594186595408e-08,ok,16354,16687,348,191.997084
brc201d.map,1724,172,86,173,348,348,688.16861419,688.1686142824252,590,9.242523901775712e-08,ok,16546,16884,358,199.196186
brc201d.map,1725,172,42,183,313,294,689.02647857,689.0264786586944,595,8.869437806424685e-08,ok,16339,16577,332,199.066048
brc201d.map,1726,172,17,227,264,313,691.58282776,691.5828278447985,593,8.479855750920251e-08,ok,15336,15557,336,210.651715
brc201d.map,1727,172,228,315,15,261,691.239682,691.2396820942911,591,9.429106739844428e-08,ok,15513,15776,296,189.385574
brc201d.map,1728,172,284,311,14,195,688.19805145,688.1980515339485,595,8.394852102355799e-08,ok,14132,14515,384,161.438541
brc201d.map,1729,172,260,311,11,227,689.239682,689.2396820942913,589,9.429129477211973e-08,ok,15119,15315,363,176.124615
brc201d.map,1730,173,345,299,66,181,694.12698364,694.1269837220833,603,8.208326107705943e-08,ok,13015,13355,380,152.271948
brc201d.map,1731,173,14,198,289,306,694.26911926,694.2691193458136,599,8.58135535963811e-08,ok,15503,15774,323,182.052522
brc201d.map,1732,173,335,315,55,184,694.71277008,694.7127701597102,604,7.971016202645842e-08,ok,13360,13688,347,159.587374
brc201d.map,1733,173,295,317,24,201,694.16861419,694.1686142824258,596,9.242580745194573e-08,ok,14179,14500,359,165.8371
brc201d.map,1734,173,38,186,313,327,695.51175995,695.511760032933,599,8.293295650219079e-08,ok,16007,16293,339,192.031194
brc201d.map,1735,173,15,207,285,310,692.16861419,692.1686142824253,594,9.242535270459484e-08,ok,15314,15601,307,182.81905
brc201d.map,1736,173,70,182,345,292,694.61226501,694.612265096321,601,8.632105163997039e-08,ok,16786,17088,356,239.057714
brc201d.map,1737,173,21,217,278,308,692.68333282,692.6833329081868,597,8.818676633381983e-08,ok,15374,15626,338,223.223571
brc201d.map,1738,173,21,181,302,304,694.05591583,694.0559159102172,605,8.021720532269683e-08,ok,15696,15948,335,209.155804
brc201d.map,1739,173,338,305,54,179,695.81327514,695.8132752230985,608,8.309848453791346e-08,ok,13436,13738,332,184.450637
brc201d.map,1740,174,303,326,31,201,698.31074981,698.310749906157,596,9.615700946596917e-08,ok,13777,14144,368,170.34373
brc201d.map,1741,174,60,177,284,359,699.75440063,699.7544007200522,602,9.005225365399383e-08,ok,17499,17605,334,229.856989
brc201d.map,1742,174,67,173,342,274,697.16861419,697.1686142824253,599,9.242535270459484e-08,ok,16885,17200,355,207.703751
brc201d.map,1743,174,348,310,61,176,696.32799377,696.3279938488599,611,7.885989816713845e-08,ok,13264,13555,408,166.406393
brc201d.map,1744,174,213,310,17,286,698.34018707,698.3401871576793,601,8.767938197706826e-08,ok,15804,16086,299,192.838881
brc201d.map,1745,174,235,309,8,258,697.41125488,697.411254969545,598,8.954498298407998e-08,ok,16105,16289,317,225.601211
brc201d.map,1746,174,20,283,214,313,698.82546844,698.8254685319182,599,9.191819572151871e-08,ok,14594,14811,347,222.07468
brc201d.map,1747,174,7,247,247,311,697.89653625,697.8965363437835,596,9.378345566801727e-08,ok,15277,15481,259,214.439922
brc201d.map,1748,174,346,348,72,170,698.34018707,698.3401871576796,601,8.76796093507437e-08,ok,13081,13377,315,255.646715
brc201d.map,1749,174,25,179,310,304,698.88434295,698.8843430349634,609,8.496340342389885e-08,ok,15704,15972,338,204.128265
brc201d.map,1750,175,24,220,283,307,702.34018707,702.3401871576792,605,8.767926829023054e-08,ok,15431,15692,328,201.458081
brc201d.map,1751,175,278,364,64,172,701.75440063,701.7544007200527,604,9.005270840134472e-08,ok,13225,13525,349,167.554084
brc201d.map,1752,175,347,284,66,182,702.75440063,702.7544007200528,605,9.005282208818244e-08,ok,12968,13313,358,175.57714
brc201d.map,1753,175,318,327,37,184,700.68333282,700.6833329081874,605,8.818733476800844e-08,ok,13680,14006,331,174.449828
brc201d.map,1754,175,332,281,52,181,702.58282776,702.582827844799,604,8.47990122565534e-08,ok,13478,13786,331,231.962154
brc201d.map,1755,175,257,309,14,246,703.16861419,703.1686142824258,605,9.242580745194573e-08,ok,15345,15569,395,215.019293
brc201d.map,1756,175,16,196,298,300,702.92597351,702.925973595306,606,8.53060555527918e-08,ok,15954,16232,328,222.274816
brc201d.map,1757,175,21,274,226,311,701.41125488,701.411254969545,602,8.954498298407998e-08,ok,15015,15202,326,188.235005
brc201d.map,1758,175,29,177,312,291,703.09754638,703.09754647056,607,9.055997907125857e-08,ok,16354,16591,330,219.03887
brc201d.map,1759,175,232,311,19,271,703.58282776,703.5828278447988,605,8.479878488287795e-08,ok,15945,16197,296,229.972785
brc201d.map,1760,176,234,308,20,271,705.58282776,705.5828278447988,607,8.479878488287795e-08,ok,16059,16289,305,224.401632
brc201d.map,1761,176,22,217,290,309,704.68333282,704.6833329081868,609,8.818676633381983e-08,ok,15319,15613,326,200.22373
brc201d.map,1762,176,308,295,22,185,704.44069214,704.4406922210679,610,8.106792392936768e-08,ok,13814,14171,358,214.52414
brc201d.map,1763,176,330,312,36,177,707.88434295,707.884343034964,618,8.496397185808746e-08,ok,14312,14560,354,180.664266
brc201d.map,1764,176,307,317,21,191,704.44069214,704.4406922210679,610,8.106792392936768e-08,ok,13986,14345,377,198.312424
brc201d.map,1765,176,287,313,15,218,706.99704132,706.997041407172,608,8.717199762031669e-08,ok,14956,15158,379,217.532724
brc201d.map,1766,176,11,239,265,304,707.48232269,707.4823227814104,606,9.141035661741626e-08,ok,15580,15781,305,224.668406
brc201d.map,1767,176,344,277,61,175,704.75440063,704.7544007200527,607,9.005270840134472e-08,ok,13265,13560,353,238.847465
brc201d.map,1768,176,317,292,32,177,704.68333282,704.6833329081873,609,8.818722108117072e-08,ok,14346,14604,331,177.921688
brc201d.map,1769,176,347,318,55,177,705.05591583,705.0559159102178,616,8.021777375688544e-08,ok,13404,13702,394,171.291115
brc201d.map,1770,177,49,182,342,323,710.19805145,710.198051533948,617,8.39480662762071e-08,ok,16231,16581,351,198.746347
brc201d.map,1771,177,266,314,16,242,709.41125488,709.4112549695451,610,8.95450966709177e-08,ok,15278,15503,411,195.120314
brc201d.map,1772,177,62,182,341,346,709.239682,709.2396820942909,609,9.429084002476884e-08,ok,17169,17449,351,214.903521
brc201d.map,1773,177,271,309,17,239,708.92597351,708.9259735953065,612,8.530651030014269e-08,ok,15273,15491,421,211.643184
brc201d.map,1774,177,279,306,13,228,708.82546844,708.8254685319182,609,9.191819572151871e-08,ok,15120,15315,360,188.094046
brc201d.map,1775,177,18,245,267,312,711.75440063,711.7544007200526,614,9.0052594714507e-08,ok,15311,15545,313,197.975349
brc201d.map,1776,177,198,318,16,302,708.34018707,708.3401871576793,611,8.767938197706826e-08,ok,15849,16179,331,231.305588
brc201d.map,1777,177,25,301,208,309,711.239682,711.2396820942913,611,9.429129477211973e-08,ok,14421,14623,375,166.275594
brc201d.map,1778,177,65,182,343,347,708.06810913,708.0681092190371,607,8.90370301931398e-08,ok,17040,17350,345,199.785416
brc201d.map,1779,177,56,184,336,270,710.13917694,710.1391770309026,607,9.090263120015152e-08,ok,17019,17293,303,194.757263
brc201d.map,1780,178,28,196,325,312,715.44069214,715.4406922210674,621,8.106735549517907e-08,ok,15509,15856,348,176.899645
brc201d.map,1781,178,18,259,255,305,715.58282776,715.5828278447988,617,8.479878488287795e-08,ok,15514,15707,326,180.216512
brc201d.map,1782,178,254,309,16,262,715.34018707,715.3401871576796,618,8.76796093507437e-08,ok,15529,15805,321,209.90984
brc201d.map,1783,178,17,198,305,294,712.239682,712.2396820942909,612,9.429084002476884e-08,ok,16250,16472,326,201.648134
brc201d.map,1784,178,231,310,24,281,714.239682,714.2396820942912,614,9.4291181085282e-08,ok,16391,16609,299,193.236871
brc201d.map,1785,178,33,183,296,350,714.09754638,714.09754647056,618,9.055997907125857e-08,ok,17212,17311,315,210.617624
brc201d.map,1786,178,315,298,16,184,715.78383789,715.7838379715756,623,8.157564934663242e-08,ok,13836,14212,377,212.860131
brc201d.map,1787,178,13,262,247,302,712.48232269,712.4823227814105,611,9.141047030425398e-08,ok,15682,15860,256,202.67339
brc201d.map,1788,178,256,311,15,256,712.58282776,712.5828278447989,614,8.479889856971567e-08,ok,15453,15701,304,197.41557
brc201d.map,1789,178,336,280,48,185,712.65389557,712.6538956566644,612,8.666438588988967e-08,ok,13531,13857,329,187.074354
brc201d.map,1790,179,323,305,22,193,718.61226501,718.612265096322,625,8.632196113467216e-08,ok,14012,14370,379,183.143517
brc201d.map,1791,179,30,202,318,290,716.13917694,716.1391770309026,613,9.090263120015152e-08,ok,16543,16777,293,202.767885
brc201d.map,1792,179,334,322,39,193,716.34018707,716.3401871576798,619,8.767983672441915e-08,ok,13697,14046,366,168.744052
brc201d.map,1793,179,46,184,284,361,718.06810913,718.0681092190372,617,8.903714387997752e-08,ok,17492,17607,320,209.35908
brc201d.map,1794,179,22,226,294,307,718.51175995,718.5117600329331,622,8.293307018902851e-08,ok,15442,15725,323,179.863145
brc201d.map,1795,179,268,311,9,248,719.06810913,719.0681092190375,618,8.903748494049069e-08,ok,15486,15725,416,185.87592
brc201d.map,1796,179,325,283,29,177,719.99704132,719.9970414071721,621,8.717211130715441e-08,ok,14373,14636,356,176.325142
brc201d.map,1797,179,21,193,319,319,718.09754638,718.0975464705599,622,9.055986538442085e-08,ok,15893,16228,340,191.893946
brc201d.map,1798,179,292,306,13,223,716.82546844,716.8254685319182,617,9.191819572151871e-08,ok,15055,15239,382,211.52302
brc201d.map,1799,179,231,309,15,286,716.75440063,716.7544007200526,619,9.0052594714507e-08,ok,15824,16111,299,187.734906
brc201d.map,1800,180,331,331,35,191,720.239682,720.2396820942914,620,9.429140845895745e-08,ok,13805,14139,352,183.762498
brc201d.map,1801,180,24,296,224,312,723.06810913,723.0681092190375,622,8.903748494049069e-08,ok,14971,15154,322,207.464219
brc201d.map,1802,180,14,277,245,306,723.41125488,723.411254969545,624,8.954498298407998e-08,ok,15459,15645,258,217.178964
brc201d.map,1803,180,12,250,269,315,722.48232269,722.4823227814104,621,9.141035661741626e-08,ok,15337,15581,323,180.236076
brc201d.map,1804,180,257,307,10,261,720.65389557,720.6538956566644,620,8.666438588988967e-08,ok,15647,15896,306,237.276265
brc201d.map,1805,180,291,309,19,233,722.09754638,722.0975464705604,626,9.056032013177173e-08,ok,15214,15420,392,202.054404
brc201d.map,1806,180,322,297,24,199,721.41125488,721.4112549695453,622,8.954532404459314e-08,ok,13988,14348,361,180.354013
brc201d.map,1807,180,14,212,298,291,722.89653625,722.8965363437833,621,9.378322829434182e-08,ok,16898,17036,293,230.962888
brc201d.map,1808,180,48,181,346,337,720.58282776,720.5828278447985,622,8.479855750920251e-08,ok,16613,16962,371,235.419872
brc201d.map,1809,180,49,181,339,267,720.13917694,720.1391770309026,617,9.090263120015152e-08,ok,17032,17317,316,241.398283
brc201d.map,1810,181,345,301,39,192,724.8549057,724.8549057834413,630,8.344125035364414e-08,ok,13723,14063,360,172.919911
brc201d.map,1811,181,28,198,330,319,724.16861419,724.1686142824253,626,9.242535270459484e-08,ok,15858,16216,359,185.791454
brc201d.map,1812,181,17,195,322,324,727.99704132,727.9970414071715,629,8.71715428729658e-08,ok,16084,16386,351,187.418913
brc201d.map,1813,181,17,189,325,304,724.36962433,724.369624409202,632,7.92019818618428e-08,ok,15653,15992,340,186.31159
brc201d.map,1814,181,42,182,341,344,727.239682,727.239682094291,627,9.429095371160656e-08,ok,16899,17206,341,208.61336
brc201d.map,1815,181,19,210,300,336,727.72496338,727.7249634685295,625,8.85295321495505e-08,ok,16861,16989,318,203.477799
brc201d.map,1816,181,352,286,47,181,725.51175995,725.5117600329335,629,8.293341124954168e-08,ok,13569,13865,320,176.953794
brc201d.map,1817,181,301,344,21,199,724.65389557,724.6538956566646,624,8.666461326356512e-08,ok,14051,14418,368,165.191681
brc201d.map,1818,181,23,289,235,311,726.239682,726.2396820942913,626,9.429129477211973e-08,ok,15174,15385,320,185.650432
brc201d.map,1819,181,286,311,8,236,725.48232269,725.4823227814106,624,9.14105839910917e-08,ok,15291,15514,358,186.4214
brc201d.map,1820,182,307,292,12,216,731.03867187,731.0386719675149,625,9.751488505571615e-08,ok,14756,15027,360,176.008326
brc201d.map,1821,182,349,307,30,180,731.22748871,731.2274887854717,643,7.547168934252113e-08,ok,13930,14242,368,178.351633
brc201d.map,1822,182,41,181,334,264,729.89653625,729.8965363437834,628,9.378334198117955e-08,ok,17699,17865,316,215.939705
brc201d.map,1823,182,20,302,227,309,729.16861419,729.1686142824259,631,9.242592113878345e-08,ok,15037,15233,330,192.100418
brc201d.map,1824,182,343,285,38,188,728.82546844,728.8254685319183,629,9.191830940835644e-08,ok,13735,14060,335,192.110374
brc201d.map,1825,182,325,295,15,186,728.8549057,728.8549057834412,634,8.344113666680641e-08,ok,13863,14244,382,177.660505
brc201d.map,1826,182,19,215,302,334,730.72496338,730.7249634685296,628,8.852964583638823e-08,ok,16633,16817,330,240.43031
brc201d.map,1827,182,10,223,302,299,730.96760406,730.9676041556489,627,9.564894298819127e-08,ok,16104,16355,330,194.576656
brc201d.map,1828,182,238,309,22,292,730.99704132,730.9970414071719,632,8.717188393347897e-08,ok,16323,16571,304,200.629954
brc201d.map,1829,182,351,323,38,177,731.44069214,731.440692221068,637,8.10680376162054e-08,ok,14294,14538,371,177.207224
brc201d.map,1830,183,306,324,13,222,734.79603119,734.7960312803956,630,9.039558790391311e-08,ok,15054,15244,381,179.497761
brc201d.map,1831,183,281,310,15,251,732.16861419,732.1686142824258,634,9.242580745194573e-08,ok,15394,15633,318,181.242344
brc201d.map,1832,183,347,332,35,176,734.58282776,734.5828278447991,636,8.479912594339112e-08,ok,14448,14677,384,185.272599
brc201d.map,1833,183,26,197,290,356,735.38181762,735.3818177180219,631,9.802192835195456e-08,ok,17409,17511,305,208.840439
brc201d.map,1834,183,226,315,16,305,732.82546844,732.825468531918,633,9.191796834784327e-08,ok,15862,16201,340,186.948002
brc201d.map,1835,183,21,183,341,314,733.88434295,733.8843430349634,644,8.496340342389885e-08,ok,15654,16033,380,185.912195
brc201d.map,1836,183,287,305,8,241,732.31074981,732.3107499061568,630,9.615689577913145e-08,ok,15385,15615,373,204.289099
brc201d.map,1837,183,8,234,293,317,732.96760406,732.9676041556489,629,9.564894298819127e-08,ok,15616,15898,299,246.588523
brc201d.map,1838,183,305,332,22,218,732.5533905,732.5533905932763,629,9.327629868494114e-08,ok,15134,15295,356,187.435554
brc201d.map,1839,183,335,335,25,178,732.99704132,732.9970414071721,634,8.717211130715441e-08,ok,14285,14575,359,212.444994
brc201d.map,1840,184,339,324,23,190,736.92597351,736.9259735953067,640,8.530673767381813e-08,ok,13905,14259,380,178.151129
brc201d.map,1841,184,337,272,31,190,736.03867187,736.0386719675148,630,9.751477136887843e-08,ok,13825,14165,350,178.990966
brc201d.map,1842,184,20,196,291,348,736.06810913,736.0681092190371,635,8.90370301931398e-08,ok,17483,17561,299,212.968276
brc201d.map,1843,184,232,315,18,306,739.82546844,739.8254685319181,640,9.191808203468099e-08,ok,16036,16342,307,210.78189
brc201d.map,1844,184,28,189,340,333,736.239682,736.239682094291,636,9.429095371160656e-08,ok,16488,16837,351,213.712325
brc201d.map,1845,184,20,282,253,305,736.82546844,736.8254685319182,637,9.191819572151871e-08,ok,15512,15701,326,216.866563
brc201d.map,1846,184,330,294,14,192,737.75440063,737.7544007200529,640,9.005293577502016e-08,ok,14061,14439,391,178.546857
brc201d.map,1847,184,23,223,315,310,736.51175995,736.511760032933,640,8.293295650219079e-08,ok,15345,15682,338,194.25605
brc201d.map,1848,184,342,315,24,198,738.51175995,738.5117600329337,642,8.293363862321712e-08,ok,14009,14368,374,193.214635
brc201d.map,1849,184,339,314,17,185,736.71277008,736.7127701597102,646,7.971016202645842e-08,ok,13853,14225,373,170.883097
brc201d.map,1850,185,28,178,346,276,743.89653625,743.8965363437835,642,9.378345566801727e-08,ok,17025,17344,320,195.586311
brc201d.map,1851,185,332,335,19,200,742.62445831,742.6244584051418,637,9.514178600511514e-08,ok,14112,14478,367,171.276711
brc201d.map,1852,185,15,206,337,309,743.34018707,743.3401871576791,646,8.767915460339282e-08,ok,15366,15754,389,182.457062
brc201d.map,1853,185,11,242,297,314,742.48232269,742.4823227814104,641,9.141035661741626e-08,ok,15573,15857,313,185.822669
brc201d.map,1854,185,13,247,293,306,741.82546844,741.825468531918,642,9.191796834784327e-08,ok,15507,15786,338,182.146266
brc201d.map,1855,185,336,283,17,183,741.58282776,741.582827844799,643,8.47990122565534e-08,ok,13835,14207,373,169.311232
brc201d.map,1856,185,321,302,19,219,740.99704132,740.9970414071722,642,8.717222499399213e-08,ok,15044,15218,362,220.691298
brc201d.map,1857,185,21,216,326,306,740.51175995,740.511760032933,644,8.293295650219079e-08,ok,15540,15885,346,186.541281
brc201d.map,1858,185,350,315,22,183,742.29855652,742.2985565973371,652,7.733706297585741e-08,ok,13792,14149,395,241.260567
brc201d.map,1859,185,321,287,19,212,740.79603119,740.7960312803956,636,9.039558790391311e-08,ok,14877,15083,366,232.758687
brc201d.map,1860,186,338,275,21,190,745.79603119,745.7960312803955,641,9.039547421707539e-08,ok,13925,14285,370,225.470205
brc201d.map,1861,186,14,187,342,297,746.44069214,746.4406922210675,652,8.10674691820168e-08,ok,16506,16808,328,199.661791
brc201d.map,1862,186,266,304,21,279,747.65389557,747.6538956566644,647,8.666438588988967e-08,ok,16178,16387,286,195.101024
brc201d.map,1863,186,20,206,330,336,745.45288543,745.4528855298875,639,9.988741567212855e-08,ok,16357,16646,352,215.69883
brc201d.map,1864,186,13,282,260,315,745.06810913,745.0681092190375,644,8.903748494049069e-08,ok,15328,15554,326,195.733099
brc201d.map,1865,186,346,342,32,200,746.52395324,746.5239533417534,638,1.0175347142649116e-07,ok,13765,14131,392,181.727596
brc201d.map,1866,186,330,335,21,206,744.03867187,744.0386719675149,638,9.751488505571615e-08,ok,14656,14906,361,191.940376
brc201d.map,1867,186,16,285,260,312,745.58282776,745.5828278447989,647,8.479889856971567e-08,ok,15297,15518,323,245.14953
brc201d.map,1868,186,15,187,325,274,744.65389557,744.6538956566641,644,8.666404482937651e-08,ok,17555,17709,336,206.906112
brc201d.map,1869,186,11,241,304,307,747.239682,747.2396820942911,647,9.429106739844428e-08,ok,15452,15755,318,186.470544
brc201d.map,1870,187,16,234,313,304,748.41125488,748.4112549695449,649,8.954486929724226e-08,ok,15707,15981,328,178.767799
brc201d.map,1871,187,340,320,15,200,748.41125488,748.4112549695453,649,8.954532404459314e-08,ok,14170,14545,376,178.850465
brc201d.map,1872,187,28,192,348,277,748.79603119,748.7960312803951,644,9.039513315656222e-08,ok,17102,17423,322,206.414558
brc201d.map,1873,187,13,264,284,304,751.239682,751.2396820942912,651,9.4291181085282e-08,ok,15915,16133,323,190.791771
brc201d.map,1874,187,333,295,21,212,748.06810913,748.0681092190378,647,8.903771231416613e-08,ok,14945,15126,377,192.857155
brc201d.map,1875,187,327,303,21,222,748.75440063,748.754400720053,651,9.005304946185788e-08,ok,15096,15266,357,177.655176
brc201d.map,1876,187,14,191,344,317,748.44069214,748.4406922210675,654,8.10674691820168e-08,ok,15836,16222,391,178.644095
brc201d.map,1877,187,318,329,11,224,751.69552612,751.6955262170073,644,9.700738701212686e-08,ok,15082,15280,382,175.397961
brc201d.map,1878,187,343,351,35,198,748.69552612,748.6955262170072,641,9.700727332528913e-08,ok,13712,14079,387,187.948123
brc201d.map,1879,187,338,308,22,215,751.68333282,751.6833329081875,656,8.818744845484616e-08,ok,15137,15293,374,187.278091
brc201d.map,1880,188,16,290,264,307,754.16861419,754.1686142824259,656,9.242592113878345e-08,ok,15412,15635,323,180.218017
brc201d.map,1881,188,13,240,309,324,755.79603119,755.7960312803953,651,9.039524684339995e-08,ok,15954,16230,323,199.750682
brc201d.map,1882,188,17,291,263,313,754.58282776,754.582827844799,656,8.47990122565534e-08,ok,15335,15554,328,197.245592
brc201d.map,1883,188,17,228,321,296,753.31074981,753.3107499061565,651,9.615655471861828e-08,ok,16370,16627,308,217.29226
brc201d.map,1884,188,16,240,308,322,752.72496338,752.7249634685297,650,8.852975952322595e-08,ok,15918,16202,326,196.647312
brc201d.map,1885,188,27,194,348,349,755.10973968,755.10973977938,647,9.938003131537698e-08,ok,16708,17040,359,244.560818
brc201d.map,1886,188,18,297,254,315,752.82546844,752.8254685319183,653,9.191830940835644e-08,ok,15372,15583,328,188.872948
brc201d.map,1887,188,328,328,24,219,753.38181762,753.3818177180225,649,9.802249678614317e-08,ok,15276,15440,360,190.109548
brc201d.map,1888,188,273,311,16,279,752.16861419,752.1686142824258,654,9.242580745194573e-08,ok,15750,16051,302,189.552055
brc201d.map,1889,188,21,303,246,303,752.06810913,752.0681092190376,651,8.903759862732841e-08,ok,15629,15805,251,185.864383
brc201d.map,1890,189,20,186,349,275,756.13917694,756.1391770309027,653,9.090274488698924e-08,ok,17119,17446,328,203.974506
brc201d.map,1891,189,299,310,17,258,756.34018707,756.3401871576798,659,8.767983672441915e-08,ok,15469,15721,291,220.714499
brc201d.map,1892,189,12,232,301,341,757.21024475,757.2102448427682,652,9.276823220716324e-08,ok,16891,17019,299,232.892594
brc201d.map,1893,189,292,350,12,220,759.69552612,759.6955262170073,652,9.700738701212686e-08,ok,14975,15195,372,209.980973
brc201d.map,1894,189,17,281,274,315,756.41125488,756.4112549695451,657,8.95450966709177e-08,ok,15342,15596,336,176.007499
brc201d.map,1895,189,327,286,24,223,758.03867187,758.0386719675149,652,9.751488505571615e-08,ok,15333,15504,354,191.666761
brc201d.map,1896,189,15,269,288,308,757.16861419,757.1686142824257,659,9.242569376510801e-08,ok,15384,15656,328,209.527457
brc201d.map,1897,189,260,307,20,296,756.99704132,756.997041407172,658,8.717199762031669e-08,ok,16173,16433,287,216.441883
brc201d.map,1898,189,22,239,296,333,756.38181762,756.3818177180223,652,9.802226941246772e-08,ok,17057,17154,306,203.356219
brc201d.map,1899,189,347,352,29,195,756.10973968,756.1097397793803,648,9.938037237589015e-08,ok,13898,14250,384,177.204298
brc201d.map,1900,190,330,274,22,216,761.10973968,761.1097397793803,653,9.938037237589015e-08,ok,15107,15262,358,194.953567
brc201d.map,1901,190,12,228,330,306,760.239682,760.239682094291,660,9.429095371160656e-08,ok,15544,15897,354,209.98817
brc201d.map,1902,190,11,276,284,305,763.06810913,763.0681092190374,662,8.903737125365296e-08,ok,15593,15828,336,186.172397
brc201d.map,1903,190,275,311,14,287,762.99704132,762.997041407172,664,8.717199762031669e-08,ok,15825,16116,301,198.202289
brc201d.map,1904,190,7,242,300,285,762.62445831,762.6244584051415,657,9.514144494460197e-08,ok,17078,17204,326,228.452154
brc201d.map,1905,190,325,294,9,228,761.45288543,761.4528855298881,655,9.988809779315488e-08,ok,15144,15347,364,185.785557
brc201d.map,1906,190,11,234,320,322,760.79603119,760.7960312803953,656,9.039524684339995e-08,ok,16014,16322,326,218.055928
brc201d.map,1907,190,351,316,16,208,761.239682,761.2396820942917,661,9.429163583263289e-08,ok,14367,14687,397,197.523008
brc201d.map,1908,190,10,228,322,289,760.10973968,760.10973977938,652,9.938003131537698e-08,ok,16526,16785,326,210.20485
brc201d.map,1909,190,18,232,326,319,760.65389557,760.6538956566642,660,8.666415851621423e-08,ok,15841,16191,351,193.784511
brc201d.map,1910,191,14,221,341,322,767.5533905,767.5533905932758,664,9.327584393759025e-08,ok,16248,16586,339,193.036803
brc201d.map,1911,191,332,327,23,228,765.5533905,765.5533905932763,662,9.327629868494114e-08,ok,15312,15491,386,189.174198
brc201d.map,1912,191,15,309,254,302,765.65389557,765.6538956566645,665,8.66644995767274e-08,ok,15703,15895,309,201.55022
brc201d.map,1913,191,319,314,7,243,767.13917694,767.1391770309034,664,9.090342700801557e-08,ok,15452,15684,386,195.577234
brc201d.map,1914,191,353,283,12,192,767.31074981,767.310749906157,665,9.615700946596917e-08,ok,14127,14512,405,176.260424
brc201d.map,1915,191,12,264,295,300,765.48232269,765.4823227814105,664,9.141047030425398e-08,ok,16361,16552,305,209.552547
brc201d.map,1916,191,18,226,333,291,764.96760406,764.9676041556489,661,9.564894298819127e-08,ok,16653,16932,330,210.010629
brc201d.map,1917,191,301,317,16,264,767.65389557,767.6538956566645,667,8.66644995767274e-08,ok,15536,15805,304,187.88783
brc201d.map,1918,191,20,223,327,275,765.867099,765.8670990922607,659,9.226062047673622e-08,ok,17243,17467,330,195.864733
brc201d.map,1919,191,338,340,21,215,764.867099,764.867099092261,658,9.226096153724939e-08,ok,15014,15167,368,189.683744
brc201d.map,1920,192,342,278,12,215,770.83766174,770.8376618407383,659,1.0073824796563713e-07,ok,14684,14968,367,200.537539
brc201d.map,1921,192,21,218,283,364,770.52395324,770.5239533417531,662,1.01753130365978e-07,ok,17537,17653,327,224.191802
brc201d.map,1922,192,14,252,318,308,770.58282776,770.5828278447988,672,8.479878488287795e-08,ok,15414,15746,340,184.027914
brc201d.map,1923,192,329,280,11,226,768.42344818,768.4234482783652,657,9.836514891503612e-08,ok,15112,15307,363,189.29433
brc201d.map,1924,192,340,311,13,227,768.41125488,768.4112549695454,669,8.954543773143087e-08,ok,15133,15325,368,189.800749
brc201d.map,1925,192,12,223,339,291,770.45288543,770.4528855298876,664,9.988752935896628e-08,ok,16737,17028,342,202.905726
brc201d.map,1926,192,343,333,14,216,769.10973968,769.1097397793804,661,9.938048606272787e-08,ok,14863,15094,378,196.74073
brc201d.map,1927,192,319,299,12,245,769.13917694,769.1391770309033,666,9.090331332117785e-08,ok,15378,15605,416,248.504352
brc201d.map,1928,192,339,332,11,219,768.93816681,768.9381669041267,660,9.412667623109883e-08,ok,14890,15132,366,213.664265
brc201d.map,1929,192,282,370,15,206,768.00923462,768.0092347159921,657,9.59920498644351e-08,ok,14140,14517,378,183.919396
brc201d.map,1930,193,341,275,20,222,774.76659393,774.7665940288728,665,9.887276064546313e-08,ok,15095,15275,360,201.643005
brc201d.map,1931,193,11,227,341,324,775.62445831,775.6244584051414,670,9.514133125776425e-08,ok,16315,16654,340,245.554827
brc201d.map,1932,193,348,353,13,192,772.28131256,772.2813126546341,665,9.463417427468812e-08,ok,14073,14454,394,187.805343
brc201d.map,1933,193,278,369,18,212,772.83766174,772.8376618407383,661,1.0073824796563713e-07,ok,14841,15062,362,190.108801
brc201d.map,1934,193,17,258,319,309,775.92597351,775.9259735953063,679,8.530639661330497e-08,ok,15348,15700,353,181.453315
brc201d.map,1935,193,314,312,18,259,774.16861419,774.168614282426,676,9.242603482562117e-08,ok,15787,16025,323,226.667276
brc201d.map,1936,193,7,243,327,315,775.5533905,775.5533905932759,672,9.327595762442797e-08,ok,15391,15751,361,217.475556
brc201d.map,1937,193,15,288,284,311,773.16861419,773.1686142824259,675,9.242592113878345e-08,ok,15557,15824,323,181.048912
brc201d.map,1938,193,341,322,18,228,772.89653625,772.896536343784,671,9.378391041536815e-08,ok,15131,15330,373,189.2487
brc201d.map,1939,193,11,222,342,333,775.35238037,775.3523804664993,666,9.649932053434895e-08,ok,16528,16881,355,196.39714
brc201d.map,1940,194,20,235,333,283,776.45288543,776.4528855298877,670,9.9887643045804e-08,ok,16739,17012,338,211.857121
brc201d.map,1941,194,19,277,297,318,777.48232269,777.4823227814106,676,9.14105839910917e-08,ok,15629,15921,315,197.85238
brc201d.map,1942,194,349,317,17,225,776.239682,776.2396820942917,676,9.429163583263289e-08,ok,15102,15294,384,255.74183
brc201d.map,1943,194,296,319,15,278,777.89653625,777.8965363437837,676,9.378368304169271e-08,ok,15735,16036,302,242.831774
brc201d.map,1944,194,327,326,13,243,777.62445831,777.6244584051419,672,9.514189969195286e-08,ok,15340,15561,421,190.449319
brc201d.map,1945,194,286,360,23,231,778.52395324,778.5239533417534,670,1.0175347142649116e-07,ok,15341,15522,395,197.798943
brc201d.map,1946,194,297,293,16,269,776.65389557,776.6538956566645,676,8.66644995767274e-08,ok,15631,15911,304,190.866717
brc201d.map,1947,194,21,220,353,323,776.06810913,776.0681092190372,675,8.903714387997752e-08,ok,16407,16766,362,193.570142
brc201d.map,1948,194,10,241,329,294,778.03867187,778.0386719675146,672,9.751454399520298e-08,ok,16490,16760,338,193.657911
brc201d.map,1949,194,16,274,296,297,777.239682,777.2396820942912,677,9.4291181085282e-08,ok,16554,16726,338,220.739435
brc201d.map,1950,195,15,252,327,304,780.82546844,780.8254685319181,681,9.191808203468099e-08,ok,15655,15998,344,186.238634
brc201d.map,1951,195,16,227,352,315,780.82546844,780.8254685319179,681,9.191785466100555e-08,ok,15594,16004,416,183.697518
brc201d.map,1952,195,16,244,328,333,781.28131256,781.281312654634,674,9.46340605878504e-08,ok,16248,16572,327,248.339373
brc201d.map,1953,195,16,222,352,284,783.69552612,783.6955262170069,676,9.700693226477597e-08,ok,17152,17460,332,208.974688
brc201d.map,1954,195,298,283,19,262,781.31074981,781.3107499061571,679,9.615712315280689e-08,ok,15816,16055,292,202.622718
brc201d.map,1955,195,296,281,11,258,781.79603119,781.7960312803957,677,9.039570159075083e-08,ok,15569,15815,311,211.343859
brc201d.map,1956,195,300,290,10,268,782.38181762,782.3818177180225,678,9.802249678614317e-08,ok,15797,16066,289,184.954518
brc201d.map,1957,195,22,281,298,314,782.06810913,782.0681092190375,681,8.903748494049069e-08,ok,15574,15860,299,191.094676
brc201d.map,1958,195,338,276,16,229,780.00923462,780.0092347159921,669,9.59920498644351e-08,ok,15132,15336,352,180.517676
brc201d.map,1959,195,11,256,326,308,783.82546844,783.825468531918,684,9.191796834784327e-08,ok,15422,15770,349,181.479529
brc201d.map,1960,196,299,330,12,269,784.03867187,784.0386719675149,678,9.751488505571615e-08,ok,15720,15990,311,208.061995
brc201d.map,1961,196,10,267,300,284,787.38181762,787.3818177180221,683,9.802215572563e-08,ok,17106,17228,318,217.531228
brc201d.map,1962,196,23,279,307,308,787.82546844,787.8254685319182,688,9.191819572151871e-08,ok,15403,15713,328,263.24672
brc201d.map,1963,196,13,249,293,350,787.28131256,787.2813126546339,680,9.463394690101268e-08,ok,17382,17472,340,221.676551
brc201d.map,1964,196,11,255,320,287,786.69552612,786.695526217007,679,9.700704595161369e-08,ok,16719,16949,318,203.899101
brc201d.map,1965,196,328,329,17,251,786.21024475,786.2102448427687,681,9.276868695451412e-08,ok,15408,15651,346,202.598803
brc201d.map,1966,196,320,309,19,266,785.75440063,785.754400720053,688,9.005304946185788e-08,ok,15881,16123,339,211.156363
brc201d.map,1967,196,347,349,18,222,785.83766174,785.8376618407383,674,1.0073824796563713e-07,ok,15072,15254,388,201.506492
brc201d.map,1968,196,19,231,337,269,784.42344818,784.423448278365,673,9.836492154136067e-08,ok,17023,17301,299,192.021153
brc201d.map,1969,196,12,253,299,347,785.03867187,785.0386719675146,679,9.751454399520298e-08,ok,17068,17185,320,199.852337
brc201d.map,1970,197,19,265,315,329,788.62445831,788.6244584051416,683,9.514155863143969e-08,ok,16028,16319,333,189.216134
brc201d.map,1971,197,314,301,15,273,790.06810913,790.0681092190378,689,8.903771231416613e-08,ok,15675,15967,298,185.359239
brc201d.map,1972,197,10,264,324,310,790.239682,790.2396820942912,690,9.4291181085282e-08,ok,15357,15714,358,174.211923
brc201d.map,1973,197,8,247,339,313,790.31074981,790.3107499061566,688,9.6156668405456e-08,ok,15589,15964,376,172.967534
brc201d.map,1974,197,314,296,15,270,789.13917694,789.1391770309033,686,9.090331332117785e-08,ok,15643,15928,300,188.395673
brc201d.map,1975,197,9,246,327,278,790.42344818,790.423448278365,679,9.836492154136067e-08,ok,16979,17221,326,200.198147
brc201d.map,1976,197,326,331,11,252,788.52395324,788.5239533417536,680,1.0175358511332888e-07,ok,15527,15764,351,187.30468
brc201d.map,1977,197,9,234,343,286,788.76659393,788.7665940288724,679,9.887241958494997e-08,ok,16939,17233,339,200.812945
brc201d.map,1978,197,303,302,23,281,788.31074981,788.310749906157,686,9.615700946596917e-08,ok,16340,16555,302,190.977333
brc201d.map,1979,197,24,277,308,313,788.48232269,788.4823227814105,687,9.141047030425398e-08,ok,15539,15844,330,180.055689
brc201d.map,1980,198,16,246,341,286,795.867099,795.8670990922609,689,9.226084785041166e-08,ok,16901,17191,331,196.553162
brc201d.map,1981,198,19,235,348,341,794.35238037,794.3523804664994,685,9.649943422118668e-08,ok,16605,16963,364,197.866127
brc201d.map,1982,198,15,307,285,308,792.16861419,792.1686142824259,694,9.242592113878345e-08,ok,15381,15647,336,198.316547
brc201d.map,1983,198,12,241,347,319,793.13917694,793.1391770309028,690,9.090285857382696e-08,ok,15926,16318,393,187.319384
brc201d.map,1984,198,16,243,339,338,793.35238037,793.3523804664995,684,9.64995479080244e-08,ok,16428,16763,357,200.549219
brc201d.map,1985,198,314,311,24,279,795.65389557,795.6538956566646,695,8.666461326356512e-08,ok,16371,16585,296,202.288213
brc201d.map,1986,198,19,230,346,351,795.00923462,795.0092347159919,684,9.599182249075966e-08,ok,17186,17470,338,206.987406
brc201d.map,1987,198,347,322,10,238,792.21024475,792.2102448427688,687,9.276880064135185e-08,ok,15314,15539,381,201.496438
brc201d.map,1988,198,10,262,329,309,792.82546844,792.825468531918,693,9.191796834784327e-08,ok,15358,15730,373,182.327128
brc201d.map,1989,198,301,290,23,279,793.38181762,793.3818177180225,689,9.802249678614317e-08,ok,16334,16544,302,204.048035
brc201d.map,1990,199,293,308,26,300,796.06810913,796.0681092190376,695,8.903759862732841e-08,ok,16651,16922,296,189.423474
brc201d.map,1991,199,16,247,331,269,799.18080749,799.1808075912458,689,1.0124574600922642e-07,ok,17444,17647,336,203.989995
brc201d.map,1992,199,17,272,325,310,796.34018707,796.3401871576796,699,8.76796093507437e-08,ok,15354,15721,368,181.866248
brc201d.map,1993,199,13,227,348,352,796.32294311,796.3229432149766,682,1.049766069627367e-07,ok,17070,17390,340,232.013443
brc201d.map,1994,199,296,297,15,293,796.65389557,796.6538956566645,696,8.66644995767274e-08,ok,15851,16143,298,182.109434
brc201d.map,1995,199,347,311,16,249,796.16861419,796.1686142824261,698,9.24261485124589e-08,ok,15358,15588,383,187.301577
brc201d.map,1996,199,26,307,289,307,799.48232269,799.4823227814107,698,9.141069767792942e-08,ok,15437,15710,291,200.037397
brc201d.map,1997,199,312,295,17,281,797.72496338,797.7249634685302,695,8.853021427057683e-08,ok,15775,16057,293,206.622646
brc201d.map,1998,199,23,229,348,353,796.83766174,796.8376618407381,685,1.0073802059196169e-07,ok,17200,17492,338,200.430405
brc201d.map,1999,199,301,314,21,296,799.65389557,799.6538956566645,699,8.66644995767274e-08,ok,16234,16485,308,192.57658
brc201d.map,2000,200,335,295,10,259,801.62445831,801.6244584051419,696,9.514189969195286e-08,ok,15617,15865,361,190.995384
brc201d.map,2001,200,24,290,309,316,803.72496338,803.72496346853,701,8.852998689690139e-08,ok,15481,15806,326,187.597893
brc201d.map,2002,200,325,319,18,274,802.48232269,802.4823227814109,701,9.141081136476714e-08,ok,15874,16141,292,217.527809
brc201d.map,2003,200,295,319,21,302,801.72496338,801.72496346853,699,8.852998689690139e-08,ok,16266,16530,284,199.703571
brc201d.map,2004,200,16,276,322,294,803.5533905,803.5533905932762,700,9.327618499810342e-08,ok,16420,16676,335,230.80168
brc201d.map,2005,200,15,301,300,303,803.239682,803.2396820942914,703,9.429140845895745e-08,ok,15737,16021,336,190.592543
brc201d.map,2006,200,340,288,15,252,800.45288543,800.452885529888,694,9.988798410631716e-08,ok,15413,15649,349,199.427003
brc201d.map,2007,200,14,246,344,340,803.00923462,803.0092347159919,692,9.599182249075966e-08,ok,16514,16865,372,204.937029
brc201d.map,2008,200,297,340,11,274,800.28131256,800.2813126546342,693,9.463428796152584e-08,ok,15850,16129,294,208.045029
brc201d.map,2009,200,14,282,316,302,801.06810913,801.0681092190375,700,8.903748494049069e-08,ok,15799,16116,318,228.520339
brc201d.map,2010,201,334,316,14,269,806.06810913,806.0681092190379,705,8.903782600100385e-08,ok,15667,15948,354,203.562458
brc201d.map,2011,201,311,293,25,285,804.867099,804.8670990922611,698,9.226107522408711e-08,ok,16470,16702,297,199.478451
brc201d.map,2012,201,18,286,315,318,804.06810913,804.0681092190375,703,8.903748494049069e-08,ok,15701,16029,338,184.370614
brc201d.map,2013,201,12,245,349,331,804.10973968,804.1097397793801,696,9.93801450022147e-08,ok,16589,16952,365,257.93012
brc201d.map,2014,201,26,293,309,310,805.06810913,805.0681092190375,704,8.903748494049069e-08,ok,15338,15673,338,176.953266
brc201d.map,2015,201,307,321,17,295,805.89653625,805.8965363437839,704,9.378379672853043e-08,ok,15829,16127,299,236.995262
brc201d.map,2016,201,15,273,331,304,805.82546844,805.8254685319181,706,9.191808203468099e-08,ok,15659,16010,352,213.010593
brc201d.map,2017,201,329,303,11,272,804.89653625,804.8965363437841,703,9.378402410220588e-08,ok,15814,16091,315,221.283799
brc201d.map,2018,201,327,291,18,272,805.79603119,805.7960312803957,701,9.039570159075083e-08,ok,15845,16109,332,185.835198
brc201d.map,2019,201,24,310,292,308,804.239682,804.2396820942914,704,9.429140845895745e-08,ok,15388,15668,335,183.48012
brc201d.map,2020,202,317,320,19,290,811.31074981,811.3107499061571,709,9.615712315280689e-08,ok,16060,16315,288,200.214441
brc201d.map,2021,202,313,301,16,293,808.65389557,808.6538956566646,708,8.666461326356512e-08,ok,15823,16127,305,195.594543
brc201d.map,2022,202,333,291,21,269,810.62445831,810.6244584051418,705,9.514178600511514e-08,ok,16193,16407,347,204.66001
brc201d.map,2023,202,340,323,15,263,808.5533905,808.5533905932764,705,9.327641237177886e-08,ok,15542,15812,382,187.427864
brc201d.map,2024,202,16,256,348,290,811.21024475,811.2102448427685,706,9.276845958083868e-08,ok,16910,17218,358,199.600118
brc201d.map,2025,202,15,285,323,301,811.06810913,811.0681092190375,710,8.903748494049069e-08,ok,15935,16266,332,200.068524
brc201d.map,2026,202,340,279,11,257,810.83766174,810.8376618407383,699,1.0073824796563713e-07,ok,15566,15811,340,245.786956
brc201d.map,2027,202,13,257,345,326,809.62445831,809.6244584051416,704,9.514155863143969e-08,ok,16425,16774,402,200.354056
brc201d.map,2028,202,301,342,24,282,809.03867187,809.038671967515,703,9.751499874255387e-08,ok,16385,16608,304,195.383912
brc201d.map,2029,202,21,293,316,307,810.41125488,810.4112549695451,711,8.95450966709177e-08,ok,15464,15791,333,174.998118
brc201d.map,2030,203,307,304,26,304,815.72496338,815.7249634685302,713,8.853021427057683e-08,ok,16666,16948,297,196.003926
brc201d.map,2031,203,11,270,336,293,814.03867187,814.0386719675147,708,9.75146576820407e-08,ok,16627,16912,339,189.078546
brc201d.map,2032,203,11,272,338,317,814.72496338,814.7249634685298,712,8.852987321006367e-08,ok,15806,16180,379,181.70002
brc201d.map,2033,203,345,338,12,256,814.00923462,814.0092347159921,703,9.59920498644351e-08,ok,15523,15770,377,195.370233
brc201d.map,2034,203,315,311,15,300,815.58282776,815.5828278447991,717,8.479912594339112e-08,ok,15852,16167,316,227.020369
brc201d.map,2035,203,338,323,13,268,812.38181762,812.3818177180226,708,9.802261047298089e-08,ok,15636,15916,377,230.13131
brc201d.map,2036,203,25,290,318,321,815.21024475,815.2102448427686,710,9.27685732676764e-08,ok,15956,16267,312,181.401836
brc201d.map,2037,203,302,291,21,300,812.96760406,812.9676041556494,709,9.564939773554215e-08,ok,16254,16514,308,206.829434
brc201d.map,2038,203,12,263,345,299,813.13917694,813.1391770309029,710,9.090297226066468e-08,ok,16362,16699,338,194.72273
brc201d.map,2039,203,22,280,298,349,814.45288543,814.4528855298879,708,9.988787041947944e-08,ok,17133,17244,299,215.70148
brc201d.map,2040,204,12,281,335,307,817.82546844,817.8254685319182,718,9.191819572151871e-08,ok,15483,15848,366,192.192533
brc201d.map,2041,204,333,297,22,278,816.96760406,816.9676041556495,713,9.564951142237987e-08,ok,16239,16438,289,203.20799
brc201d.map,2042,204,14,254,349,278,816.00923462,816.009234715992,705,9.599193617759738e-08,ok,17129,17448,320,213.409911
brc201d.map,2043,204,332,328,12,278,818.867099,818.8670990922612,712,9.226118891092483e-08,ok,15807,16103,304,199.106698
brc201d.map,2044,204,303,329,19,306,818.79603119,818.7960312803956,714,9.039558790391311e-08,ok,16126,16422,297,193.835386
brc201d.map,2045,204,311,315,23,304,818.89653625,818.896536343784,717,9.378391041536815e-08,ok,16428,16706,290,199.81643
brc201d.map,2046,204,17,265,338,275,816.00923462,816.009234715992,705,9.599193617759738e-08,ok,16789,17094,333,216.825174
brc201d.map,2047,204,20,288,322,291,817.62445831,817.6244584051417,712,9.514167231827741e-08,ok,16484,16741,313,213.046895
brc201d.map,2048,204,305,330,24,300,816.69552612,816.6955262170073,709,9.700738701212686e-08,ok,16515,16779,344,205.39277
brc201d.map,2049,204,15,281,335,305,817.41125488,817.4112549695451,718,8.95450966709177e-08,ok,15644,15982,339,187.75089
brc201d.map,2050,205,323,317,26,295,823.96760406,823.9676041556496,720,9.56496251092176e-08,ok,16604,16861,363,196.883881
brc201d.map,2051,205,341,267,18,265,823.32294311,823.3229432149769,709,1.0497694802324986e-07,ok,15749,15999,357,193.646026
brc201d.map,2052,205,298,338,17,302,823.38181762,823.3818177180225,719,9.802249678614317e-08,ok,15852,16170,319,209.246431
brc201d.map,2053,205,9,260,345,276,820.90872955,820.9087296526036,707,1.026036215989734e-07,ok,16997,17314,322,207.930905
brc201d.map,2054,205,307,291,15,306,820.21024475,820.2102448427687,715,9.276868695451412e-08,ok,15892,16221,330,192.045206
brc201d.map,2055,205,26,303,314,312,820.89653625,820.8965363437837,719,9.378368304169271e-08,ok,15503,15828,338,180.070468
brc201d.map,2056,205,337,330,13,275,821.28131256,821.2813126546342,714,9.463428796152584e-08,ok,15775,16066,352,202.89596
brc201d.map,2057,205,12,278,293,356,821.52395324,821.5239533417533,713,1.0175335773965344e-07,ok,17362,17474,299,228.475749
brc201d.map,2058,205,328,282,13,281,820.76659393,820.7665940288729,711,9.887287433230085e-08,ok,15838,16139,302,225.611949
brc201d.map,2059,205,330,288,22,282,821.69552612,821.6955262170073,714,9.700738701212686e-08,ok,16289,16508,305,211.146073
brc201d.map,2060,206,320,327,15,297,824.21024475,824.2102448427687,719,9.276868695451412e-08,ok,15860,16162,303,186.358721
brc201d.map,2061,206,25,294,324,299,824.38181762,824.3818177180224,720,9.802238309930544e-08,ok,16169,16478,317,185.814816
brc201d.map,2062,206,336,331,18,282,826.45288543,826.452885529888,720,9.988798410631716e-08,ok,15948,16205,329,195.873083
brc201d.map,2063,206,10,265,336,266,824.73715667,824.7371567773498,710,1.0734981970017543e-07,ok,17319,17569,326,255.231446
brc201d.map,2064,206,19,291,323,285,824.28131256,824.2813126546341,717,9.463417427468812e-08,ok,16618,16856,293,194.855625
brc201d.map,2065,206,288,356,17,282,826.10973968,826.1097397793804,718,9.938048606272787e-08,ok,15778,16063,299,202.594037
brc201d.map,2066,206,16,271,342,340,825.18080749,825.1808075912458,715,1.0124574600922642e-07,ok,16469,16813,352,217.201376
brc201d.map,2067,206,22,279,339,324,825.21024475,825.2102448427686,720,9.27685732676764e-08,ok,16247,16590,385,197.479916
brc201d.map,2068,206,328,316,19,295,825.65389557,825.6538956566648,725,8.666472695040284e-08,ok,16074,16342,296,200.052489
brc201d.map,2069,206,18,290,334,301,826.65389557,826.6538956566645,726,8.66644995767274e-08,ok,16075,16425,351,192.442532
brc201d.map,2070,207,25,309,314,295,831.03867187,831.0386719675149,725,9.751488505571615e-08,ok,16333,16571,323,207.724098
brc201d.map,2071,207,19,309,322,309,830.75440063,830.7544007200528,733,9.005282208818244e-08,ok,15351,15708,358,179.052446
brc201d.map,2072,207,337,303,21,290,830.06810913,830.0681092190379,729,8.903782600100385e-08,ok,16209,16442,306,196.143417
brc201d.map,2073,207,328,326,15,296,830.79603119,830.7960312803957,726,9.039570159075083e-08,ok,15841,16145,305,189.107952
brc201d.map,2074,207,12,268,349,281,829.59502105,829.5950211536189,719,1.0361884505982744e-07,ok,17115,17427,318,201.781351
brc201d.map,2075,207,318,299,14,309,831.31074981,831.3107499061571,729,9.615712315280689e-08,ok,15900,16237,338,192.94282
brc201d.map,2076,207,13,265,351,278,829.42344818,829.4234482783651,718,9.83650352281984e-08,ok,17183,17506,333,216.777442
brc201d.map,2077,207,17,285,345,306,830.16861419,830.1686142824258,732,9.242580745194573e-08,ok,15559,15942,384,184.294804
brc201d.map,2078,207,333,324,16,290,828.5533905,828.5533905932764,725,9.327641237177886e-08,ok,15815,16114,300,240.81888
brc201d.map,2079,207,320,298,17,305,828.48232269,828.4823227814109,727,9.141081136476714e-08,ok,15864,16192,329,200.861344
brc201d.map,2080,208,278,370,17,270,832.2518753,832.2518754031114,720,1.0311134701623814e-07,ok,15633,15915,298,197.110522
brc201d.map,2081,208,343,284,20,279,832.52395324,832.5239533417536,724,1.0175358511332888e-07,ok,16120,16344,306,200.050874
brc201d.map,2082,208,322,328,15,305,834.62445831,834.6244584051418,729,9.514178600511514e-08,ok,15886,16210,325,192.374322
brc201d.map,2083,208,330,298,20,298,832.72496338,832.7249634685302,730,8.853021427057683e-08,ok,16183,16451,287,200.262835
brc201d.map,2084,208,24,299,332,308,833.239682,833.2396820942913,733,9.429129477211973e-08,ok,15428,15788,361,187.130848
brc201d.map,2085,208,18,293,339,314,833.41125488,833.4112549695452,734,8.954521035775542e-08,ok,15421,15805,387,184.020711
brc201d.map,2086,208,12,275,281,366,834.08030243,834.0803025278575,721,9.78575371846091e-08,ok,17569,17691,296,210.734495
brc201d.map,2087,208,26,310,317,297,834.62445831,834.6244584051418,729,9.514178600511514e-08,ok,16306,16558,328,204.706215
brc201d.map,2088,208,14,300,295,349,835.45288543,835.4528855298879,729,9.988787041947944e-08,ok,17290,17392,335,200.724936
brc201d.map,2089,208,324,323,16,303,832.13917694,832.1391770309033,729,9.090331332117785e-08,ok,15853,16185,333,203.932402
den011d.map,0,0,39,105,42,104,3.41421356,3.414213562373095,3,2.3730950537981244e-09,ok,4,17,14,0.077532
den011d.map,1,0,115,13,113,14,2.41421356,2.414213562373095,2,2.3730950537981244e-09,ok,3,14,12,0.036468
den011d.map,2,0,136,184,134,186,2.82842712,2.8284271247461903,2,4.746190107596249e-09,ok,3,14,12,0.034764
den011d.map,3,0,24,83,23,81,2.41421356,2.414213562373095,2,2.3730950537981244e-09,ok,3,14,12,0.034375
den011d.map,4,0,89,80,91,81,2.41421356,2.414213562373095,2,2.3730950537981244e-09,ok,3,14,12,0.034315
den011d.map,5,0,45,172,43,175,3.82842712,3.82842712474619,3,4.746189663507039e-09,ok,4,17,14,0.045274
den011d.map,6,0,14,187,14,185,2.0,2.0,2,0.0,ok,3,12,10,0.040729
den011d.map,7,0,39,95,41,94,2.41421356,2.414213562373095,2,2.3730950537981244e-09,ok,3,14,12,0.049589
den011d.map,8,0,4,190,5,192,2.41421356,2.414213562373095,2,2.3730950537981244e-09,ok,3,13,11,0.090312
den011d.map,9,0,66,206,64,203,3.82842712,3.82842712474619,3,4.746189663507039e-09,ok,4,17,14,0.049342
den011d.map,10,1,88,99,94,97,6.82842712,6.82842712474619,6,4.746190107596249e-09,ok,7,28,22,0.128383
den011d.map,11,1,91,107,97,110,7.24264069,7.242640687119285,6,2.880715221920127e-09,ok,7,30,24,0.086015
den011d.map,12,1,8,177,4,172,6.65685425,6.656854249492381,5,5.076197240327929e-10,ok,6,29,24,0.084457
den011d.map,13,1,37,159,44,161,7.82842712,7.82842712474619,7,4.746190107596249e-09,ok,8,31,24,0.124088
den011d.map,14,1,28,129,27,125,4.41421356,4.414213562373095,4,2.3730946097089145e-09,ok,5,20,16,0.111413
den011d.map,15,1,11,165,10,169,4.41421356,4.414213562373095,4,2.3730946097089145e-09,ok,5,20,16,0.059783
den011d.map,16,1,47,137,45,144,7.82842712,7.82842712474619,7,4.746190107596249e-09,ok,8,26,19,0.089855
den011d.map,17,1,44,173,37,174,7.41421356,7.414213562373095,7,2.3730946097089145e-09,ok,8,29,22,0.093364
den011d.map,18,1,73,176,77,174,4.82842712,4.82842712474619,4,4.746190107596249e-09,ok,5,22,18,0.063335
den011d.map,19,1,30,219,25,220,5.41421356,5.414213562373095,5,2.3730946097089145e-09,ok,6,23,18,0.069748
den011d.map,20,2,71,184,80,178,11.48528137,11.485281374238571,9,4.238572159920295e-09,ok,10,45,36,0.128043
den011d.map,21,2,100,75,109,73,9.82842712,9.82842712474619,9,4.746189219417829e-09,ok,10,37,28,0.126505
den011d.map,22,2,23,169,21,179,10.82842712,10.82842712474619,10,4.746189219417829e-09,ok,11,40,30,0.158007
den011d.map,23,2,70,161,77,168,10.48528137,10.485281374238571,8,4.238572159920295e-09,ok,9,40,32,0.110789
den011d.map,24,2,111,58,104,51,9.89949493,9.899494936611667,7,6.6116676578076294e-09,ok,8,38,31,0.12619
den011d.map,25,2,43,113,44,123,10.41421356,10.414213562373096,10,2.373095497887334e-09,ok,11,38,28,0.170302
den011d.map,26,2,27,199,36,195,10.65685425,10.65685424949238,9,5.076206122112126e-10,ok,16,43,28,0.174865
den011d.map,27,2,86,71,82,62,10.65685425,10.65685424949238,9,5.076206122112126e-10,ok,10,36,27,0.106714
den011d.map,28,2,23,211,23,221,10.0,10.0,10,0.0,ok,11,36,26,0.191138
den011d.map,29,2,118,65,120,73,8.82842712,8.82842712474619,8,4.746189219417829e-09,ok,9,32,24,0.130781
den011d.map,30,3,116,17,106,12,12.07106781,12.071067811865476,10,1.8654748856761216e-09,ok,11,41,31,0.117514
den011d.map,31,3,158,180,161,188,13.82842712,13.82842712474619,13,4.746189219417829e-09,ok,43,68,26,0.447814
den011d.map,32,3,29,127,15,127,14.0,14.0,14,0.0,ok,15,48,34,0.215664
den011d.map,33,3,25,167,11,164,15.24264069,15.242640687119284,14,2.8807161100985468e-09,ok,18,51,34,0.207575
den011d.map,34,3,24,200,24,214,14.0,14.0,14,0.0,ok,15,48,34,0.267213
den011d.map,35,3,41,111,43,125,14.82842712,14.82842712474619,14,4.746189219417829e-09,ok,15,52,38,0.233334
den011d.map,36,3,87,71,82,61,12.07106781,12.071067811865476,10,1.8654748856761216e-09,ok,11,42,32,0.176191
den011d.map,37,3,68,234,55,238,14.65685425,14.65685424949238,13,5.076206122112126e-10,ok,14,53,40,0.319282
den011d.map,38,3,71,158,68,171,14.24264069,14.242640687119286,13,2.8807143337417074e-09,ok,16,49,34,0.238212
den011d.map,39,3,100,84,103,70,15.24264069,15.242640687119286,14,2.8807143337417074e-09,ok,16,55,40,0.192135
den011d.map,40,4,74,159,58,157,16.82842712,16.82842712474619,16,4.746190995774668e-09,ok,18,55,38,0.19809
den011d.map,41,4,105,51,97,66,18.3137085,18.313708498984763,15,1.0152376717087463e-09,ok,21,72,52,0.257575
den011d.map,42,4,97,115,106,127,16.3137085,16.313708498984763,13,1.0152376717087463e-09,ok,31,74,44,0.583196
den011d.map,43,4,11,208,19,192,19.89949493,19.899494936611667,17,6.6116676578076294e-09,ok,61,119,59,0.717799
den011d.map,44,4,110,91,94,87,19.41421356,19.414213562373096,19,2.373095497887334e-09,ok,102,142,41,1.231748
den011d.map,45,4,119,65,103,59,18.48528137,18.48528137423857,16,4.238572159920295e-09,ok,17,66,50,0.25721
den011d.map,46,4,123,178,107,173,18.07106781,18.071067811865476,16,1.865476662032961e-09,ok,17,60,44,0.229844
den011d.map,47,4,27,185,11,194,19.72792206,19.72792206135786,16,1.3578578261785879e-09,ok,24,75,52,0.296575
den011d.map,48,4,86,202,72,207,16.07106781,16.071067811865476,14,1.865476662032961e-09,ok,15,58,44,0.177947
den011d.map,49,4,59,207,73,212,16.07106781,16.071067811865476,14,1.865476662032961e-09,ok,15,52,38,0.19163
den011d.map,50,5,95,81,100,61,22.07106781,22.071067811865476,20,1.865476662032961e-09,ok,21,73,53,0.264294
den011d.map,51,5,42,174,19,173,23.41421356,23.414213562373096,23,2.373095497887334e-09,ok,24,74,51,0.295385
den011d.map,52,5,46,108,32,121,20.55634918,20.55634918610405,16,6.104048821953256e-09,ok,65,115,51,0.870828
den011d.map,53,5,85,206,66,210,20.65685425,20.65685424949238,19,5.076188358543732e-10,ok,20,71,52,0.237298
den011d.map,54,5,100,43,110,62,23.14213562,23.142135623730955,19,3.730953324065922e-09,ok,91,153,63,1.027108
den011d.map,55,5,107,127,106,147,20.41421356,20.414213562373096,20,2.373095497887334e-09,ok,21,68,48,0.243447
den011d.map,56,5,157,193,141,205,21.55634918,21.55634918610405,17,6.104048821953256e-09,ok,69,114,47,0.74451
den011d.map,57,5,106,166,102,146,21.65685425,21.65685424949238,20,5.076188358543732e-10,ok,21,61,41,0.210881
den011d.map,58,5,118,63,109,77,21.48528137,21.48528137423857,19,4.238572159920295e-09,ok,89,140,52,0.997624
den011d.map,59,5,128,61,110,53,23.65685425,23.656854249492383,22,5.076152831406944e-10,ok,112,151,40,1.174346
den011d.map,60,6,127,185,105,172,27.38477631,27.384776310850242,22,8.502425430378935e-10,ok,89,150,62,0.961119
den011d.map,61,6,56,105,44,125,27.3137085,27.313708498984763,24,1.0152376717087463e-09,ok,132,193,62,1.454759
den011d.map,62,6,64,153,80,173,26.62741699,26.62741699796953,20,7.969529036699896e-09,ok,70,135,66,0.961306
den011d.map,63,6,84,167,91,189,24.89949493,24.899494936611667,22,6.6116676578076294e-09,ok,31,89,59,0.427807
den011d.map,64,6,49,115,72,108,25.89949493,25.899494936611667,23,6.6116676578076294e-09,ok,24,86,63,0.285493
den011d.map,65,6,44,82,20,84,24.82842712,24.82842712474619,24,4.746190995774668e-09,ok,25,73,49,0.298211
den011d.map,66,6,51,152,69,165,24.55634918,24.55634918610405,20,6.104048821953256e-09,ok,59,105,47,0.721312
den011d.map,67,6,44,130,20,126,25.65685425,25.656854249492383,24,5.076152831406944e-10,ok,34,95,62,0.573195
den011d.map,68,6,89,110,62,111,27.41421356,27.414213562373096,27,2.373095497887334e-09,ok,28,89,62,0.394322
den011d.map,69,6,99,76,86,58,25.14213562,25.142135623730955,21,3.730953324065922e-09,ok,76,138,63,1.088809
den011d.map,70,7,42,178,15,171,29.89949493,29.899494936611667,27,6.6116676578076294e-09,ok,28,99,72,0.484274
den011d.map,71,7,59,169,31,174,30.07106781,30.071067811865476,28,1.865476662032961e-09,ok,29,100,72,0.465504
den011d.map,72,7,42,190,47,217,29.65685425,29.65685424949238,28,5.076188358543732e-10,ok,120,170,51,1.564691
den011d.map,73,7,113,64,101,87,28.55634918,28.55634918610405,24,6.104048821953256e-09,ok,76,143,68,1.061613
den011d.map,74,7,56,109,84,106,29.24264069,29.242640687119287,28,2.8807143337417074e-09,ok,41,107,67,0.580912
den011d.map,75,7,47,179,23,166,29.38477631,29.384776310850242,24,8.502425430378935e-10,ok,107,179,73,1.485099
den011d.map,76,7,78,218,61,241,31.21320343,31.213203435596437,25,5.596437091526241e-09,ok,74,150,77,0.988675
den011d.map,77,7,9,212,31,194,29.45584412,29.45584412271572,22,2.7157227577845333e-09,ok,86,170,85,1.312256
den011d.map,78,7,68,140,69,169,29.41421356,29.414213562373096,29,2.373095497887334e-09,ok,30,93,64,0.409807
den011d.map,79,7,76,203,67,231,31.72792206,31.72792206135786,28,1.3578578261785879e-09,ok,42,110,69,0.514522
den011d.map,80,8,29,160,48,170,32.65685425,32.65685424949238,31,5.076188358543732e-10,ok,96,160,65,1.055108
den011d.map,81,8,110,61,108,93,32.82842712,32.82842712474619,32,4.746190995774668e-09,ok,33,103,71,0.462381
den011d.map,82,8,10,221,21,193,32.55634918,32.55634918610405,28,6.104052374666935e-09,ok,102,179,78,1.247312
den011d.map,83,8,98,122,82,96,34.62741699,34.627416997969526,28,7.969525483986217e-09,ok,108,189,82,1.389722
den011d.map,84,8,96,95,97,65,32.89949493,32.89949493661167,30,6.611664105093951e-09,ok,138,216,79,1.536129
den011d.map,85,8,19,116,37,136,35.21320343,35.213203435596434,29,5.596433538812562e-09,ok,341,399,62,4.15787
den011d.map,86,8,109,83,83,98,32.21320343,32.213203435596434,26,5.596433538812562e-09,ok,121,198,78,1.491268
den011d.map,87,8,85,207,69,232,35.72792206,35.72792206135786,32,1.3578613788922667e-09,ok,89,163,75,1.094995
den011d.map,88,8,109,179,93,206,34.21320343,34.21320343559643,28,5.596426433385204e-09,ok,172,247,76,2.220618
den011d.map,89,8,30,210,13,184,33.04163055,33.041630560342625,26,1.034262453458723e-08,ok,108,195,88,1.252113
den011d.map,90,9,23,122,34,92,36.21320343,36.213203435596434,30,5.596433538812562e-09,ok,199,269,71,2.239326
den011d.map,91,9,56,195,70,225,37.45584412,37.45584412271572,30,2.7157156523571757e-09,ok,249,331,83,3.282135
den011d.map,92,9,85,105,110,80,37.11269836,37.112698372208094,28,1.2208090538479155e-08,ok,43,136,94,0.535985
den011d.map,93,9,98,162,111,195,38.38477631,38.38477631085023,33,8.502283321831783e-10,ok,93,182,90,1.10596
den011d.map,94,9,106,199,100,164,37.48528137,37.48528137423857,35,4.238565054492938e-09,ok,42,128,87,0.576588
den011d.map,95,9,48,206,86,206,38.0,38.0,38,0.0,ok,39,120,82,0.545715
den011d.map,96,9,61,206,47,172,39.79898987,39.79898987322333,34,3.2233273827841913e-09,ok,43,137,95,0.499385
den011d.map,97,9,46,91,35,126,39.55634918,39.556349186104036,35,6.10403816381222e-09,ok,38,137,100,0.481722
den011d.map,98,9,59,136,76,165,36.04163055,36.04163056034262,29,1.0342617429159873e-08,ok,103,182,80,1.385627
den011d.map,99,9,19,210,53,204,36.48528137,36.48528137423857,34,4.238565054492938e-09,ok,55,138,84,0.914443
den011d.map,100,10,109,94,121,57,43.97056274,43.97056274847712,39,8.477123003558518e-09,ok,116,197,82,1.42309
den011d.map,101,10,46,71,40,112,43.48528137,43.48528137423857,41,4.238565054492938e-09,ok,46,138,93,0.754153
den011d.map,102,10,36,144,13,125,43.55634918,43.556349186104036,39,6.10403816381222e-09,ok,146,246,101,2.003164
den011d.map,103,10,77,197,69,213,42.62741699,42.62741699796952,36,7.96951837855886e-09,ok,276,368,94,3.130356
den011d.map,104,10,55,204,72,234,43.14213562,43.14213562373095,39,3.730953324065922e-09,ok,242,326,85,3.129286
den011d.map,105,10,147,199,137,187,42.48528137,42.48528137423856,40,4.23855794906558e-09,ok,453,530,78,5.111827
den011d.map,106,10,72,187,101,196,40.38477631,40.384776310850235,35,8.502354376105359e-10,ok,418,491,74,5.893055
den011d.map,107,10,28,117,45,152,42.04163055,42.041630560342625,35,1.034262453458723e-08,ok,131,221,91,1.689527
den011d.map,108,10,96,61,83,96,40.38477631,40.38477631085022,35,8.502212267558207e-10,ok,62,154,93,1.117826
den011d.map,109,10,91,208,55,221,43.14213562,43.142135623730944,39,3.7309462186385645e-09,ok,194,286,93,2.631686
den011d.map,110,11,30,187,63,211,44.11269836,44.112698372208094,35,1.2208090538479155e-08,ok,188,290,103,2.325648
den011d.map,111,11,3,213,43,219,44.14213562,44.14213562373093,40,3.730932007783849e-09,ok,176,277,102,2.12094
den011d.map,112,11,40,207,40,179,47.65685425,47.656854249492376,46,5.076259412817308e-10,ok,822,953,132,10.382918
den011d.map,113,11,105,153,105,198,45.0,45.0,45,0.0,ok,46,141,96,0.772535
den011d.map,114,11,111,174,154,178,44.65685425,44.65685424949237,43,5.076330467090884e-10,ok,115,211,97,1.452447
den011d.map,115,11,122,67,93,94,46.62741699,46.627416997969526,40,7.969525483986217e-09,ok,239,351,113,3.224682
den011d.map,116,11,34,108,34,62,47.65685425,47.656854249492376,46,5.076259412817308e-10,ok,74,167,94,1.023169
den011d.map,117,11,46,93,24,58,44.11269836,44.112698372208094,35,1.2208090538479155e-08,ok,175,281,107,2.058273
den011d.map,118,11,71,180,99,212,45.35533905,45.35533905932736,35,9.327365546596411e-09,ok,158,273,116,2.072149
den011d.map,119,11,13,165,45,158,44.6984848,44.69848480983498,36,9.834977277023427e-09,ok,399,507,109,5.436927
den011d.map,120,12,119,132,77,111,51.28427124,51.2842712474619,43,7.461899542704487e-09,ok,148,245,98,1.984127
den011d.map,121,12,103,51,125,18,49.72792206,49.72792206135785,46,1.357854273464909e-09,ok,320,396,77,3.767492
den011d.map,122,12,49,234,63,202,48.76955261,48.769552621700456,38,1.1700457491770067e-08,ok,326,413,88,4.070621
den011d.map,123,12,101,99,58,112,50.97056274,50.970562748477136,46,8.477137214413233e-09,ok,137,241,105,1.560329
den011d.map,124,12,106,123,107,92,51.35533905,51.35533905932736,41,9.327365546596411e-09,ok,538,644,107,10.855335
den011d.map,125,12,88,62,90,112,50.82842712,50.828427124746185,50,4.746183890347311e-09,ok,71,178,108,1.50266
den011d.map,126,12,99,82,98,121,48.28427124,48.28427124746189,40,7.461885331849771e-09,ok,468,577,116,6.424942
den011d.map,127,12,62,143,93,171,49.62741699,49.627416997969526,43,7.969525483986217e-09,ok,390,488,99,4.477083
den011d.map,128,12,8,166,55,175,50.72792206,50.72792206135786,47,1.3578613788922667e-09,ok,54,163,110,0.72844
den011d.map,129,12,49,114,100,112,51.82842712,51.82842712474619,51,4.746190995774668e-09,ok,52,159,108,0.662147
den011d.map,130,13,25,26,21,80,55.65685425,55.656854249492376,54,5.076259412817308e-10,ok,110,230,121,1.31136
den011d.map,131,13,39,88,20,42,53.87005768,53.87005768508879,46,5.088786281248758e-09,ok,105,250,146,1.184587
den011d.map,132,13,40,128,57,169,54.48528137,54.48528137423856,52,4.23855794906558e-09,ok,434,511,78,4.848649
den011d.map,133,13,103,199,70,230,54.62741699,54.62741699796952,48,7.96951837855886e-09,ok,380,477,98,5.696653
den011d.map,134,13,52,188,92,192,53.21320343,53.21320343559641,47,5.596412222530489e-09,ok,396,481,86,4.496677
den011d.map,135,13,146,191,115,192,55.45584412,55.455844122715696,48,2.715694336075103e-09,ok,419,552,135,4.443446
den011d.map,136,13,22,177,56,201,54.97056274,54.97056274847713,50,8.477130108985875e-09,ok,313,417,105,3.481574
den011d.map,137,13,44,196,88,206,52.24264069,52.242640687119284,51,2.880717886455386e-09,ok,83,192,110,0.955715
den011d.map,138,13,64,137,89,181,54.94112549,54.94112549695424,45,6.954245179713325e-09,ok,254,373,120,2.818257
den011d.map,139,13,82,68,100,27,55.28427124,55.28427124746189,47,7.461885331849771e-09,ok,394,479,86,4.385067
den011d.map,140,14,32,109,25,57,58.21320343,58.21320343559641,52,5.596412222530489e-09,ok,132,256,125,1.482171
den011d.map,141,14,99,120,51,105,56.55634918,56.55634918610402,52,6.104023952957505e-09,ok,66,188,123,0.780009
den011d.map,142,14,115,178,81,204,57.21320343,57.21320343559641,51,5.596412222530489e-09,ok,508,623,116,5.602757
den011d.map,143,14,58,197,82,177,57.55634918,57.55634918610403,53,6.104031058384862e-09,ok,784,917,134,8.842427
den011d.map,144,14,52,227,101,211,59.04163055,59.04163056034261,52,1.0342610323732515e-08,ok,366,445,80,4.323809
den011d.map,145,14,25,115,44,63,59.87005768,59.8700576850888,52,5.0888004921034735e-09,ok,99,226,128,1.263915
den011d.map,146,14,76,115,27,130,58.52691193,58.526911934581136,49,4.581139023684955e-09,ok,166,277,112,1.967796
den011d.map,147,14,49,236,54,205,57.35533905,57.35533905932736,47,9.327365546596411e-09,ok,516,604,89,5.619683
den011d.map,148,14,74,204,70,165,58.11269836,58.112698372208044,49,1.2208040800487652e-08,ok,528,725,198,6.37644
den011d.map,149,14,107,176,76,193,56.38477631,56.38477631085023,51,8.502283321831783e-10,ok,602,704,103,6.504737
den011d.map,150,15,80,61,100,115,62.28427124,62.284271247461874,54,7.461871120995056e-09,ok,166,321,156,1.948424
den011d.map,151,15,56,181,75,235,62.6984848,62.69848480983498,54,9.834977277023427e-09,ok,349,467,119,4.29817
den011d.map,152,15,102,59,81,110,60.28427124,60.28427124746185,52,7.461849804712983e-09,ok,430,575,170,4.978048
den011d.map,153,15,53,180,46,126,61.04163055,61.04163056034259,54,1.0342589007450442e-08,ok,386,489,104,4.515579
den011d.map,154,15,60,113,39,154,60.72792206,60.727922061357845,57,1.3578471680375515e-09,ok,202,335,134,2.195469
den011d.map,155,15,18,201,75,200,60.72792206,60.727922061357845,57,1.3578471680375515e-09,ok,245,370,126,2.999537
den011d.map,156,15,19,84,23,126,63.79898987,63.79898987322329,58,3.2232918556474033e-09,ok,195,318,124,2.008554
den011d.map,157,15,98,113,40,104,61.72792206,61.727922061357845,58,1.3578471680375515e-09,ok,119,249,131,1.332696
den011d.map,158,15,105,155,82,105,63.04163055,63.04163056034257,56,1.034256769116837e-08,ok,320,424,105,3.432822
den011d.map,159,15,109,84,61,115,62.59797974,62.59797974644664,51,6.446640554713667e-09,ok,370,526,157,4.316728
den011d.map,160,16,72,232,47,180,65.52691193,65.52691193458116,56,4.581167445394385e-09,ok,550,681,141,6.186357
den011d.map,161,16,40,105,45,170,67.07106781,67.07106781186548,65,1.8654731093192822e-09,ok,164,310,147,2.010781
den011d.map,162,16,107,142,66,109,65.21320343,65.21320343559641,59,5.596419327957847e-09,ok,299,419,121,3.384771
den011d.map,163,16,76,193,104,166,65.14213562,65.14213562373095,61,3.7309462186385645e-09,ok,896,1025,130,9.711929
den011d.map,164,16,69,222,102,177,67.45584412,67.45584412271569,60,2.715694336075103e-09,ok,690,838,149,7.682213
den011d.map,165,16,59,192,7,186,67.59797974,67.59797974644664,56,6.446640554713667e-09,ok,619,833,215,7.27374
den011d.map,166,16,97,130,125,170,64.62741699,64.62741699796949,58,7.96948995684943e-09,ok,484,555,72,5.258739
den011d.map,167,16,107,28,86,84,64.6984848,64.69848480983495,56,9.834948855313996e-09,ok,70,229,160,0.883725
den011d.map,168,16,123,56,92,104,66.84062042,66.84062043356593,54,1.3565937706516706e-08,ok,892,981,148,10.196579
den011d.map,169,16,63,201,66,170,65.11269836,65.11269837220803,56,1.2208033695060294e-08,ok,1128,1307,180,12.69325
den011d.map,170,17,47,110,102,129,68.72792206,68.72792206135784,65,1.3578471680375515e-09,ok,559,653,95,6.362587
den011d.map,171,17,24,206,34,176,70.48528137,70.48528137423855,68,4.23855794906558e-09,ok,1720,1859,140,19.004474
den011d.map,172,17,104,106,106,58,68.87005768,68.87005768508877,61,5.0887649649666855e-09,ok,244,399,156,2.60697
den011d.map,173,17,110,133,138,176,71.72792206,71.72792206135784,68,1.3578471680375515e-09,ok,438,556,119,4.565333
den011d.map,174,17,86,173,70,231,68.04163055,68.04163056034258,61,1.0342589007450442e-08,ok,544,677,134,6.368485
den011d.map,175,17,84,204,107,152,68.55634918,68.55634918610403,64,6.104031058384862e-09,ok,537,720,184,6.298112
den011d.map,176,17,101,179,55,205,68.48528137,68.48528137423857,66,4.238572159920295e-09,ok,269,416,148,2.981034
den011d.map,177,17,59,184,75,245,69.28427124,69.28427124746189,61,7.461892437277129e-09,ok,362,489,128,4.39947
den011d.map,178,17,58,240,104,206,68.87005768,68.8700576850888,61,5.088793386676116e-09,ok,522,652,131,5.763926
den011d.map,179,17,37,198,54,229,68.18376617,68.18376618407352,57,1.4073521015234292e-08,ok,1413,1559,147,16.730506
den011d.map,180,18,36,105,93,88,73.79898987,73.7989898732233,68,3.2233060665021185e-09,ok,727,865,139,9.594173
den011d.map,181,18,49,242,83,192,73.49747467,73.49747468305829,59,1.3058283343525545e-08,ok,867,953,116,10.975577
den011d.map,182,18,44,157,26,204,75.72792206,75.72792206135786,72,1.3578613788922667e-09,ok,1087,1236,150,16.576152
den011d.map,183,18,32,76,83,109,75.79898987,75.79898987322332,70,3.2233202773568337e-09,ok,584,723,140,11.423688
den011d.map,184,18,44,177,11,202,73.89949493,73.89949493661166,71,6.611656999666593e-09,ok,1055,1246,192,16.995639
den011d.map,185,18,96,91,104,156,74.11269836,74.11269837220809,65,1.2208090538479155e-08,ok,294,461,168,3.717424
den011d.map,186,18,69,162,70,220,75.08326111,75.08326112068518,61,1.0685184292924532e-08,ok,865,990,126,10.755089
den011d.map,187,18,36,113,106,117,73.3137085,73.31370849898475,70,1.0152518825634615e-09,ok,191,320,130,2.912446
den011d.map,188,18,98,171,75,221,72.45584412,72.45584412271567,65,2.7156801252203877e-09,ok,716,818,104,10.171664
den011d.map,189,18,42,213,35,152,72.52691193,72.52691193458114,63,4.581139023684955e-09,ok,681,852,172,9.322415
den011d.map,190,19,52,160,104,197,79.42640686,79.42640687119281,67,1.1192810234206263e-08,ok,1012,1100,123,11.670883
den011d.map,191,19,51,180,25,113,77.76955261,77.76955262170041,67,1.1700407753778563e-08,ok,133,312,180,1.588887
den011d.map,192,19,48,174,7,215,79.79898987,79.79898987322329,74,3.2232918556474033e-09,ok,862,1066,205,10.055874
den011d.map,193,19,9,169,67,202,77.52691193,77.52691193458114,68,4.581139023684955e-09,ok,747,883,137,8.998355
den011d.map,194,19,100,183,105,107,78.07106781,78.07106781186548,76,1.8654731093192822e-09,ok,77,241,165,1.027783
den011d.map,195,19,9,130,27,67,78.49747467,78.4974746830583,64,1.305829755438026e-08,ok,474,593,120,5.272656
den011d.map,196,19,64,206,9,178,76.6984848,76.69848480983498,68,9.834977277023427e-09,ok,1530,1712,183,18.697449
den011d.map,197,19,120,8,128,63,77.76955261,77.76955262170044,67,1.1700436175487994e-08,ok,600,710,111,7.972208
den011d.map,198,19,122,60,99,118,79.32590179,79.32590180780444,64,1.7804438812163426e-08,ok,953,1069,117,16.124462
den011d.map,199,19,45,206,16,157,76.52691193,76.52691193458114,67,4.581139023684955e-09,ok,1270,1499,230,25.898011
den011d.map,200,20,67,180,63,178,81.45584412,81.45584412271572,74,2.7157227577845333e-09,ok,1540,1649,110,27.163548
den011d.map,201,20,111,82,121,14,80.04163055,80.04163056034257,73,1.0342574796595727e-08,ok,638,779,142,13.201682
den011d.map,202,20,54,213,75,164,80.76955261,80.76955262170043,70,1.1700421964633279e-08,ok,1384,1574,191,26.466319
den011d.map,203,20,46,84,99,105,81.3137085,81.31370849898475,78,1.0152518825634615e-09,ok,345,498,154,6.364963
den011d.map,204,20,33,207,51,240,80.6984848,80.69848480983494,72,9.834934644459281e-09,ok,1637,1828,192,27.689893
den011d.map,205,20,21,168,41,107,83.97056274,83.97056274847714,79,8.477130108985875e-09,ok,472,662,191,5.311033
den011d.map,206,20,82,204,30,162,81.6984848,81.69848480983497,73,9.834963066168712e-09,ok,1021,1145,159,11.592546
den011d.map,207,20,61,110,87,53,81.48528137,81.48528137423857,79,4.238572159920295e-09,ok,444,601,158,4.95622
den011d.map,208,20,52,235,70,186,80.74011536,80.74011537017756,65,1.0177558351642801e-08,ok,1286,1414,129,14.057547
den011d.map,209,20,110,116,106,196,81.65685425,81.65685424949237,80,5.076259412817308e-10,ok,81,237,157,1.028815
den011d.map,210,21,36,107,28,26,86.79898987,86.79898987322332,81,3.2233202773568337e-09,ok,488,654,167,5.509698
den011d.map,211,21,74,217,109,157,84.11269836,84.11269837220806,75,1.2208062116769725e-08,ok,806,996,191,8.658364
den011d.map,212,21,68,219,5,184,87.84062042,87.84062043356587,75,1.3565880863097846e-08,ok,359,569,211,4.041023
den011d.map,213,21,116,124,138,183,87.87005768,87.87005768508877,80,5.0887649649666855e-09,ok,585,704,120,6.149121
den011d.map,214,21,23,212,41,154,85.45584412,85.45584412271569,78,2.715694336075103e-09,ok,1420,1596,177,16.621593
den011d.map,215,21,42,194,10,172,86.38477631,86.38477631085021,81,8.502070159011055e-10,ok,1725,1919,195,18.780839
den011d.map,216,21,59,242,31,190,85.49747467,85.49747468305827,71,1.305826913267083e-08,ok,784,952,169,13.102689
den011d.map,217,21,20,78,86,109,87.04163055,87.04163056034261,80,1.0342617429159873e-08,ok,681,824,144,10.230354
den011d.map,218,21,31,187,100,193,87.28427124,87.28427124746189,79,7.461892437277129e-09,ok,976,1128,153,11.841879
den011d.map,219,21,59,211,7,163,85.35533905,85.35533905932732,75,9.327322914032266e-09,ok,1247,1485,239,14.205731
den011d.map,220,22,151,208,108,193,89.89949493,89.89949493661166,87,6.611656999666593e-09,ok,1224,1306,118,13.160248
den011d.map,221,22,111,97,103,159,88.04163055,88.04163056034258,81,1.0342589007450442e-08,ok,274,451,178,2.941382
den011d.map,222,22,23,186,24,169,91.84062042,91.84062043356592,79,1.3565923495661991e-08,ok,1733,1908,176,22.128339
den011d.map,223,22,69,236,14,195,90.28427124,90.28427124746187,82,7.461878226422414e-09,ok,808,992,185,13.189293
den011d.map,224,22,35,116,20,32,91.04163055,91.04163056034257,84,1.0342574796595727e-08,ok,256,458,203,3.232682
den011d.map,225,22,38,218,86,171,89.04163055,89.0416305603426,82,1.0342603218305157e-08,ok,1432,1581,150,19.792256
den011d.map,226,22,84,93,39,139,88.45584412,88.45584412271569,81,2.715694336075103e-09,ok,856,984,129,8.945505
den011d.map,227,22,28,55,76,109,91.45584412,91.45584412271569,84,2.715694336075103e-09,ok,993,1126,134,10.744451
den011d.map,228,22,17,161,77,215,91.98275604,91.98275605729683,75,1.729682708173641e-08,ok,1045,1206,169,11.666266
den011d.map,229,22,107,166,69,167,90.59797974,90.59797974644658,79,6.4465837112948066e-09,ok,1293,1466,174,13.724152
den011d.map,230,23,99,92,99,175,94.94112549,94.94112549695427,85,6.954266495995398e-09,ok,494,660,167,5.528029
den011d.map,231,23,53,139,76,204,92.08326111,92.0832611206852,78,1.0685198503779247e-08,ok,1319,1385,168,14.810944
den011d.map,232,23,80,171,51,169,95.28427124,95.28427124746187,87,7.461878226422414e-09,ok,1683,1815,133,18.161211
den011d.map,233,23,54,233,14,211,93.11269836,93.11269837220807,84,1.220807632762444e-08,ok,775,903,129,8.173882
den011d.map,234,23,60,201,128,188,92.94112549,92.94112549695421,83,6.954209652576537e-09,ok,1484,1656,173,16.677131
den011d.map,235,23,19,214,75,240,94.62741699,94.62741699796949,88,7.96948995684943e-09,ok,1733,1877,162,19.721613
den011d.map,236,23,103,135,103,53,93.59797974,93.59797974644661,82,6.446612133004237e-09,ok,575,732,158,6.598429
den011d.map,237,23,104,24,82,106,93.45584412,93.45584412271566,86,2.7156659143656725e-09,ok,1097,1258,207,12.55473
den011d.map,238,23,47,201,68,163,93.76955261,93.7695526217004,83,1.1700393542923848e-08,ok,2229,2451,223,24.58659
den011d.map,239,23,19,21,35,109,95.45584412,95.45584412271567,88,2.7156801252203877e-09,ok,651,790,158,7.249291
den011d.map,240,24,80,63,108,147,97.35533905,97.35533905932732,87,9.327322914032266e-09,ok,878,1076,234,10.18752
den011d.map,241,24,106,147,88,170,98.55634918,98.55634918610401,94,6.104016847530147e-09,ok,1715,1853,139,17.457728
den011d.map,242,24,83,114,103,25,98.11269836,98.11269837220806,89,1.2208062116769725e-08,ok,750,971,222,8.347015
den011d.map,243,24,52,189,121,183,98.59797974,98.59797974644661,87,6.446612133004237e-09,ok,1748,1882,152,19.268014
den011d.map,244,24,12,216,67,241,98.04163055,98.04163056034257,91,1.0342574796595727e-08,ok,1555,1715,161,17.213424
den011d.map,245,24,107,27,100,114,99.59797974,99.5979797464466,88,6.446597922149522e-09,ok,1381,1513,158,16.308631
den011d.map,246,24,101,113,100,211,99.24264069,99.24264068711928,98,2.8807249918827438e-09,ok,179,358,180,2.016643
den011d.map,247,24,76,181,19,211,98.11269836,98.11269837220807,89,1.220807632762444e-08,ok,872,1098,227,9.808043
den011d.map,248,24,68,176,126,188,96.81118317,96.81118318204302,79,1.2043017250107368e-08,ok,1622,1741,120,18.157324
den011d.map,249,24,93,101,104,186,96.62741699,96.62741699796953,90,7.969532589413575e-09,ok,165,367,203,1.926506
den011d.map,250,25,68,155,103,163,103.76955261,103.76955262170046,93,1.1700450386342709e-08,ok,1531,1638,108,28.879705
den011d.map,251,25,30,163,9,200,102.38477631,102.38477631085023,97,8.502212267558207e-10,ok,1559,1712,154,27.786832
den011d.map,252,25,139,170,69,181,101.66904755,101.66904755831206,88,8.312056820614089e-09,ok,1476,1621,146,28.819395
den011d.map,253,25,114,179,40,208,100.45584412,100.45584412271569,93,2.715694336075103e-09,ok,677,872,196,7.719683
den011d.map,254,25,35,192,37,133,103.52691193,103.52691193458116,94,4.581167445394385e-09,ok,1753,1904,221,19.206718
den011d.map,255,25,135,188,93,109,102.25483398,102.254833995939,89,1.5938994124553574e-08,ok,586,773,188,6.710707
den011d.map,256,25,38,80,101,127,100.04163055,100.0416305603426,93,1.0342603218305157e-08,ok,1137,1262,140,12.306047
den011d.map,257,25,24,215,70,177,101.25483398,101.25483399593898,88,1.593897991369886e-08,ok,2640,2817,178,33.376162
den011d.map,258,25,70,174,132,182,100.91168823,100.91168824543138,86,1.5431382394126558e-08,ok,1708,1827,120,18.96645
den011d.map,259,25,70,164,107,156,102.59797974,102.59797974644663,91,6.446626343858952e-09,ok,1538,1667,130,15.855505
den011d.map,260,26,45,160,91,171,104.6984848,104.69848480983495,96,9.834948855313996e-09,ok,1710,1873,164,17.987863
den011d.map,261,26,95,193,12,173,105.52691193,105.52691193458114,96,4.581139023684955e-09,ok,1607,1903,297,18.427849
den011d.map,262,26,94,85,102,182,104.45584412,104.4558441227157,97,2.715708546929818e-09,ok,257,467,211,2.934475
den011d.map,263,26,42,188,75,162,106.11269836,106.11269837220804,97,1.220804790591501e-08,ok,2187,2408,222,23.301511
den011d.map,264,26,19,39,11,126,106.15432892,106.15432893255061,90,1.2550614769679669e-08,ok,899,1066,168,10.17288
den011d.map,265,26,114,186,71,115,107.45584412,107.45584412271567,100,2.7156801252203877e-09,ok,1097,1218,122,11.928024
den011d.map,266,26,62,178,123,168,107.04163055,107.04163056034257,100,1.0342574796595727e-08,ok,1386,1581,196,15.144344
den011d.map,267,26,85,96,43,161,107.04163055,107.04163056034258,100,1.0342589007450442e-08,ok,1154,1321,168,12.535947
den011d.map,268,26,100,63,46,127,106.87005768,106.87005768508878,99,5.088779175821401e-09,ok,1785,1913,171,19.49507
den011d.map,269,26,11,170,15,205,104.55634918,104.55634918610401,100,6.104016847530147e-09,ok,1376,1515,140,13.943293
den011d.map,270,27,37,118,117,69,110.49747467,110.49747468305826,96,1.3058254921816115e-08,ok,1452,1637,191,16.061667
den011d.map,271,27,72,110,100,196,111.55634918,111.55634918610403,107,6.104031058384862e-09,ok,548,732,185,5.817657
den011d.map,272,27,20,27,19,123,109.66904755,109.66904755831206,96,8.312056820614089e-09,ok,915,1058,144,10.238114
den011d.map,273,27,111,195,39,152,110.0121933,110.0121933088197,98,8.819696972750535e-09,ok,2000,2244,245,21.181019
den011d.map,274,27,119,180,61,171,109.04163055,109.0416305603426,102,1.0342603218305157e-08,ok,2527,2705,194,26.963822
den011d.map,275,27,76,226,9,154,111.95331879,111.95331880577395,90,1.5773949257891218e-08,ok,895,1127,233,9.934552
den011d.map,276,27,103,162,56,173,108.14213562,108.14213562373092,104,3.730917796929134e-09,ok,2196,2408,214,23.577192
den011d.map,277,27,38,111,102,160,108.3137085,108.31370849898474,105,1.0152660934181768e-09,ok,1462,1651,190,15.588012
den011d.map,278,27,156,172,90,177,111.62741699,111.62741699796948,105,7.969475745994714e-09,ok,2048,2143,132,22.813539
den011d.map,279,27,145,186,89,180,110.38477631,110.3847763108502,105,8.501928050463903e-10,ok,2032,2111,141,21.58677
den011d.map,280,28,9,174,53,228,113.15432892,113.15432893255061,97,1.2550614769679669e-08,ok,2000,2148,149,22.003593
den011d.map,281,28,44,88,89,56,114.3137085,114.31370849898474,111,1.0152660934181768e-09,ok,1746,1923,178,19.325361
den011d.map,282,28,42,149,4,183,115.25483398,115.25483399593898,102,1.593897991369886e-08,ok,2396,2569,174,28.978633
den011d.map,283,28,131,177,81,93,114.66904755,114.66904755831206,101,8.312056820614089e-09,ok,395,624,230,4.748354
den011d.map,284,28,94,111,49,169,113.14213562,113.14213562373092,109,3.730917796929134e-09,ok,1823,1983,161,21.149933
den011d.map,285,28,126,178,39,196,114.35533905,114.35533905932732,104,9.327322914032266e-09,ok,1547,1746,200,18.464863
den011d.map,286,28,61,107,11,160,112.0121933,112.01219330881969,100,8.81968276189582e-09,ok,1934,2053,120,23.288942
den011d.map,287,28,71,165,23,194,113.66904755,113.66904755831209,100,8.31208524232352e-09,ok,1757,1900,144,22.074295
den011d.map,288,28,79,114,23,174,112.62741699,112.62741699796948,106,7.969475745994714e-09,ok,1396,1545,161,18.131966
den011d.map,289,28,57,183,62,145,112.25483398,112.25483399593897,99,1.5938965702844143e-08,ok,2781,3067,287,32.531312
den011d.map,290,29,76,235,139,172,117.25483398,117.25483399593897,104,1.5938965702844143e-08,ok,1294,1455,162,14.270505
den011d.map,291,29,97,105,38,172,117.79898987,117.79898987322329,112,3.2232918556474033e-09,ok,1189,1396,208,26.076457
den011d.map,292,29,53,109,40,202,119.6984848,119.69848480983495,111,9.834948855313996e-09,ok,1896,2067,172,23.833387
den011d.map,293,29,34,207,116,189,116.87005768,116.87005768508878,109,5.088779175821401e-09,ok,2809,3006,198,39.626472
den011d.map,294,29,116,172,111,79,118.81118317,118.81118318204297,101,1.2042960406688508e-08,ok,1269,1461,193,15.386691
den011d.map,295,29,6,197,71,176,119.0121933,119.01219330881969,107,8.81968276189582e-09,ok,2799,2930,132,42.026273
den011d.map,296,29,106,156,68,151,116.0121933,116.01219330881968,104,8.819668551041104e-09,ok,2103,2336,234,38.320016
den011d.map,297,29,104,159,31,106,117.21320343,117.21320343559638,111,5.596390906248416e-09,ok,724,924,201,13.839414
den011d.map,298,29,7,158,12,207,117.35533905,117.35533905932736,107,9.327365546596411e-09,ok,1383,1530,148,17.15348
den011d.map,299,29,156,196,79,193,117.35533905,117.35533905932733,107,9.32733712488698e-09,ok,1907,1988,159,24.388438
den011d.map,300,30,75,235,142,180,120.66904755,120.66904755831206,107,8.312056820614089e-09,ok,1495,1654,160,16.519297
den011d.map,301,30,38,138,49,235,123.53910522,123.5391052434008,102,2.340080129670241e-08,ok,1949,2121,173,22.625773
den011d.map,302,30,102,147,35,135,120.21320343,120.21320343559638,114,5.596390906248416e-09,ok,1824,1944,157,20.119554
den011d.map,303,30,103,36,106,145,123.25483398,123.25483399593895,110,1.5938951491989428e-08,ok,1321,1540,220,15.713474
den011d.map,304,30,99,179,109,72,121.91168823,121.91168824543132,107,1.5431325550707697e-08,ok,1092,1245,154,13.843206
den011d.map,305,30,85,81,129,172,121.76955261,121.76955262170041,111,1.1700407753778563e-08,ok,1751,1872,164,20.390725
den011d.map,306,30,26,184,32,132,120.08326111,120.08326112068521,106,1.0685212714633963e-08,ok,2181,2327,191,23.554654
den011d.map,307,30,89,182,103,111,120.07106781,120.07106781186548,118,1.8654731093192822e-09,ok,1523,1768,246,16.429282
den011d.map,308,30,145,207,92,188,123.45584412,123.45584412271567,116,2.7156801252203877e-09,ok,1999,2058,163,21.214222
den011d.map,309,30,133,172,63,243,120.49747467,120.49747468305826,106,1.3058254921816115e-08,ok,1451,1578,140,15.58852
den011d.map,310,31,69,108,58,205,127.35533905,127.35533905932732,117,9.327322914032266e-09,ok,718,923,206,8.215868
den011d.map,311,31,80,177,117,121,126.35533905,126.35533905932733,116,9.32733712488698e-09,ok,2268,2381,146,24.883329
den011d.map,312,31,27,124,116,59,125.88225098,125.88225099390847,106,1.3908476148571935e-08,ok,1205,1440,236,14.079451
den011d.map,313,31,24,55,91,86,126.42640686,126.4264068711928,114,1.1192796023351548e-08,ok,1901,2019,119,20.881571
den011d.map,314,31,63,171,137,174,125.38477631,125.3847763108502,120,8.501928050463903e-10,ok,1549,1766,218,17.86884
den011d.map,315,31,41,103,78,208,125.59797974,125.59797974644658,114,6.4465837112948066e-09,ok,1335,1532,198,17.648571
den011d.map,316,31,53,218,37,126,124.32590179,124.32590180780444,109,1.7804438812163426e-08,ok,454,716,263,4.976005
den011d.map,317,31,117,176,47,156,127.0121933,127.0121933088197,115,8.819696972750535e-09,ok,3298,3505,228,36.234799
den011d.map,318,31,22,158,83,169,127.25483398,127.25483399593898,114,1.593897991369886e-08,ok,2239,2387,149,24.459779
den011d.map,319,31,107,91,29,60,126.25483398,126.25483399593898,113,1.593897991369886e-08,ok,2129,2332,204,23.660209
den011d.map,320,32,84,170,9,174,128.11269836,128.11269837220806,119,1.2208062116769725e-08,ok,2321,2581,261,27.344163
den011d.map,321,32,107,143,40,195,128.45584412,128.45584412271566,121,2.7156659143656725e-09,ok,1750,1962,213,21.435408
den011d.map,322,32,98,50,106,169,130.59797974,130.5979797464466,119,6.446612133004237e-09,ok,1071,1329,259,14.527303
den011d.map,323,32,146,178,42,202,130.87005768,130.87005768508877,123,5.0887649649666855e-09,ok,1645,1832,190,21.144522
den011d.map,324,32,7,200,110,170,131.28427124,131.28427124746185,123,7.461835593858268e-09,ok,2439,2671,233,36.156569
den011d.map,325,32,52,229,46,125,131.29646454,131.2964645562816,111,1.628160362088238e-08,ok,1337,1499,226,22.635699
den011d.map,326,32,154,210,74,202,130.28427124,130.28427124746185,122,7.461835593858268e-09,ok,1631,1744,153,27.886215
den011d.map,327,32,36,221,51,114,131.0121933,131.01219330881972,119,8.81971118360525e-09,ok,2375,2504,183,45.747734
den011d.map,328,32,104,37,38,116,128.59797974,128.59797974644658,117,6.4465837112948066e-09,ok,1658,1854,197,19.937085
den011d.map,329,32,71,229,103,120,131.04163055,131.04163056034258,124,1.0342574796595727e-08,ok,1164,1455,292,13.764457
den011d.map,330,33,79,228,24,122,132.29646454,132.2964645562816,112,1.628160362088238e-08,ok,1330,1486,237,16.404182
den011d.map,331,33,88,76,36,168,134.04163055,134.04163056034258,127,1.0342574796595727e-08,ok,1531,1749,219,19.121841
den011d.map,332,33,5,214,42,123,135.6984848,135.69848480983495,127,9.834963066168712e-09,ok,1881,2058,178,26.456418
den011d.map,333,33,84,55,19,133,132.25483398,132.25483399593895,119,1.5938951491989428e-08,ok,1233,1427,222,21.939304
den011d.map,334,33,78,190,29,133,133.25483398,133.254833995939,120,1.593900833540829e-08,ok,3106,3246,202,44.594888
den011d.map,335,33,43,69,111,67,133.0121933,133.0121933088197,121,8.81968276189582e-09,ok,1938,2124,187,20.652501
den011d.map,336,33,122,130,80,172,133.94112549,133.94112549695424,124,6.954252285140683e-09,ok,2217,2365,149,27.438468
den011d.map,337,33,24,84,114,68,134.91168823,134.91168824543132,120,1.5431311339852982e-08,ok,2061,2240,187,24.352296
den011d.map,338,33,30,129,13,189,132.84062042,132.84062043356585,120,1.3565852441388415e-08,ok,2881,3046,166,32.311196
den011d.map,339,33,83,112,9,160,134.76955261,134.7695526217004,124,1.1700393542923848e-08,ok,2454,2632,179,28.683599
den011d.map,340,34,45,144,101,52,139.0121933,139.0121933088197,127,8.81968276189582e-09,ok,1561,1812,252,18.71987
den011d.map,341,34,154,171,86,89,138.76955261,138.76955262170043,128,1.1700421964633279e-08,ok,695,924,230,9.445338
den011d.map,342,34,105,172,28,120,136.11269836,136.11269837220806,127,1.2208062116769725e-08,ok,1526,1711,186,25.435707
den011d.map,343,34,31,179,61,153,137.63961029,137.63961030678922,119,1.6789215351309394e-08,ok,3797,4091,295,40.904348
den011d.map,344,34,100,93,27,177,138.84062042,138.84062043356596,126,1.3565966128226137e-08,ok,1908,2096,200,21.935557
den011d.map,345,34,58,111,104,7,136.52691193,136.52691193458114,127,4.5811248128302395e-09,ok,465,730,266,5.247187
den011d.map,346,34,70,201,72,117,137.84062042,137.8406204335659,125,1.3565909284807276e-08,ok,5040,5282,248,59.134597
den011d.map,347,34,41,118,100,186,136.21320343,136.21320343559643,130,5.596433538812562e-09,ok,2735,2979,245,29.643349
den011d.map,348,34,107,174,19,158,136.32590179,136.32590180780448,121,1.7804495655582286e-08,ok,2444,2741,298,27.52831
den011d.map,349,34,62,170,104,132,139.07106781,139.07106781186548,137,1.8654873201739974e-09,ok,2370,2682,313,25.661218
den011d.map,350,35,90,95,62,187,141.49747467,141.49747468305836,127,1.3058354397799121e-08,ok,2656,2890,235,30.298143
den011d.map,351,35,26,115,79,233,140.53910522,140.53910524340085,119,2.3400843929266557e-08,ok,1029,1254,271,11.554157
den011d.map,352,35,20,217,14,124,142.25483398,142.25483399593898,129,1.593897991369886e-08,ok,3134,3290,167,35.880629
den011d.map,353,35,68,167,7,174,140.32590179,140.32590180780448,125,1.7804495655582286e-08,ok,2379,2651,273,26.514533
den011d.map,354,35,72,190,84,104,140.76955261,140.7695526217005,130,1.170050722976157e-08,ok,2196,2382,187,25.156918
den011d.map,355,35,67,156,39,149,140.63961029,140.63961030678922,122,1.6789215351309394e-08,ok,1725,1920,196,16.962906
den011d.map,356,35,91,192,103,96,142.52691193,142.52691193458116,133,4.58115323453967e-09,ok,3157,3277,282,36.172086
den011d.map,357,35,100,69,107,197,140.0121933,140.0121933088197,128,8.81968276189582e-09,ok,723,999,277,8.404329
den011d.map,358,35,7,185,39,120,141.66904755,141.6690475583121,128,8.312099453178234e-09,ok,1512,1735,224,15.369494
den011d.map,359,35,60,178,159,170,142.45584412,142.4558441227157,135,2.715694336075103e-09,ok,1635,1872,238,18.686145
den011d.map,360,36,84,103,70,217,145.25483398,145.25483399593907,132,1.593906517882715e-08,ok,1866,2026,169,21.484672
den011d.map,361,36,114,175,42,132,144.11269836,144.11269837220806,135,1.2208062116769725e-08,ok,3982,4192,293,45.63287
den011d.map,362,36,67,109,157,178,145.52691193,145.52691193458116,136,4.58115323453967e-09,ok,1619,1802,184,25.82454
den011d.map,363,36,106,142,23,186,147.42640686,147.4264068711929,135,1.1192923921043985e-08,ok,2172,2479,308,33.318673
den011d.map,364,36,56,138,36,175,144.88225098,144.8822509939085,125,1.3908504570281366e-08,ok,1931,2049,120,26.601291
den011d.map,365,36,102,120,64,243,147.52691193,147.52691193458116,138,4.58115323453967e-09,ok,1445,1586,154,16.98757
den011d.map,366,36,153,202,72,166,147.91168823,147.9116882454315,133,1.5431481870109565e-08,ok,2274,2399,141,25.624908
den011d.map,367,36,135,176,94,64,146.0121933,146.01219330881972,134,8.81971118360525e-09,ok,1486,1664,187,16.970661
den011d.map,368,36,79,174,44,120,147.08326111,147.08326112068522,133,1.0685226925488678e-08,ok,2625,2819,234,29.203705
den011d.map,369,36,156,203,52,201,145.6984848,145.69848480983495,137,9.834963066168712e-09,ok,1688,1825,147,26.115806
den011d.map,370,37,33,105,126,177,149.76955261,149.76955262170048,139,1.170047880805214e-08,ok,2606,2774,193,29.856302
den011d.map,371,37,39,116,97,17,150.49747467,150.49747468305833,136,1.305832597608969e-08,ok,3073,3323,252,37.509676
den011d.map,372,37,156,175,94,80,150.59797974,150.59797974644664,139,6.446640554713667e-09,ok,1653,1799,192,18.077905
den011d.map,373,37,90,93,149,198,150.18376617,150.18376618407356,139,1.4073549436943722e-08,ok,2547,2710,210,28.317242
den011d.map,374,37,54,140,104,142,148.91168823,148.91168824543135,134,1.5431339761562413e-08,ok,1552,1703,152,20.274077
den011d.map,375,37,75,61,128,175,148.25483398,148.254833995939,135,1.593900833540829e-08,ok,2080,2226,247,30.120649
den011d.map,376,37,38,69,125,64,150.32590179,150.32590180780448,135,1.7804495655582286e-08,ok,2417,2610,197,27.888351
den011d.map,377,37,111,154,13,219,148.94112549,148.94112549695424,139,6.954252285140683e-09,ok,2054,2263,211,24.542113
den011d.map,378,37,84,114,74,172,148.52691193,148.52691193458122,139,4.581210077958531e-09,ok,4787,5050,264,56.764915
den011d.map,379,37,99,193,117,67,148.91168823,148.91168824543135,134,1.5431339761562413e-08,ok,1977,2141,179,23.086228
den011d.map,380,38,45,93,71,234,155.91168823,155.91168824543138,141,1.5431368183271843e-08,ok,1186,1427,243,13.355806
den011d.map,381,38,72,208,22,82,154.91168823,154.91168824543138,140,1.5431368183271843e-08,ok,2207,2365,271,25.768131
den011d.map,382,38,43,98,51,215,155.32590179,155.32590180780448,140,1.7804495655582286e-08,ok,3634,3775,202,40.766053
den011d.map,383,38,150,169,40,167,153.15432892,153.15432893255075,137,1.2550742667372106e-08,ok,2687,2929,243,30.754189
den011d.map,384,38,14,188,53,115,152.91168823,152.9116882454314,138,1.5431396604981273e-08,ok,2994,3127,168,33.783698
den011d.map,385,38,58,112,157,182,154.94112549,154.94112549695433,145,6.954337550268974e-09,ok,1823,1985,163,20.277233
den011d.map,386,38,156,192,35,200,155.42640686,155.42640687119285,143,1.1192867077625124e-08,ok,2156,2311,162,26.957831
den011d.map,387,38,9,221,114,191,152.0121933,152.01219330881975,140,8.81973960531468e-09,ok,3774,3934,267,43.470423
den011d.map,388,38,97,113,52,230,152.08326111,152.08326112068534,138,1.06853406123264e-08,ok,1662,1860,199,20.021271
den011d.map,389,38,91,185,56,107,155.08326111,155.08326112068522,141,1.0685226925488678e-08,ok,4028,4209,198,49.898016
den011d.map,390,39,97,121,50,159,158.49747467,158.4974746830584,144,1.3058411241217982e-08,ok,5374,5669,308,58.683205
den011d.map,391,39,74,145,38,139,159.15432892,159.15432893255064,143,1.2550628980534384e-08,ok,1772,1993,222,18.499027
den011d.map,392,39,61,149,21,157,157.78174591,157.78174593052026,135,2.052024683507625e-08,ok,2442,2621,180,25.635014
den011d.map,393,39,9,183,107,149,156.08326111,156.08326112068517,142,1.0685170082069817e-08,ok,2957,3202,246,33.194292
den011d.map,394,39,61,180,19,41,158.74011536,158.74011537017765,143,1.0177643616771093e-08,ok,1520,1830,340,17.396532
den011d.map,395,39,61,201,18,60,158.81118317,158.81118318204324,141,1.2043244623782812e-08,ok,1474,1784,311,17.089814
den011d.map,396,39,102,53,34,164,159.66904755,159.66904755831217,146,8.312184718306526e-09,ok,2592,2780,198,30.278511
den011d.map,397,39,76,170,22,129,158.74011536,158.7401153701776,143,1.0177586773352232e-08,ok,3181,3351,198,35.92325
den011d.map,398,39,70,116,93,172,158.21320343,158.21320343559645,152,5.596461960521992e-09,ok,5170,5382,213,59.385196
den011d.map,399,39,102,99,56,196,156.84062042,156.840620433566,144,1.3565994549935567e-08,ok,2744,2978,235,33.007653
den011d.map,400,40,75,164,43,118,160.32590179,160.32590180780448,145,1.7804495655582286e-08,ok,2548,2752,235,28.270236
den011d.map,401,40,54,117,89,177,162.25483398,162.254833995939,149,1.593900833540829e-08,ok,5376,5615,240,59.662822
den011d.map,402,40,94,206,76,62,161.0121933,161.01219330881975,149,8.81973960531468e-09,ok,2501,2797,345,30.064452
den011d.map,403,40,37,186,77,107,160.0121933,160.01219330881975,148,8.81973960531468e-09,ok,2989,3180,192,38.054776
den011d.map,404,40,57,103,7,214,161.66904755,161.66904755831212,148,8.312127874887665e-09,ok,3047,3290,244,40.340145
den011d.map,405,40,104,28,47,140,162.25483398,162.25483399593907,149,1.593906517882715e-08,ok,2893,3006,216,42.246155
den011d.map,406,40,27,85,76,220,161.3969696,161.39696961967007,144,1.9670068240884575e-08,ok,1233,1501,295,15.407023
den011d.map,407,40,132,187,34,121,160.56854248,160.56854249492386,144,1.492387013968255e-08,ok,2078,2228,151,23.230282
den011d.map,408,40,24,80,41,188,163.76955261,163.7695526217005,153,1.170050722976157e-08,ok,3783,3906,233,42.117598
den011d.map,409,40,15,172,54,148,161.46803741,161.46803743153552,142,2.1535527139349142e-08,ok,5170,5383,310,56.986641
den011d.map,410,41,85,168,27,110,165.15432892,165.1543289325508,149,1.2550799510790966e-08,ok,2653,2894,257,29.331111
den011d.map,411,41,35,77,64,221,164.3969696,164.3969696196701,147,1.9670096662594005e-08,ok,2589,2759,285,36.391794
den011d.map,412,41,65,221,88,88,164.08326111,164.08326112068534,150,1.06853406123264e-08,ok,2871,3186,316,48.605843
den011d.map,413,41,148,178,39,113,165.11269836,165.11269837220806,156,1.2208062116769725e-08,ok,2141,2306,181,25.249303
den011d.map,414,41,100,25,108,174,164.74011536,164.74011537017753,149,1.0177529929933371e-08,ok,1539,1799,261,18.057921
den011d.map,415,41,88,58,152,172,166.52691193,166.52691193458114,157,4.5811248128302395e-09,ok,2869,3008,244,32.212174
den011d.map,416,41,38,189,122,129,165.35533905,165.3553390593274,155,9.327408179160557e-09,ok,4027,4282,256,44.838117
den011d.map,417,41,83,55,55,171,167.94112549,167.94112549695427,158,6.954280706850113e-09,ok,3225,3412,188,38.359993
den011d.map,418,41,72,182,22,107,165.36753235,165.3675323681473,143,1.814728989302239e-08,ok,2920,3117,253,32.314613
den011d.map,419,41,22,218,113,126,166.0121933,166.01219330881975,154,8.81973960531468e-09,ok,3847,4067,283,45.127266
den011d.map,420,42,107,56,48,177,171.74011536,171.74011537017762,156,1.0177615195061662e-08,ok,3133,3308,200,35.500649
den011d.map,421,42,72,216,38,61,169.08326111,169.08326112068517,155,1.0685170082069817e-08,ok,282,641,360,3.384122
den011d.map,422,42,70,173,65,113,168.59797974,168.5979797464467,157,6.446697398132528e-09,ok,3854,4061,208,42.652284
den011d.map,423,42,73,106,12,198,171.18376617,171.1837661840736,160,1.4073577858653152e-08,ok,4237,4461,225,61.654849
den011d.map,424,42,104,197,104,38,171.42640686,171.42640687119277,159,1.1192781812496833e-08,ok,1362,1576,215,16.058856
den011d.map,425,42,37,87,107,12,169.66904755,169.66904755831212,156,8.312127874887665e-09,ok,2710,3001,292,28.167986
den011d.map,426,42,36,73,89,209,169.08326111,169.08326112068528,155,1.0685283768907539e-08,ok,2528,2739,212,27.679007
den011d.map,427,42,100,163,102,8,168.25483398,168.254833995939,155,1.593900833540829e-08,ok,1583,1828,249,17.639706
den011d.map,428,42,77,177,107,90,168.74011536,168.74011537017782,153,1.0177814147027675e-08,ok,3243,3380,219,35.368575
den011d.map,429,42,148,204,51,243,169.98275604,169.98275605729702,153,1.7297026033702423e-08,ok,2340,2481,143,25.375979
den011d.map,430,43,107,111,21,7,174.18376617,174.18376618407353,163,1.4073521015234292e-08,ok,2387,2716,331,25.983251
den011d.map,431,43,52,186,107,64,174.3969696,174.39696961967013,157,1.9670125084303436e-08,ok,2399,2635,237,26.751679
den011d.map,432,43,29,217,20,79,173.42640686,173.42640687119288,161,1.1192895499334554e-08,ok,3517,3710,287,39.838838
den011d.map,433,43,5,161,134,171,172.63961029,172.63961030678928,154,1.6789272194728255e-08,ok,2678,2864,188,30.954694
den011d.map,434,43,68,151,35,120,175.88225098,175.88225099390854,156,1.3908532991990796e-08,ok,2269,2514,297,23.483998
den011d.map,435,43,105,54,88,209,174.56854248,174.56854249492386,158,1.492387013968255e-08,ok,2242,2456,215,26.15789
den011d.map,436,43,25,58,40,214,172.49747467,172.4974746830584,158,1.3058411241217982e-08,ok,2459,2603,277,29.289283
den011d.map,437,43,29,38,98,61,172.56854248,172.56854249492383,156,1.492384171797312e-08,ok,2465,2622,158,26.239405
den011d.map,438,43,81,211,80,61,173.08326111,173.08326112068528,159,1.0685283768907539e-08,ok,2542,2875,341,30.252809
den011d.map,439,43,83,72,27,24,172.66904755,172.6690475583121,159,8.312099453178234e-09,ok,3735,3936,202,38.293803
den011d.map,440,44,102,100,78,163,176.49747467,176.49747468305847,162,1.3058468084636843e-08,ok,6115,6358,244,66.668626
den011d.map,441,44,29,216,23,68,176.32590179,176.32590180780463,161,1.780463776412944e-08,ok,2613,2944,332,30.703495
den011d.map,442,44,31,210,84,96,176.25483398,176.25483399593907,163,1.593906517882715e-08,ok,5002,5257,256,57.007462
den011d.map,443,44,29,189,98,106,176.18376617,176.1837661840736,165,1.4073577858653152e-08,ok,4113,4417,305,48.005938
den011d.map,444,44,107,84,23,14,177.63961029,177.63961030678922,159,1.6789215351309394e-08,ok,3073,3349,277,35.785313
den011d.map,445,44,20,200,106,110,176.62741699,176.62741699796948,170,7.969475745994714e-09,ok,3621,3944,324,41.118416
den011d.map,446,44,84,110,72,143,179.42640686,179.42640687119294,167,1.1192952342753415e-08,ok,7107,7393,287,75.713564
den011d.map,447,44,38,179,127,67,179.91168823,179.91168824543152,165,1.5431510291818995e-08,ok,2981,3216,236,33.668426
den011d.map,448,44,15,186,79,114,177.74011536,177.7401153701776,162,1.0177586773352232e-08,ok,4335,4578,244,47.904223
den011d.map,449,44,4,175,134,196,178.3969696,178.3969696196701,161,1.9670096662594005e-08,ok,3417,3588,172,39.1789
den011d.map,450,45,156,204,56,104,180.08326111,180.08326112068534,166,1.06853406123264e-08,ok,2326,2452,136,27.660541
den011d.map,451,45,90,68,50,206,183.35533905,183.35533905932738,173,9.327379757451126e-09,ok,3308,3534,227,45.324988
den011d.map,452,45,6,192,99,124,180.11269836,180.11269837220806,171,1.2208062116769725e-08,ok,3991,4247,261,45.216962
den011d.map,453,45,74,172,85,73,181.49747467,181.49747468305847,167,1.3058468084636843e-08,ok,2163,2406,244,24.114383
den011d.map,454,45,19,18,106,139,183.98275604,183.9827560572969,167,1.72969123468647e-08,ok,2440,2560,140,26.623027
den011d.map,455,45,22,211,93,105,180.59797974,180.5979797464467,169,6.446697398132528e-09,ok,4644,4905,269,51.78215
den011d.map,456,45,65,238,102,93,183.3969696,183.39696961967016,166,1.9670153506012866e-08,ok,4491,4673,342,59.998934
den011d.map,457,45,33,111,149,188,180.6984848,180.698484809835,172,9.835019909587572e-09,ok,4052,4252,262,46.167875
den011d.map,458,45,104,41,145,174,182.32590179,182.32590180780443,167,1.7804438812163426e-08,ok,3071,3208,165,34.067536
den011d.map,459,45,56,180,119,56,183.0243866,183.0243866176398,159,1.7639791849433095e-08,ok,2231,2501,271,24.654713
den011d.map,460,46,23,27,3,173,186.52691193,186.52691193458116,177,4.58115323453967e-09,ok,2943,3074,176,33.557329
den011d.map,461,46,59,232,24,78,185.12489166,185.12489168102786,164,2.1027858565503266e-08,ok,2306,2552,364,26.666609
den011d.map,462,46,97,42,19,45,186.63961029,186.6396103067894,168,1.6789385881565977e-08,ok,3677,3874,198,37.525936
den011d.map,463,46,114,12,39,147,186.56854248,186.5685424949238,170,1.4923813296263688e-08,ok,3006,3140,229,33.884586
den011d.map,464,46,165,189,9,203,185.0121933,185.01219330881975,173,8.81973960531468e-09,ok,2023,2247,225,22.9371
den011d.map,465,46,101,200,26,69,186.32590179,186.32590180780454,171,1.7804552499001147e-08,ok,5053,5456,458,62.732903
den011d.map,466,46,28,114,156,183,186.0121933,186.01219330881983,174,8.819824870442972e-09,ok,3660,3891,232,40.211991
den011d.map,467,46,104,103,20,191,186.52691193,186.52691193458134,177,4.581323764796252e-09,ok,5662,6012,351,65.417209
den011d.map,468,46,70,216,103,64,186.3969696,186.39696961967022,169,1.9670210349431727e-08,ok,3767,4057,318,48.818559
den011d.map,469,46,7,211,99,112,187.62741699,187.62741699796953,181,7.969532589413575e-09,ok,4070,4283,214,47.315271
den011d.map,470,47,65,137,85,106,188.98275604,188.98275605729697,172,1.7296969190283562e-08,ok,2200,2378,179,24.046617
den011d.map,471,47,142,175,105,33,188.15432892,188.1543289325507,172,1.2550685823953245e-08,ok,2293,2592,320,24.945932
den011d.map,472,47,95,211,38,58,190.66904755,190.66904755831206,177,8.312071031468804e-09,ok,3655,4090,436,44.174804
den011d.map,473,47,35,84,150,169,188.66904755,188.66904755831214,175,8.312156296597095e-09,ok,3503,3744,242,40.266191
den011d.map,474,47,44,77,91,170,191.59797974,191.59797974644664,180,6.446640554713667e-09,ok,6019,6246,228,68.47601
den011d.map,475,47,47,124,147,197,189.28427124,189.2842712474619,181,7.461892437277129e-09,ok,5406,5622,314,58.997593
den011d.map,476,47,85,90,22,207,189.59797974,189.59797974644664,178,6.446640554713667e-09,ok,4535,4790,256,49.297085
den011d.map,477,47,128,177,36,59,191.25483398,191.25483399593912,178,1.593912202224601e-08,ok,3175,3404,230,36.624079
den011d.map,478,47,99,46,157,167,189.91168823,189.91168824543144,175,1.5431425026690704e-08,ok,3339,3464,167,36.430927
den011d.map,479,47,106,40,20,47,188.29646454,188.29646455628176,168,1.628177415113896e-08,ok,3634,3827,194,38.999677
den011d.map,480,48,22,108,61,155,194.16652222,194.16652224137073,166,2.137073806807166e-08,ok,7110,7407,298,77.782247
den011d.map,481,48,84,182,23,70,193.22539673,193.2253967444163,175,1.4416286830964964e-08,ok,3060,3395,336,36.124219
den011d.map,482,48,86,78,61,238,192.98275604,192.9827560572971,176,1.7297111298830714e-08,ok,2740,2957,220,45.712854
den011d.map,483,48,35,99,58,161,195.12489166,195.12489168102806,174,2.102805751746928e-08,ok,7873,8129,257,87.191684
den011d.map,484,48,59,196,118,64,195.36753235,195.36753236814738,173,1.814737515815068e-08,ok,5567,5981,415,64.28742
den011d.map,485,48,35,67,74,242,193.98275604,193.982756057297,177,1.7296997611992992e-08,ok,2251,2493,307,27.481554
den011d.map,486,48,62,160,47,98,193.12489166,193.12489168102786,172,2.1027858565503266e-08,ok,3193,3433,249,35.125666
den011d.map,487,48,20,55,27,191,192.05382385,192.05382386916253,173,1.916254177558585e-08,ok,4218,4380,201,46.317194
den011d.map,488,48,41,156,119,20,194.08326111,194.08326112068522,180,1.0685226925488678e-08,ok,3870,4080,320,43.356134
den011d.map,489,48,22,12,17,163,192.08326111,192.08326112068536,178,1.068536903403583e-08,ok,3143,3239,155,35.892213
den011d.map,490,49,105,3,119,182,199.22539673,199.22539674441626,181,1.4416258409255533e-08,ok,2644,2845,245,31.050739
den011d.map,491,49,150,174,11,125,197.84062042,197.84062043356607,185,1.3566079815063858e-08,ok,3270,3583,314,36.615009
den011d.map,492,49,91,184,126,57,197.29646454,197.296464556282,177,1.6282001524814405e-08,ok,3879,4100,222,43.195487
den011d.map,493,49,6,162,23,16,199.08326111,199.08326112068534,185,1.06853406123264e-08,ok,1797,2110,314,20.388321
den011d.map,494,49,44,115,53,144,196.95331879,196.95331880577427,175,1.5774276107549667e-08,ok,8780,9070,294,97.56701
den011d.map,495,49,138,173,99,20,197.98275604,197.98275605729688,181,1.729688392515527e-08,ok,2691,2944,263,31.82956
den011d.map,496,49,110,21,99,202,196.32590179,196.32590180780448,181,1.7804495655582286e-08,ok,1933,2207,275,23.063126
den011d.map,497,49,117,64,60,200,197.56854248,197.56854249492375,181,1.4923756452844827e-08,ok,3626,3787,202,40.315512
den011d.map,498,49,100,194,106,10,197.25483398,197.25483399593895,184,1.5938951491989428e-08,ok,1395,1669,275,16.510709
den011d.map,499,49,29,52,28,186,198.63961029,198.6396103067895,180,1.67894995684037e-08,ok,4436,4605,210,52.104767
den011d.map,500,50,91,73,59,159,201.63961029,201.63961030678954,183,1.678952799011313e-08,ok,7020,7299,280,115.40873
den011d.map,501,50,62,222,94,57,200.15432892,200.15432893255087,184,1.2550856354209827e-08,ok,3544,3896,353,77.401307
den011d.map,502,50,54,230,111,73,203.09545441,203.09545442950534,177,1.9505336013025953e-08,ok,4183,4467,285,56.672892
den011d.map,503,50,71,244,32,59,202.81118317,202.81118318204307,185,1.204307409352623e-08,ok,1274,1662,406,14.698791
den011d.map,504,50,52,117,49,161,202.53910522,202.53910524340114,181,2.340112814636086e-08,ok,8852,9136,285,94.422294
den011d.map,505,50,153,208,24,163,201.3969696,201.39696961967024,184,1.9670238771141157e-08,ok,3500,3738,239,40.20361
den011d.map,506,50,33,68,52,240,200.53910522,200.53910524340117,179,2.340115656807029e-08,ok,3891,4103,291,45.916513
den011d.map,507,50,20,66,75,181,203.78174591,203.7817459305204,181,2.0520388943623402e-08,ok,5802,6035,234,64.366003
den011d.map,508,50,139,178,100,20,200.63961029,200.63961030678928,182,1.6789272194728255e-08,ok,2745,2984,285,30.854778
den011d.map,509,50,45,152,124,9,201.29646454,201.29646455628176,181,1.628177415113896e-08,ok,3454,3750,334,40.387453
den011d.map,510,51,63,207,123,56,205.95331879,205.95331880577447,184,1.577447505951568e-08,ok,5285,5643,359,62.230031
den011d.map,511,51,150,203,126,67,206.46803741,206.46803743153578,187,2.1535782934734016e-08,ok,3110,3255,146,33.619181
den011d.map,512,51,126,68,154,201,205.7106781,205.71067811865476,185,1.8654759514902253e-08,ok,3661,3852,229,40.299609
den011d.map,513,51,28,66,120,7,204.78174591,204.7817459305203,182,2.052027525678568e-08,ok,3435,3727,299,38.250298
den011d.map,514,51,43,195,88,57,207.76955261,207.76955262170046,197,1.1700450386342709e-08,ok,4749,5073,325,54.615474
den011d.map,515,51,15,206,85,81,205.18376617,205.18376618407365,194,1.4073634702072013e-08,ok,5295,5553,259,65.207864
den011d.map,516,51,36,206,84,60,205.59797974,205.5979797464467,194,6.446697398132528e-09,ok,5622,5973,352,65.034934
den011d.map,517,51,38,148,140,207,204.15432892,204.1543289325507,188,1.2550685823953245e-08,ok,7445,7758,363,83.998465
den011d.map,518,51,10,191,84,91,205.98275604,205.98275605729697,189,1.7296969190283562e-08,ok,5184,5427,244,58.774744
den011d.map,519,51,49,154,19,109,204.82337646,204.82337649086304,175,3.086304900534742e-08,ok,2813,3012,254,31.597423
den011d.map,520,52,32,208,27,27,209.25483398,209.25483399593915,196,1.593915044395544e-08,ok,3043,3393,379,37.944846
den011d.map,521,52,32,192,26,31,208.98275604,208.982756057297,192,1.7296997611992992e-08,ok,2760,3108,425,32.415647
den011d.map,522,52,53,228,77,63,211.46803741,211.46803743153563,192,2.1535640826186864e-08,ok,5587,5925,400,77.469268
den011d.map,523,52,124,188,126,12,211.68124084,211.68124086713195,186,2.7131960678161704e-08,ok,3597,3824,278,42.686178
den011d.map,524,52,45,67,68,170,209.63961029,209.63961030678945,191,1.6789442724984838e-08,ok,7020,7270,251,89.147051
den011d.map,525,52,22,68,76,169,211.95331879,211.95331880577416,190,1.5774162420711946e-08,ok,6777,7025,249,77.724152
den011d.map,526,52,95,67,33,190,210.98275604,210.98275605729708,194,1.7297082877121284e-08,ok,6279,6458,271,73.130629
den011d.map,527,52,98,80,19,217,210.46803741,210.46803743153563,191,2.1535640826186864e-08,ok,4950,5237,288,57.336267
den011d.map,528,52,147,208,36,137,211.74011536,211.74011537017788,196,1.0177870990446536e-08,ok,5204,5498,295,64.687019
den011d.map,529,52,129,62,4,171,210.46803741,210.4680374315355,191,2.1535498717639712e-08,ok,3926,4091,177,45.379274
den011d.map,530,53,141,187,115,19,212.61017303,212.61017305526653,189,2.5266530201406567e-08,ok,3348,3558,293,42.516525
den011d.map,531,53,104,39,70,184,212.63961029,212.6396103067894,194,1.6789385881565977e-08,ok,5253,5517,265,65.747337
den011d.map,532,53,111,62,35,202,213.29646454,213.2964645562817,193,1.62817173077201e-08,ok,5304,5537,281,61.494098
den011d.map,533,53,50,175,103,12,213.74011536,213.74011537017765,198,1.0177643616771093e-08,ok,3592,3932,341,42.340753
den011d.map,534,53,40,84,70,147,212.98275604,212.98275605729705,196,1.7297054455411853e-08,ok,8099,8374,276,87.784269
den011d.map,535,53,82,170,22,62,214.46803741,214.4680374315356,195,2.1535612404477433e-08,ok,3194,3542,349,37.428535
den011d.map,536,53,30,39,26,221,212.81118317,212.81118318204324,195,1.2043244623782812e-08,ok,3699,3904,216,43.919542
den011d.map,537,53,19,35,101,187,213.74011536,213.7401153701776,198,1.0177586773352232e-08,ok,3666,3894,229,47.747424
den011d.map,538,53,73,154,30,82,212.63961029,212.63961030678928,194,1.6789272194728255e-08,ok,3401,3657,332,44.245031
den011d.map,539,53,68,235,111,60,212.36753235,212.3675323681475,190,1.8147488844988402e-08,ok,4424,4752,329,59.249565
den011d.map,540,54,39,180,117,17,218.15432892,218.15432893255087,202,1.2550856354209827e-08,ok,4386,4662,352,54.789149
den011d.map,541,54,88,187,27,39,217.56854248,217.56854249492386,201,1.492387013968255e-08,ok,3925,4260,442,46.281215
den011d.map,542,54,104,45,64,227,218.12489166,218.12489168102806,197,2.102805751746928e-08,ok,3505,3696,202,42.358044
den011d.map,543,54,106,34,7,167,218.81118317,218.81118318204318,201,1.2043187780363951e-08,ok,4527,4707,212,50.598855
den011d.map,544,54,14,184,108,89,218.78174591,218.7817459305204,196,2.0520388943623402e-08,ok,6279,6593,353,72.236663
den011d.map,545,54,22,17,34,203,217.25483398,217.25483399593912,204,1.593912202224601e-08,ok,3758,3901,257,46.096242
den011d.map,546,54,17,188,29,41,216.88225098,216.8822509939087,197,1.3908703522247379e-08,ok,3520,3804,406,40.427639
den011d.map,547,54,20,31,22,203,216.08326111,216.08326112068528,202,1.0685283768907539e-08,ok,4044,4222,241,49.970303
den011d.map,548,54,24,47,89,179,217.56854248,217.56854249492397,201,1.492398382652027e-08,ok,5691,5907,217,65.751724
den011d.map,549,54,151,181,111,20,216.29646454,216.29646455628182,196,1.6281830994557822e-08,ok,3094,3360,303,38.376041
den011d.map,550,55,73,180,24,48,221.95331879,221.95331880577416,200,1.5774162420711946e-08,ok,3384,3758,375,39.148821
den011d.map,551,55,53,146,45,88,222.36753235,222.36753236814718,200,1.8147176206184668e-08,ok,2917,3198,282,31.335224
den011d.map,552,55,27,175,110,12,220.81118317,220.81118318204324,203,1.2043244623782812e-08,ok,4108,4465,361,53.526293
den011d.map,553,55,51,182,102,11,222.56854248,222.56854249492392,206,1.492392698310141e-08,ok,3956,4272,317,46.662692
den011d.map,554,55,109,56,33,210,221.29646454,221.29646455628176,201,1.628177415113896e-08,ok,5009,5227,252,59.227422
den011d.map,555,55,25,75,153,196,221.46803741,221.46803743153555,202,2.1535555561058572e-08,ok,4653,4893,241,53.544149
den011d.map,556,55,95,177,101,29,221.98275604,221.98275605729714,205,1.7297139720540144e-08,ok,3865,4081,260,46.177124
den011d.map,557,55,150,179,97,11,222.29646454,222.29646455628182,202,1.6281830994557822e-08,ok,3120,3375,256,36.681228
den011d.map,558,55,21,126,143,208,220.32590179,220.32590180780454,205,1.7804552499001147e-08,ok,6838,7077,255,84.028821
den011d.map,559,55,153,194,21,74,223.88225098,223.88225099390877,204,1.390876036566624e-08,ok,3286,3452,167,37.282829
den011d.map,560,56,138,171,23,37,227.81118317,227.8111831820433,210,1.2043301467201672e-08,ok,3936,4207,272,44.387224
den011d.map,561,56,29,26,19,195,226.98275604,226.98275605729702,210,1.7297026033702423e-08,ok,4636,4782,239,54.140346
den011d.map,562,56,58,136,90,71,224.29646454,224.29646455628176,204,1.628177415113896e-08,ok,2200,2435,236,24.536016
den011d.map,563,56,74,190,21,40,224.88225098,224.88225099390868,205,1.3908675100537948e-08,ok,3513,3899,462,41.599703
den011d.map,564,56,100,45,41,215,224.3969696,224.39696961967013,207,1.9670125084303436e-08,ok,4535,4734,256,55.491433
den011d.map,565,56,25,16,27,202,224.42640686,224.42640687119297,212,1.1192980764462845e-08,ok,4039,4195,232,47.198067
den011d.map,566,56,91,67,14,216,226.66904755,226.66904755831223,213,8.312241561725386e-09,ok,5910,6213,304,74.155305
den011d.map,567,56,77,146,109,60,226.12489166,226.1248916810282,205,2.102819962601643e-08,ok,3355,3568,251,43.069547
den011d.map,568,56,64,157,45,65,225.7106781,225.71067811865476,205,1.8654759514902253e-08,ok,3096,3459,364,41.44485
den011d.map,569,56,104,16,51,190,224.74011536,224.74011537017773,209,1.0177728881899384e-08,ok,4063,4272,267,57.422019
den011d.map,570,57,26,26,125,182,228.29646454,228.29646455628182,208,1.6281830994557822e-08,ok,3522,3727,206,41.274985
den011d.map,571,57,56,184,122,20,231.29646454,231.29646455628185,211,1.6281859416267253e-08,ok,5000,5259,310,59.338861
den011d.map,572,57,107,40,75,232,228.12489166,228.12489168102798,207,2.1027972252340987e-08,ok,3937,4084,221,48.090546
den011d.map,573,57,67,184,97,27,230.53910522,230.5391052434013,209,2.3401298676617444e-08,ok,4102,4317,224,50.212079
den011d.map,574,57,112,20,15,160,231.36753235,231.36753236814735,209,1.814734673644125e-08,ok,4890,5019,202,56.633412
den011d.map,575,57,78,171,27,48,228.7106781,228.71067811865487,208,1.8654873201739974e-08,ok,3913,4233,380,47.583791
den011d.map,576,57,27,26,98,209,230.46803741,230.46803743153572,211,2.1535726091315155e-08,ok,3705,3893,263,44.948306
den011d.map,577,57,29,199,99,47,231.15432892,231.15432893255084,215,1.2550827932500397e-08,ok,5680,6067,388,66.608339
den011d.map,578,57,1,209,91,73,228.42640686,228.42640687119297,216,1.1192980764462845e-08,ok,4993,5214,222,65.042768
den011d.map,579,57,104,36,73,165,229.88225098,229.8822509939087,210,1.3908703522247379e-08,ok,6695,6901,235,94.085442
den011d.map,580,58,29,41,82,172,233.88225098,233.88225099390877,214,1.390876036566624e-08,ok,6513,6742,230,74.783462
den011d.map,581,58,77,63,10,207,234.84062042,234.840620433566,222,1.3565994549935567e-08,ok,5608,5876,276,66.459288
den011d.map,582,58,70,137,86,56,234.15432892,234.1543289325508,218,1.2550799510790966e-08,ok,2162,2436,275,23.664924
den011d.map,583,58,69,190,26,34,234.63961029,234.6396103067894,216,1.6789385881565977e-08,ok,3624,3958,385,53.720968
den011d.map,584,58,25,18,85,197,232.74011536,232.7401153701778,217,1.0177785725318245e-08,ok,4446,4549,279,52.534056
den011d.map,585,58,108,72,9,185,235.09545441,235.09545442950525,209,1.9505250747897662e-08,ok,7080,7308,245,77.371446
den011d.map,586,58,78,232,30,23,233.0243866,233.0243866176396,209,1.7639592897467082e-08,ok,2952,3236,463,35.596434
den011d.map,587,58,33,57,159,190,232.05382385,232.0538238691625,213,1.916251335387642e-08,ok,3998,4247,250,45.027604
den011d.map,588,58,132,179,25,27,232.63961029,232.63961030678945,214,1.6789442724984838e-08,ok,4085,4361,277,46.503348
den011d.map,589,58,69,153,106,47,233.36753235,233.36753236814747,211,1.814746042327897e-08,ok,3461,3708,248,39.569357
den011d.map,590,59,94,196,20,18,236.22539673,236.2253967444163,218,1.4416286830964964e-08,ok,3644,4077,454,43.821575
den011d.map,591,59,102,56,61,141,238.0243866,238.02438661763978,214,1.7639763427723665e-08,ok,8168,8442,275,90.406216
den011d.map,592,59,110,24,19,15,238.36753235,238.36753236814738,216,1.814737515815068e-08,ok,3993,4226,234,45.118927
den011d.map,593,59,107,22,158,204,237.95331879,237.95331880577413,216,1.5774133999002515e-08,ok,4554,4726,213,52.346971
den011d.map,594,59,33,67,51,155,238.0243866,238.0243866176398,214,1.7639791849433095e-08,ok,8723,8979,258,96.011721
den011d.map,595,59,10,190,84,59,238.3969696,238.3969696196701,221,1.9670096662594005e-08,ok,5942,6246,305,68.059856
den011d.map,596,59,9,217,92,60,237.15432892,237.1543289325508,221,1.2550799510790966e-08,ok,5312,5572,261,63.622212
den011d.map,597,59,37,64,76,139,239.74011536,239.74011537017773,224,1.0177728881899384e-08,ok,8431,8715,285,92.862363
den011d.map,598,59,106,29,57,225,239.36753235,239.36753236814735,217,1.814734673644125e-08,ok,3984,4166,222,48.379277
den011d.map,599,59,9,213,85,56,239.08326111,239.0832611206853,225,1.0685312190616969e-08,ok,5858,6167,310,68.278888
den011d.map,600,60,71,166,22,43,242.0243866,242.02438661763966,218,1.7639649740885943e-08,ok,3462,3845,395,40.745082
den011d.map,601,60,70,211,118,11,241.78174591,241.78174593052057,219,2.0520559473879985e-08,ok,4882,5318,437,64.793914
den011d.map,602,60,27,16,51,217,242.53910522,242.53910524340128,221,2.3401270254908013e-08,ok,4791,4916,311,55.723148
den011d.map,603,60,62,136,38,71,241.12489166,241.1248916810279,220,2.1027886987212696e-08,ok,2559,2883,325,27.496145
den011d.map,604,60,154,172,20,38,243.63961029,243.6396103067895,225,1.67894995684037e-08,ok,4119,4382,264,45.425657
den011d.map,605,60,68,135,43,70,240.22539673,240.2253967444162,222,1.4416201565836673e-08,ok,2691,3003,313,28.768552
den011d.map,606,60,20,21,69,241,242.78174591,242.78174593052051,220,2.0520502630461124e-08,ok,2838,3123,357,33.216146
den011d.map,607,60,77,218,105,10,243.63961029,243.63961030678954,225,1.678952799011313e-08,ok,4168,4587,420,49.763062
den011d.map,608,60,97,211,20,16,241.53910522,241.53910524340105,220,2.340104288123257e-08,ok,5813,6288,476,74.221509
den011d.map,609,60,67,144,124,63,241.09545441,241.09545442950537,215,1.9505364434735384e-08,ok,3982,4172,217,43.671683
den011d.map,610,61,67,157,28,50,246.26702728,246.26702730475893,221,2.4758918470979552e-08,ok,4346,4677,406,49.684608
den011d.map,611,61,83,183,29,16,247.46803741,247.46803743153558,228,2.1535583982768003e-08,ok,4906,5400,495,56.597013
den011d.map,612,61,108,25,69,164,245.19595947,245.1959594928935,222,2.2893516415933846e-08,ok,6792,7016,225,75.738388
den011d.map,613,61,125,11,21,30,245.26702728,245.267027304759,220,2.4759003736107843e-08,ok,3838,4041,204,43.946056
den011d.map,614,61,110,45,53,154,246.75230865,246.75230867899768,219,2.8997675372011145e-08,ok,8158,8418,261,92.095066
den011d.map,615,61,59,140,121,58,247.48023071,247.48023074035564,216,3.035563622688642e-08,ok,3634,3864,231,42.00793
den011d.map,616,61,121,8,69,211,247.0243866,247.0243866176396,223,1.7639592897467082e-08,ok,4048,4193,254,49.577013
den011d.map,617,61,121,71,24,227,245.61017303,245.6101730552666,222,2.526661546653486e-08,ok,5621,5897,286,71.591935
den011d.map,618,61,25,78,54,139,244.50966797,244.50966799187836,218,2.1878349798498675e-08,ok,9451,9742,295,105.165166
den011d.map,619,61,15,173,119,4,244.53910522,244.5391052434013,223,2.3401298676617444e-08,ok,4601,4909,340,62.253578
den011d.map,620,62,146,206,121,19,250.46803741,250.4680374315358,231,2.1535811356443446e-08,ok,4135,4319,259,76.029401
den011d.map,621,62,108,43,64,142,251.26702728,251.26702730475904,226,2.4759032157817273e-08,ok,8026,8292,267,96.005506
den011d.map,622,62,102,57,6,189,248.95331879,248.95331880577424,227,1.5774247685840237e-08,ok,7185,7399,215,80.692519
den011d.map,623,62,111,13,151,210,251.7106781,251.71067811865476,231,1.8654759514902253e-08,ok,4704,4846,267,55.884307
den011d.map,624,62,103,23,77,159,248.46803741,248.4680374315356,229,2.1535612404477433e-08,ok,6969,7188,220,84.23705
den011d.map,625,62,28,17,140,174,249.81118317,249.81118318204318,232,1.2043187780363951e-08,ok,3850,4023,174,73.960941
den011d.map,626,62,29,42,150,190,248.29646454,248.29646455628182,228,1.6281830994557822e-08,ok,4684,4880,229,77.646404
den011d.map,627,62,23,65,54,145,251.75230865,251.7523086789977,224,2.8997703793720575e-08,ok,9356,9626,305,115.716434
den011d.map,628,62,116,15,68,173,251.09545441,251.0954544295052,225,1.95051939044788e-08,ok,6356,6583,277,79.043344
den011d.map,629,62,148,197,20,50,248.05382385,248.05382386916264,229,1.9162655462423572e-08,ok,4111,4331,237,45.031589
den011d.map,630,63,153,187,24,33,254.29646454,254.29646455628185,234,1.6281859416267253e-08,ok,4412,4682,271,49.396347
den011d.map,631,63,97,28,39,187,255.95331879,255.95331880577424,234,1.5774247685840237e-08,ok,7214,7421,251,81.901358
den011d.map,632,63,30,11,107,209,255.7106781,255.71067811865504,235,1.8655043731996557e-08,ok,4051,4249,263,47.053044
den011d.map,633,63,29,17,120,14,252.0243866,252.02438661763978,228,1.7639763427723665e-08,ok,3794,4023,267,42.631301
den011d.map,634,63,127,57,27,228,253.50966797,253.50966799187825,227,2.1878236111660954e-08,ok,5717,5977,282,66.686292
den011d.map,635,63,25,45,72,149,255.36753235,255.36753236814747,233,1.814746042327897e-08,ok,8144,8397,254,87.86337
den011d.map,636,63,26,11,4,206,252.0121933,252.01219330881986,240,8.819853292152402e-09,ok,4337,4521,195,49.563474
den011d.map,637,63,97,25,33,201,252.7106781,252.71067811865493,232,1.8654930045158835e-08,ok,6049,6291,263,71.039987
den011d.map,638,63,13,212,131,62,255.19595947,255.19595949289365,232,2.2893658524480998e-08,ok,8010,8347,371,101.451314
den011d.map,639,63,64,208,126,7,255.61017303,255.61017305526687,232,2.5266871261919732e-08,ok,6940,7417,485,87.218568
den011d.map,640,64,22,209,110,29,259.29646454,259.29646455628193,239,1.6281944681395544e-08,ok,7218,7659,450,98.228275
den011d.map,641,64,76,158,98,16,258.12489166,258.1248916810282,237,2.102819962601643e-08,ok,4112,4347,236,46.84047
den011d.map,642,64,66,224,121,9,257.33809509,257.33809511662474,230,2.6624718429957284e-08,ok,4959,5394,436,60.842958
den011d.map,643,64,8,189,125,62,257.92388153,257.9238815542515,231,2.425150569251855e-08,ok,7493,7872,411,89.824591
den011d.map,644,64,64,222,127,18,259.61017303,259.6101730552668,236,2.526678599679144e-08,ok,7262,7599,369,85.550859
den011d.map,645,64,27,46,68,149,256.85281372,256.8528137423861,232,2.2386132059182273e-08,ok,8230,8495,266,91.487565
den011d.map,646,64,112,15,72,160,259.61017303,259.6101730552666,236,2.526661546653486e-08,ok,6927,7124,250,78.95834
den011d.map,647,64,153,192,27,36,256.7106781,256.7106781186549,236,1.8654930045158835e-08,ok,4610,4810,222,51.450072
den011d.map,648,64,71,168,19,26,258.26702728,258.267027304759,233,2.4759003736107843e-08,ok,3588,4007,420,40.267378
den011d.map,649,64,19,37,156,191,257.61017303,257.6101730552666,234,2.526661546653486e-08,ok,4557,4774,218,51.205061
den011d.map,650,65,20,216,108,29,263.36753235,263.3675323681474,241,1.814743200156954e-08,ok,7066,7525,460,84.181816
den011d.map,651,65,153,193,25,30,262.88225098,262.88225099390877,243,1.390878878737567e-08,ok,4465,4718,254,48.035063
den011d.map,652,65,7,190,127,62,260.50966797,260.5096679918784,234,2.1878406641917536e-08,ok,7626,7993,402,85.46216
den011d.map,653,65,150,188,29,27,261.29646454,261.2964645562819,241,1.6281887837976683e-08,ok,4962,5166,276,53.813983
den011d.map,654,65,3,216,127,68,260.36753235,260.36753236814747,238,1.8147488844988402e-08,ok,8022,8302,364,92.130293
den011d.map,655,65,102,22,40,184,262.46803741,262.46803743153566,243,2.1535640826186864e-08,ok,7709,7955,258,93.712359
den011d.map,656,65,53,135,19,65,260.30865784,260.3086578651017,228,2.5101655865000794e-08,ok,3092,3447,356,34.205201
den011d.map,657,65,21,10,144,174,261.22539673,261.2253967444163,243,1.4416286830964964e-08,ok,3871,4054,184,43.416586
den011d.map,658,65,70,136,102,35,262.53910522,262.5391052434012,241,2.3401184989779722e-08,ok,3820,4038,261,42.423964
den011d.map,659,65,19,58,56,139,262.65180359,262.6518036156095,232,2.5609494969103253e-08,ok,9226,9522,322,99.180401
den011d.map,660,66,98,35,66,138,266.19595947,266.19595949289356,243,2.2893573259352706e-08,ok,8111,8385,275,87.74353
den011d.map,661,66,113,15,65,155,267.92388153,267.9238815542514,241,2.4251392005680827e-08,ok,7271,7516,249,79.660134
den011d.map,662,66,66,175,30,14,266.68124084,266.6812408671321,241,2.7132102786708856e-08,ok,5260,5740,481,63.702276
den011d.map,663,66,20,45,157,206,264.61017303,264.6101730552666,241,2.526661546653486e-08,ok,5471,5724,254,68.004846
den011d.map,664,66,27,33,147,199,264.22539673,264.2253967444163,246,1.4416286830964964e-08,ok,5610,5817,232,68.680413
den011d.map,665,66,104,11,36,191,267.29646454,267.2964645562819,247,1.6281887837976683e-08,ok,6848,7005,273,76.136931
den011d.map,666,66,50,154,21,46,264.82337646,264.82337649086304,235,3.086302058363799e-08,ok,3431,3817,406,40.51818
den011d.map,667,66,109,26,16,202,267.46803741,267.4680374315356,248,2.1535583982768003e-08,ok,6623,6858,257,80.405193
den011d.map,668,66,14,192,104,33,264.53910522,264.53910524340114,243,2.340112814636086e-08,ok,6681,7192,512,75.71937
den011d.map,669,66,29,22,156,181,264.12489166,264.12489168102803,243,2.1028029095759848e-08,ok,4030,4250,221,46.101673
den011d.map,670,67,3,183,104,43,269.26702728,269.26702730475904,244,2.4759060579526704e-08,ok,6481,6979,505,73.291469
den011d.map,671,67,108,18,20,202,271.05382385,271.0538238691625,252,1.916248493216699e-08,ok,6533,6758,264,85.717652
den011d.map,672,67,10,184,105,35,270.26702728,270.26702730475904,245,2.4759060579526704e-08,ok,6628,7107,480,76.063879
den011d.map,673,67,104,13,61,152,270.85281372,270.852813742386,246,2.238601837234455e-08,ok,7522,7798,277,80.616249
den011d.map,674,67,75,245,97,15,268.61017303,268.6101730552668,245,2.526678599679144e-08,ok,5784,6089,322,70.815006
den011d.map,675,67,12,218,100,37,270.29646454,270.2964645562819,250,1.6281887837976683e-08,ok,9041,9379,531,113.815763
den011d.map,676,67,102,12,52,239,271.85281372,271.85281374238593,247,2.238596152892569e-08,ok,4488,4690,244,56.383309
den011d.map,677,67,75,176,19,7,268.19595947,268.1959594928935,245,2.2893516415933846e-08,ok,3656,4114,459,41.412231
den011d.map,678,67,150,181,21,11,270.29646454,270.2964645562819,250,1.6281887837976683e-08,ok,4693,5002,310,50.178381
den011d.map,679,67,100,7,44,189,271.63961029,271.6396103067894,253,1.6789385881565977e-08,ok,7253,7480,228,79.884026
den011d.map,680,68,73,155,105,4,272.29646454,272.29646455628193,252,1.6281944681395544e-08,ok,3422,3742,321,38.364211
den011d.map,681,68,105,13,69,147,272.95331879,272.95331880577424,251,1.5774219264130807e-08,ok,7563,7810,248,78.989736
den011d.map,682,68,69,233,121,2,272.09545441,272.0954544295055,246,1.9505478121573105e-08,ok,5194,5649,456,58.761066
den011d.map,683,68,2,186,133,61,275.33809509,275.33809511662463,248,2.6624604743119562e-08,ok,8075,8401,360,91.581139
den011d.map,684,68,55,137,27,47,273.82337646,273.82337649086304,244,3.086302058363799e-08,ok,3887,4208,365,41.74594
den011d.map,685,68,104,5,29,203,272.98275604,272.982756057297,256,1.7296997611992992e-08,ok,6134,6355,256,68.109249
den011d.map,686,68,34,188,112,13,272.43860016,272.4386001800129,248,2.0012862478324678e-08,ok,7234,7752,519,83.078152
den011d.map,687,68,154,198,23,24,275.12489166,275.1248916810281,254,2.102808593917871e-08,ok,4515,4780,266,52.723457
den011d.map,688,68,99,19,24,221,273.61017303,273.61017305526667,250,2.526667230995372e-08,ok,6009,6288,280,67.671173
den011d.map,689,68,101,24,16,187,274.85281372,274.85281374238605,250,2.2386075215763412e-08,ok,7407,7596,225,99.20755
den011d.map,690,69,104,6,23,205,277.15432892,277.1543289325508,261,1.2550799510790966e-08,ok,6184,6393,286,71.816078
den011d.map,691,69,74,147,115,12,276.0243866,276.02438661763995,252,1.7639933957980247e-08,ok,4078,4399,346,45.573101
den011d.map,692,69,69,145,26,29,277.0243866,277.02438661763966,253,1.7639649740885943e-08,ok,3629,3973,397,41.723577
den011d.map,693,69,53,137,24,46,276.4091629,276.40916292849,247,2.8489978376455838e-08,ok,3348,3722,375,35.360422
den011d.map,694,69,32,206,126,10,277.19595947,277.1959594928937,254,2.2893686946190428e-08,ok,8825,9300,543,106.72953
den011d.map,695,69,126,16,41,221,277.19595947,277.1959594928935,254,2.2893516415933846e-08,ok,5238,5428,269,76.568366
den011d.map,696,69,30,23,77,151,276.19595947,276.1959594928936,253,2.2893630102771567e-08,ok,8022,8275,254,89.006254
den011d.map,697,69,22,21,57,161,279.50966797,279.5096679918785,253,2.1878463485336397e-08,ok,8382,8624,243,94.921255
den011d.map,698,69,151,210,27,33,276.88225098,276.8822509939089,257,1.3908902474213392e-08,ok,4665,4872,208,53.031399
den011d.map,699,69,98,18,19,219,277.43860016,277.4386001800129,253,2.0012862478324678e-08,ok,6089,6355,267,70.024238
den011d.map,700,70,10,207,99,18,281.05382385,281.0538238691626,262,1.916259861900471e-08,ok,8249,8724,519,112.444092
den011d.map,701,70,162,206,28,31,281.61017303,281.6101730552667,258,2.526672915337258e-08,ok,4828,5022,211,65.082271
den011d.map,702,70,154,191,30,13,280.36753235,280.36753236814735,258,1.814737515815068e-08,ok,5276,5488,311,65.119536
den011d.map,703,70,31,208,119,1,282.43860016,282.43860018001294,258,2.001291932174354e-08,ok,8148,8686,558,102.360987
den011d.map,704,70,121,1,31,208,282.43860016,282.43860018001277,258,2.0012748791486956e-08,ok,5762,5976,330,67.67905
den011d.map,705,70,30,201,127,12,280.61017303,280.6101730552667,257,2.526672915337258e-08,ok,9300,9743,532,141.460342
den011d.map,706,70,98,13,25,222,280.61017303,280.61017305526667,257,2.526667230995372e-08,ok,6118,6396,279,132.182146
den011d.map,707,70,99,26,3,201,280.88225098,280.8822509939087,261,1.3908731943956809e-08,ok,6901,7124,227,99.291691
den011d.map,708,70,74,142,122,19,283.36753235,283.36753236814747,261,1.8147488844988402e-08,ok,5106,5309,294,61.759478
den011d.map,709,70,102,29,3,189,281.61017303,281.6101730552667,258,2.526672915337258e-08,ok,7618,7829,270,92.819632
den011d.map,710,71,122,13,20,212,286.43860016,286.4386001800128,262,2.0012805634905817e-08,ok,6243,6473,277,72.558189
den011d.map,711,71,52,157,122,15,284.4091629,284.40916292849016,255,2.849014890671242e-08,ok,4858,5083,307,57.391373
den011d.map,712,71,21,189,120,13,287.16652222,287.16652224137084,259,2.137085175490938e-08,ok,8338,8794,516,109.502414
den011d.map,713,71,23,25,72,139,286.19595947,286.1959594928936,263,2.2893630102771567e-08,ok,8523,8806,284,110.456707
den011d.map,714,71,24,37,53,136,285.82337646,285.8233764908633,256,3.0863304800732294e-08,ok,9399,9704,324,108.567493
den011d.map,715,71,10,186,103,18,286.43860016,286.4386001800128,262,2.0012805634905817e-08,ok,7239,7799,561,95.817448
den011d.map,716,71,125,17,19,209,287.53910522,287.5391052434011,266,2.3401071302942e-08,ok,6235,6449,249,73.018947
den011d.map,717,71,105,16,10,195,284.7106781,284.710678118655,264,1.8654986888577696e-08,ok,7294,7472,233,84.01744
den011d.map,718,71,26,17,75,147,284.53910522,284.53910524340125,263,2.3401241833198583e-08,ok,8115,8377,263,89.022735
den011d.map,719,71,9,211,108,14,287.29646454,287.29646455628193,267,1.6281944681395544e-08,ok,7319,7799,495,89.181779
den011d.map,720,72,54,139,116,17,291.82337646,291.8233764908632,262,3.086319111389457e-08,ok,4451,4705,313,49.64252
den011d.map,721,72,79,139,28,23,288.19595947,288.19595949289356,265,2.2893573259352706e-08,ok,4524,4999,476,51.493549
den011d.map,722,72,65,145,20,19,290.33809509,290.33809511662446,263,2.662443421286298e-08,ok,3562,3991,430,42.425309
den011d.map,723,72,158,205,29,18,290.61017303,290.6101730552668,267,2.526678599679144e-08,ok,5142,5357,216,55.945766
den011d.map,724,72,13,219,97,16,289.36753235,289.36753236814747,267,1.8147488844988402e-08,ok,8599,9075,477,100.594355
den011d.map,725,72,26,21,140,205,288.22539673,288.2253967444163,270,1.4416286830964964e-08,ok,7354,7504,238,110.6982
den011d.map,726,72,22,213,120,5,289.09545441,289.09545442950537,263,1.9505364434735384e-08,ok,7824,8301,486,104.365287
den011d.map,727,72,64,154,19,13,288.16652222,288.16652224137067,260,2.13706812246528e-08,ok,3539,3982,444,40.594028
den011d.map,728,72,109,16,11,188,288.26702728,288.2670273047591,263,2.4759117422945565e-08,ok,7501,7691,300,90.652075
den011d.map,729,72,23,201,121,1,290.85281372,290.8528137423861,266,2.2386132059182273e-08,ok,7830,8338,509,89.748735
den011d.map,730,73,15,188,123,16,295.33809509,295.33809511662463,268,2.6624604743119562e-08,ok,9338,9742,505,111.407245
den011d.map,731,73,123,12,16,195,293.09545441,293.0954544295052,267,1.95051939044788e-08,ok,7197,7377,287,86.652013
den011d.map,732,73,162,205,19,21,292.43860016,292.438600180013,268,2.00129761651624e-08,ok,4713,4991,279,55.859981
den011d.map,733,73,97,15,9,220,293.0243866,293.0243866176398,269,1.7639763427723665e-08,ok,6836,7112,277,90.087603
den011d.map,734,73,119,5,67,141,294.99494934,294.9949493661169,266,2.6116879325854825e-08,ok,7925,8196,272,109.172748
den011d.map,735,73,106,5,12,213,293.88225098,293.88225099390877,274,1.390878878737567e-08,ok,6494,6733,259,74.932038
den011d.map,736,73,105,2,28,228,294.29646454,294.2964645562819,274,1.6281887837976683e-08,ok,6345,6598,254,86.553055
den011d.map,737,73,99,7,13,217,295.53910522,295.53910524340114,274,2.340112814636086e-08,ok,6842,7113,272,82.80576
den011d.map,738,73,105,8,6,210,294.63961029,294.63961030678945,276,1.6789442724984838e-08,ok,6586,6818,247,84.513641
den011d.map,739,73,3,210,99,13,294.29646454,294.296464556282,274,1.6282001524814405e-08,ok,8312,8799,510,118.494601
den011d.map,740,74,108,12,7,184,297.50966797,297.5096679918784,271,2.1878406641917536e-08,ok,7722,7943,238,89.238955
den011d.map,741,74,2,203,100,7,299.63961029,299.63961030678956,281,1.678955641182256e-08,ok,8126,8627,527,96.809478
den011d.map,742,74,66,139,122,4,298.23759003,298.2375900532364,268,2.323639591850224e-08,ok,4224,4561,342,49.749452
den011d.map,743,74,10,213,104,3,296.46803741,296.46803743153566,277,2.1535640826186864e-08,ok,6945,7482,538,81.515237
den011d.map,744,74,6,211,123,19,298.53910522,298.53910524340125,277,2.3401241833198583e-08,ok,9715,10081,486,137.386481
den011d.map,745,74,106,4,9,192,299.36753235,299.3675323681474,277,1.814743200156954e-08,ok,7405,7582,254,85.113627
den011d.map,746,74,59,141,126,9,299.30865784,299.30865786510185,267,2.5101826395257376e-08,ok,4768,5031,304,58.282014
den011d.map,747,74,103,5,11,217,297.29646454,297.2964645562819,277,1.6281887837976683e-08,ok,6739,7001,264,112.488425
den011d.map,748,74,24,8,157,203,296.95331879,296.95331880577424,275,1.5774219264130807e-08,ok,5448,5695,248,72.026437
den011d.map,749,74,51,155,25,11,296.75230865,296.75230867899757,269,2.8997590106882853e-08,ok,3437,3873,437,36.562324
